imgid,image_path,image_filename,timestamp,x_enu_m,y_enu_m,z_enu_m,lat,lon,alt,quality_status,quality_error,image_width,image_height,brightness_mean,contrast_std,blur_score_laplacian_var,orb_keypoints,is_low_blur_score,is_low_feature_count,is_low_contrast,weak_frame_candidate
1,data/raw/zurich_mav_sample/MAV_Images/00001.jpg,00001.jpg,7009129,0.0,0.0,0.0,47.3843571,8.5451784,464.91,ok,,1920,1080,115.9671305941358,62.250254379992384,447.5584996294167,1000,True,False,False,True
2,data/raw/zurich_mav_sample/MAV_Images/00002.jpg,00002.jpg,7042462,0.0,0.0,0.0,47.3843571,8.5451784,464.91,ok,,1920,1080,115.43197193287037,62.136284177750696,436.2555922926632,1000,True,False,False,True
3,data/raw/zurich_mav_sample/MAV_Images/00003.jpg,00003.jpg,7075795,0.0,0.0,0.0,47.3843571,8.5451784,464.91,ok,,1920,1080,114.8741473765432,62.2701778728861,479.4219986700526,1000,True,False,False,True
4,data/raw/zurich_mav_sample/MAV_Images/00004.jpg,00004.jpg,7109128,0.0,0.0,0.0,47.3843571,8.5451784,464.91,ok,,1920,1080,114.54390528549382,62.47362234569539,554.7622789528646,1000,True,False,False,True
5,data/raw/zurich_mav_sample/MAV_Images/00005.jpg,00005.jpg,7142461,0.0,0.0,0.0,47.3843571,8.5451784,464.91,ok,,1920,1080,114.6809341242284,62.161952450675415,472.0240579458064,1000,True,False,False,True
6,data/raw/zurich_mav_sample/MAV_Images/00006.jpg,00006.jpg,7175794,0.0,0.0,0.0,47.3843571,8.5451784,464.91,ok,,1920,1080,114.64290027006173,62.3433546008292,442.1638261661808,1000,True,False,False,True
7,data/raw/zurich_mav_sample/MAV_Images/00007.jpg,00007.jpg,7206967,0.0137972316588275,-0.2223553406074643,0.2539999999999622,47.3843551,8.5451786,465.164,ok,,1920,1080,114.33556712962962,62.55097739583079,549.3321049490327,1000,True,False,False,True
8,data/raw/zurich_mav_sample/MAV_Images/00008.jpg,00008.jpg,7240300,0.0137972316588275,-0.2223553406074643,0.2539999999999622,47.3843551,8.5451786,465.164,ok,,1920,1080,114.58073929398148,62.00639588047481,387.7867121082699,1000,True,False,False,True
9,data/raw/zurich_mav_sample/MAV_Images/00009.jpg,00009.jpg,7273633,0.0137972316588275,-0.2223553406074643,0.2539999999999622,47.3843551,8.5451786,465.164,ok,,1920,1080,114.5957846257716,62.40407558308625,415.6847419701847,1000,True,False,False,True
10,data/raw/zurich_mav_sample/MAV_Images/00010.jpg,00010.jpg,7306966,0.0137972316588275,-0.2223553406074643,0.2539999999999622,47.3843551,8.5451786,465.164,ok,,1920,1080,114.74646749614197,62.745754233239055,482.5686104113862,1000,True,False,False,True
11,data/raw/zurich_mav_sample/MAV_Images/00011.jpg,00011.jpg,7340299,0.0137972316588275,-0.2223553406074643,0.2539999999999622,47.3843551,8.5451786,465.164,ok,,1920,1080,114.9811680169753,62.78211072578811,488.56251682990353,1000,True,False,False,True
12,data/raw/zurich_mav_sample/MAV_Images/00012.jpg,00012.jpg,7373632,0.0137972316588275,-0.2223553406074643,0.2539999999999622,47.3843551,8.5451786,465.164,ok,,1920,1080,115.04112895447531,62.79953833050104,478.27814419692686,1000,True,False,False,True
13,data/raw/zurich_mav_sample/MAV_Images/00013.jpg,00013.jpg,7402809,0.0577858510077931,-0.4448870597407222,0.5679999999999836,47.3843531,8.5451792,465.478,ok,,1920,1080,115.1111824845679,62.92612360364129,513.3684067451096,1000,True,False,False,True
14,data/raw/zurich_mav_sample/MAV_Images/00014.jpg,00014.jpg,7436142,0.0577858510077931,-0.4448870597407222,0.5679999999999836,47.3843531,8.5451792,465.478,ok,,1920,1080,115.1996127507716,63.11160399773694,597.9690449757176,1000,True,False,False,True
15,data/raw/zurich_mav_sample/MAV_Images/00015.jpg,00015.jpg,7469475,0.0577858510077931,-0.4448870597407222,0.5679999999999836,47.3843531,8.5451792,465.478,ok,,1920,1080,115.34826581790124,63.14829918143517,618.6141203209396,1000,True,False,False,True
16,data/raw/zurich_mav_sample/MAV_Images/00016.jpg,00016.jpg,7502808,0.0577858510077931,-0.4448870597407222,0.5679999999999836,47.3843531,8.5451792,465.478,ok,,1920,1080,115.14719569830247,63.10351059473106,621.8044005591605,1000,True,False,False,True
17,data/raw/zurich_mav_sample/MAV_Images/00017.jpg,00017.jpg,7536141,0.0577858510077931,-0.4448870597407222,0.5679999999999836,47.3843531,8.5451792,465.478,ok,,1920,1080,114.5697299382716,62.909668115512396,555.2471535069166,1000,True,False,False,True
18,data/raw/zurich_mav_sample/MAV_Images/00018.jpg,00018.jpg,7569474,0.0577858510077931,-0.4448870597407222,0.5679999999999836,47.3843531,8.5451792,465.478,ok,,1920,1080,114.1190379050926,62.76550519958717,563.0857890498015,1000,True,False,False,True
19,data/raw/zurich_mav_sample/MAV_Images/00019.jpg,00019.jpg,7599573,0.1168052448192611,-0.6786203216761351,0.940999999999974,47.384351,8.54518,465.851,ok,,1920,1080,113.49831018518519,62.73698078290103,578.477566319143,1000,True,False,False,True
20,data/raw/zurich_mav_sample/MAV_Images/00020.jpg,00020.jpg,7632906,0.1168052448192611,-0.6786203216761351,0.940999999999974,47.384351,8.54518,465.851,ok,,1920,1080,113.23895881558641,62.51692946529412,552.1072901520339,1000,True,False,False,True
21,data/raw/zurich_mav_sample/MAV_Images/00021.jpg,00021.jpg,7666239,0.1168052448192611,-0.6786203216761351,0.940999999999974,47.384351,8.54518,465.851,ok,,1920,1080,113.20842496141975,62.44096772652522,490.44949527813753,1000,True,False,False,True
22,data/raw/zurich_mav_sample/MAV_Images/00022.jpg,00022.jpg,7699572,0.1168052448192611,-0.6786203216761351,0.940999999999974,47.384351,8.54518,465.851,ok,,1920,1080,112.76250434027777,62.56744040937178,611.3312518384873,1000,True,False,False,True
23,data/raw/zurich_mav_sample/MAV_Images/00023.jpg,00023.jpg,7732905,0.1168052448192611,-0.6786203216761351,0.940999999999974,47.384351,8.54518,465.851,ok,,1920,1080,113.15715856481482,62.55579613036194,613.2758975123445,1000,True,False,False,True
24,data/raw/zurich_mav_sample/MAV_Images/00024.jpg,00024.jpg,7766238,0.1168052448192611,-0.6786203216761351,0.940999999999974,47.384351,8.54518,465.851,ok,,1920,1080,113.21647280092593,62.588942455129065,545.1189153888445,1000,True,False,False,True
25,data/raw/zurich_mav_sample/MAV_Images/00025.jpg,00025.jpg,7798438,0.1311867880285717,-0.8009554445743561,1.336999999999989,47.3843499,8.5451802,466.247,ok,,1920,1080,113.44109760802469,62.57915138379254,541.8041328732133,1000,True,False,False,True
26,data/raw/zurich_mav_sample/MAV_Images/00026.jpg,00026.jpg,7831771,0.1311867880285717,-0.8009554445743561,1.336999999999989,47.3843499,8.5451802,466.247,ok,,1920,1080,113.68870852623456,62.34529736090442,473.33747259836474,1000,True,False,False,True
27,data/raw/zurich_mav_sample/MAV_Images/00027.jpg,00027.jpg,7865104,0.1311867880285717,-0.8009554445743561,1.336999999999989,47.3843499,8.5451802,466.247,ok,,1920,1080,113.7599932484568,62.45094900014309,496.53319411430033,1000,True,False,False,True
28,data/raw/zurich_mav_sample/MAV_Images/00028.jpg,00028.jpg,7898437,0.1311867880285717,-0.8009554445743561,1.336999999999989,47.3843499,8.5451802,466.247,ok,,1920,1080,113.71675009645061,62.594278171633114,590.3484275492912,1000,True,False,False,True
29,data/raw/zurich_mav_sample/MAV_Images/00029.jpg,00029.jpg,7931770,0.1311867880285717,-0.8009554445743561,1.336999999999989,47.3843499,8.5451802,466.247,ok,,1920,1080,113.6924821566358,62.79989198598326,625.1192998349164,1000,True,False,False,True
30,data/raw/zurich_mav_sample/MAV_Images/00030.jpg,00030.jpg,7965103,0.1311867880285717,-0.8009554445743561,1.336999999999989,47.3843499,8.5451802,466.247,ok,,1920,1080,113.87850115740741,62.93070091046322,707.8073478315541,1000,True,False,False,True
31,data/raw/zurich_mav_sample/MAV_Images/00031.jpg,00031.jpg,7988182,0.3576222006231546,-0.8022782457992435,1.4139999999999873,47.3843499,8.5451832,466.324,ok,,1920,1080,113.93135271990741,62.96374599585884,668.9863750520931,1000,True,False,False,True
32,data/raw/zurich_mav_sample/MAV_Images/00032.jpg,00032.jpg,8021515,0.3576222006231546,-0.8022782457992435,1.4139999999999873,47.3843499,8.5451832,466.324,ok,,1920,1080,113.9144637345679,62.925541648561826,617.286931456915,1000,True,False,False,True
33,data/raw/zurich_mav_sample/MAV_Images/00033.jpg,00033.jpg,8054848,0.3576222006231546,-0.8022782457992435,1.4139999999999873,47.3843499,8.5451832,466.324,ok,,1920,1080,113.99569444444444,62.985853796944696,647.783298598485,1000,True,False,False,True
34,data/raw/zurich_mav_sample/MAV_Images/00034.jpg,00034.jpg,8088181,0.3576222006231546,-0.8022782457992435,1.4139999999999873,47.3843499,8.5451832,466.324,ok,,1920,1080,114.0608984375,63.00788378130689,644.8799358990311,1000,True,False,False,True
35,data/raw/zurich_mav_sample/MAV_Images/00035.jpg,00035.jpg,8121514,0.3576222006231546,-0.8022782457992435,1.4139999999999873,47.3843499,8.5451832,466.324,ok,,1920,1080,114.19738233024691,63.013583700676215,669.7716476385446,1000,True,False,False,True
36,data/raw/zurich_mav_sample/MAV_Images/00036.jpg,00036.jpg,8154847,0.3576222006231546,-0.8022782457992435,1.4139999999999873,47.3843499,8.5451832,466.324,ok,,1920,1080,113.90034963348765,62.860264268867255,628.5155020214721,1000,True,False,False,True
37,data/raw/zurich_mav_sample/MAV_Images/00037.jpg,00037.jpg,8197070,0.4332954380661249,-0.7693791054189205,1.5909999999999511,47.3843502,8.5451842,466.501,ok,,1920,1080,112.86895399305556,62.59784397168298,602.2890498899633,1000,True,False,False,True
38,data/raw/zurich_mav_sample/MAV_Images/00038.jpg,00038.jpg,8230403,0.4332954380661249,-0.7693791054189205,1.5909999999999511,47.3843502,8.5451842,466.501,ok,,1920,1080,112.85892554012345,62.57461745327926,612.5329062117088,1000,True,False,False,True
39,data/raw/zurich_mav_sample/MAV_Images/00039.jpg,00039.jpg,8263736,0.4332954380661249,-0.7693791054189205,1.5909999999999511,47.3843502,8.5451842,466.501,ok,,1920,1080,112.70664255401235,62.33586577171439,571.4010457236616,1000,True,False,False,True
40,data/raw/zurich_mav_sample/MAV_Images/00040.jpg,00040.jpg,8297069,0.4332954380661249,-0.7693791054189205,1.5909999999999511,47.3843502,8.5451842,466.501,ok,,1920,1080,112.8617790316358,62.16992080772958,501.97842627770825,1000,True,False,False,True
41,data/raw/zurich_mav_sample/MAV_Images/00041.jpg,00041.jpg,8330402,0.4332954380661249,-0.7693791054189205,1.5909999999999511,47.3843502,8.5451842,466.501,ok,,1920,1080,112.98493200231482,62.51599743645409,656.9248067022907,1000,True,False,False,True
42,data/raw/zurich_mav_sample/MAV_Images/00042.jpg,00042.jpg,8363735,0.4332954380661249,-0.7693791054189205,1.5909999999999511,47.3843502,8.5451842,466.501,ok,,1920,1080,113.16071325231482,62.45234292805565,570.8146368799008,1000,True,False,False,True
43,data/raw/zurich_mav_sample/MAV_Images/00043.jpg,00043.jpg,8395950,0.4179400550201535,-0.8137443503364921,1.9839999999999804,47.3843498,8.545184,466.894,ok,,1920,1080,113.15567901234567,62.610651649714576,686.5358886014436,1000,True,False,False,True
44,data/raw/zurich_mav_sample/MAV_Images/00044.jpg,00044.jpg,8429283,0.4179400550201535,-0.8137443503364921,1.9839999999999804,47.3843498,8.545184,466.894,ok,,1920,1080,113.35024594907408,62.15456032854488,554.467313039269,1000,True,False,False,True
45,data/raw/zurich_mav_sample/MAV_Images/00045.jpg,00045.jpg,8462616,0.4179400550201535,-0.8137443503364921,1.9839999999999804,47.3843498,8.545184,466.894,ok,,1920,1080,113.26809220679013,62.41670933640298,648.8361596475904,1000,True,False,False,True
46,data/raw/zurich_mav_sample/MAV_Images/00046.jpg,00046.jpg,8495949,0.4179400550201535,-0.8137443503364921,1.9839999999999804,47.3843498,8.545184,466.894,ok,,1920,1080,113.37190634645061,62.557535632964516,591.1555405953559,1000,True,False,False,True
47,data/raw/zurich_mav_sample/MAV_Images/00047.jpg,00047.jpg,8529282,0.4179400550201535,-0.8137443503364921,1.9839999999999804,47.3843498,8.545184,466.894,ok,,1920,1080,113.33938802083334,62.64226498732919,660.0186034273231,1000,True,False,False,True
48,data/raw/zurich_mav_sample/MAV_Images/00048.jpg,00048.jpg,8562615,0.4179400550201535,-0.8137443503364921,1.9839999999999804,47.3843498,8.545184,466.894,ok,,1920,1080,113.33266203703704,62.5814037970411,601.5658212001132,1000,True,False,False,True
49,data/raw/zurich_mav_sample/MAV_Images/00049.jpg,00049.jpg,8598784,0.5463183777173981,-0.8033805740997195,2.22199999999998,47.3843499,8.5451857,467.132,ok,,1920,1080,113.2668007330247,62.8065368833357,709.6303593146437,1000,True,False,False,True
50,data/raw/zurich_mav_sample/MAV_Images/00050.jpg,00050.jpg,8632117,0.5463183777173981,-0.8033805740997195,2.22199999999998,47.3843499,8.5451857,467.132,ok,,1920,1080,113.36725453317901,62.981218044467845,783.6407709824712,1000,False,False,False,False
51,data/raw/zurich_mav_sample/MAV_Images/00051.jpg,00051.jpg,8665450,0.5463183777173981,-0.8033805740997195,2.22199999999998,47.3843499,8.5451857,467.132,ok,,1920,1080,113.30887393904321,63.015870538870786,780.0669342002212,1000,False,False,False,False
52,data/raw/zurich_mav_sample/MAV_Images/00052.jpg,00052.jpg,8698783,0.5463183777173981,-0.8033805740997195,2.22199999999998,47.3843499,8.5451857,467.132,ok,,1920,1080,112.74407889660493,63.11236211615851,908.6216300697511,1000,False,False,False,False
53,data/raw/zurich_mav_sample/MAV_Images/00053.jpg,00053.jpg,8732116,0.5463183777173981,-0.8033805740997195,2.22199999999998,47.3843499,8.5451857,467.132,ok,,1920,1080,112.96714891975309,63.24136735582907,925.9102946041627,1000,False,False,False,False
54,data/raw/zurich_mav_sample/MAV_Images/00054.jpg,00054.jpg,8765449,0.5463183777173981,-0.8033805740997195,2.22199999999998,47.3843499,8.5451857,467.132,ok,,1920,1080,113.1287143132716,63.379043651177824,991.8150554439815,1000,False,False,False,False
55,data/raw/zurich_mav_sample/MAV_Images/00055.jpg,00055.jpg,8802486,0.689597629068885,-0.8264450551941991,2.3249999999999886,47.3843497,8.5451876,467.235,ok,,1920,1080,113.14077980324075,63.430150156612136,1033.8610570746525,1000,False,False,False,False
56,data/raw/zurich_mav_sample/MAV_Images/00056.jpg,00056.jpg,8835819,0.689597629068885,-0.8264450551941991,2.3249999999999886,47.3843497,8.5451876,467.235,ok,,1920,1080,113.16426408179012,63.500972916112985,1073.2001860798496,1000,False,False,False,False
57,data/raw/zurich_mav_sample/MAV_Images/00057.jpg,00057.jpg,8869152,0.689597629068885,-0.8264450551941991,2.3249999999999886,47.3843497,8.5451876,467.235,ok,,1920,1080,113.15231963734568,63.564070154329784,1146.4165702852981,1000,False,False,False,False
58,data/raw/zurich_mav_sample/MAV_Images/00058.jpg,00058.jpg,8902485,0.689597629068885,-0.8264450551941991,2.3249999999999886,47.3843497,8.5451876,467.235,ok,,1920,1080,113.26823832947531,63.548306126044736,1115.2842929640224,1000,False,False,False,False
59,data/raw/zurich_mav_sample/MAV_Images/00059.jpg,00059.jpg,8935818,0.689597629068885,-0.8264450551941991,2.3249999999999886,47.3843497,8.5451876,467.235,ok,,1920,1080,113.1523476080247,63.54982433279795,1147.1323152180196,1000,False,False,False,False
60,data/raw/zurich_mav_sample/MAV_Images/00060.jpg,00060.jpg,8969151,0.689597629068885,-0.8264450551941991,2.3249999999999886,47.3843497,8.5451876,467.235,ok,,1920,1080,113.16769483024692,63.59008818794804,1168.375032171221,1000,False,False,False,False
61,data/raw/zurich_mav_sample/MAV_Images/00061.jpg,00061.jpg,9002265,0.8632630341453478,-0.8163458295166492,2.3549999999999613,47.3843498,8.5451899,467.265,ok,,1920,1080,113.21383777006173,63.51628437082397,1093.3825962585856,1000,False,False,False,False
62,data/raw/zurich_mav_sample/MAV_Images/00062.jpg,00062.jpg,9035598,0.8632630341453478,-0.8163458295166492,2.3549999999999613,47.3843498,8.5451899,467.265,ok,,1920,1080,113.19022231867284,63.48679872572666,1076.0308529781655,1000,False,False,False,False
63,data/raw/zurich_mav_sample/MAV_Images/00063.jpg,00063.jpg,9068931,0.8632630341453478,-0.8163458295166492,2.3549999999999613,47.3843498,8.5451899,467.265,ok,,1920,1080,113.05883294753086,63.56176398407787,1135.5264783688058,1000,False,False,False,False
64,data/raw/zurich_mav_sample/MAV_Images/00064.jpg,00064.jpg,9102264,0.8632630341453478,-0.8163458295166492,2.3549999999999613,47.3843498,8.5451899,467.265,ok,,1920,1080,113.03167824074075,63.44328059747971,1073.2970371542324,1000,False,False,False,False
65,data/raw/zurich_mav_sample/MAV_Images/00065.jpg,00065.jpg,9135597,0.8632630341453478,-0.8163458295166492,2.3549999999999613,47.3843498,8.5451899,467.265,ok,,1920,1080,112.96325761959876,63.38253686751693,1045.4437274979955,1000,False,False,False,False
66,data/raw/zurich_mav_sample/MAV_Images/00066.jpg,00066.jpg,9168930,0.8632630341453478,-0.8163458295166492,2.3549999999999613,47.3843498,8.5451899,467.265,ok,,1920,1080,112.94853539737655,63.32248004460062,998.5305756440753,1000,False,False,False,False
67,data/raw/zurich_mav_sample/MAV_Images/00067.jpg,00067.jpg,9199111,1.0139602916897277,-0.8616811111569405,2.4799999999999613,47.3843494,8.5451919,467.39,ok,,1920,1080,112.00265866126543,63.193825021166006,1084.1294106295124,1000,False,False,False,False
68,data/raw/zurich_mav_sample/MAV_Images/00068.jpg,00068.jpg,9232444,1.0139602916897277,-0.8616811111569405,2.4799999999999613,47.3843494,8.5451919,467.39,ok,,1920,1080,112.09524643132715,63.257291587739005,1076.4821031269057,1000,False,False,False,False
69,data/raw/zurich_mav_sample/MAV_Images/00069.jpg,00069.jpg,9265777,1.0139602916897277,-0.8616811111569405,2.4799999999999613,47.3843494,8.5451919,467.39,ok,,1920,1080,112.16865981867284,63.18313134044262,1018.1047887241169,1000,False,False,False,False
70,data/raw/zurich_mav_sample/MAV_Images/00070.jpg,00070.jpg,9299110,1.0139602916897277,-0.8616811111569405,2.4799999999999613,47.3843494,8.5451919,467.39,ok,,1920,1080,112.12695023148149,63.28652419003112,1101.0115628130143,1000,False,False,False,False
71,data/raw/zurich_mav_sample/MAV_Images/00071.jpg,00071.jpg,9332443,1.0139602916897277,-0.8616811111569405,2.4799999999999613,47.3843494,8.5451919,467.39,ok,,1920,1080,111.91977478780865,63.34734327078782,1161.1660020447528,1000,False,False,False,False
72,data/raw/zurich_mav_sample/MAV_Images/00072.jpg,00072.jpg,9365776,1.0139602916897277,-0.8616811111569405,2.4799999999999613,47.3843494,8.5451919,467.39,ok,,1920,1080,111.87838252314815,63.313214320000945,1118.2428600492021,1000,False,False,False,False
73,data/raw/zurich_mav_sample/MAV_Images/00073.jpg,00073.jpg,9400044,1.1042098528705535,-0.9177770083770156,2.576999999999998,47.3843489,8.5451931,467.487,ok,,1920,1080,111.80308690200617,63.3691291295692,1153.2658873814669,1000,False,False,False,False
74,data/raw/zurich_mav_sample/MAV_Images/00074.jpg,00074.jpg,9433377,1.1042098528705535,-0.9177770083770156,2.576999999999998,47.3843489,8.5451931,467.487,ok,,1920,1080,111.60269627700617,63.54184242054138,1312.8005613936612,1000,False,False,False,False
75,data/raw/zurich_mav_sample/MAV_Images/00075.jpg,00075.jpg,9466710,1.1042098528705535,-0.9177770083770156,2.576999999999998,47.3843489,8.5451931,467.487,ok,,1920,1080,111.44380208333334,63.58643883771662,1347.3279703595128,1000,False,False,False,False
76,data/raw/zurich_mav_sample/MAV_Images/00076.jpg,00076.jpg,9500043,1.1042098528705535,-0.9177770083770156,2.576999999999998,47.3843489,8.5451931,467.487,ok,,1920,1080,111.32039978780864,63.532876507467854,1265.7882386368367,1000,False,False,False,False
77,data/raw/zurich_mav_sample/MAV_Images/00077.jpg,00077.jpg,9533376,1.1042098528705535,-0.9177770083770156,2.576999999999998,47.3843489,8.5451931,467.487,ok,,1920,1080,111.17189187885802,63.60600094223273,1394.2428375698992,1000,False,False,False,False
78,data/raw/zurich_mav_sample/MAV_Images/00078.jpg,00078.jpg,9566709,1.1042098528705535,-0.9177770083770156,2.576999999999998,47.3843489,8.5451931,467.487,ok,,1920,1080,111.16130594135802,63.56451969787123,1356.137654077297,1000,False,False,False,False
79,data/raw/zurich_mav_sample/MAV_Images/00079.jpg,00079.jpg,9599660,1.0664056956884451,-0.9286699052900076,2.700999999999965,47.3843488,8.5451926,467.611,ok,,1920,1080,110.96841531635802,63.631475889361354,1457.5819149208946,1000,False,False,False,False
80,data/raw/zurich_mav_sample/MAV_Images/00080.jpg,00080.jpg,9632993,1.0664056956884451,-0.9286699052900076,2.700999999999965,47.3843488,8.5451926,467.611,ok,,1920,1080,110.9246768904321,63.57705502595493,1418.0591544551025,1000,False,False,False,False
81,data/raw/zurich_mav_sample/MAV_Images/00081.jpg,00081.jpg,9666326,1.0664056956884451,-0.9286699052900076,2.700999999999965,47.3843488,8.5451926,467.611,ok,,1920,1080,110.9208097029321,63.488242937877715,1338.9638372785985,1000,False,False,False,False
82,data/raw/zurich_mav_sample/MAV_Images/00082.jpg,00082.jpg,9699659,1.0664056956884451,-0.9286699052900076,2.700999999999965,47.3843488,8.5451926,467.611,ok,,1920,1080,110.40632571373457,63.37311155790656,1304.645196132961,1000,False,False,False,False
83,data/raw/zurich_mav_sample/MAV_Images/00083.jpg,00083.jpg,9732992,1.0664056956884451,-0.9286699052900076,2.700999999999965,47.3843488,8.5451926,467.611,ok,,1920,1080,110.54082609953704,63.35315440393376,1215.01225120124,1000,False,False,False,False
84,data/raw/zurich_mav_sample/MAV_Images/00084.jpg,00084.jpg,9766325,1.0664056956884451,-0.9286699052900076,2.700999999999965,47.3843488,8.5451926,467.611,ok,,1920,1080,110.67822916666667,63.223679748417915,1101.687569806356,1000,False,False,False,False
85,data/raw/zurich_mav_sample/MAV_Images/00085.jpg,00085.jpg,9801471,1.1043396947789006,-0.8955502929165959,2.8039999999999736,47.3843491,8.5451931,467.714,ok,,1920,1080,110.76315827546296,63.11494423357957,1008.462077252297,1000,False,False,False,False
86,data/raw/zurich_mav_sample/MAV_Images/00086.jpg,00086.jpg,9834804,1.1043396947789006,-0.8955502929165959,2.8039999999999736,47.3843491,8.5451931,467.714,ok,,1920,1080,110.90810908564815,63.06939917649027,979.0521768556677,1000,False,False,False,False
87,data/raw/zurich_mav_sample/MAV_Images/00087.jpg,00087.jpg,9868137,1.1043396947789006,-0.8955502929165959,2.8039999999999736,47.3843491,8.5451931,467.714,ok,,1920,1080,110.85858748070987,63.05935921508751,973.1674809759107,1000,False,False,False,False
88,data/raw/zurich_mav_sample/MAV_Images/00088.jpg,00088.jpg,9901470,1.1043396947789006,-0.8955502929165959,2.8039999999999736,47.3843491,8.5451931,467.714,ok,,1920,1080,111.02731577932099,62.97604726648984,938.4483043174008,1000,False,False,False,False
89,data/raw/zurich_mav_sample/MAV_Images/00089.jpg,00089.jpg,9934803,1.1043396947789006,-0.8955502929165959,2.8039999999999736,47.3843491,8.5451931,467.714,ok,,1920,1080,111.09420187114198,63.028917678166465,965.7766116718414,1000,False,False,False,False
90,data/raw/zurich_mav_sample/MAV_Images/00090.jpg,00090.jpg,9968136,1.1043396947789006,-0.8955502929165959,2.8039999999999736,47.3843491,8.5451931,467.714,ok,,1920,1080,111.25719521604938,62.95167802933298,896.4962275137934,1000,False,False,False,False
91,data/raw/zurich_mav_sample/MAV_Images/00091.jpg,00091.jpg,9998204,1.1725300028338097,-0.8514936910942197,2.8309999999999604,47.3843495,8.545194,467.741,ok,,1920,1080,111.17519483024691,62.96038044246338,907.0457518584046,1000,False,False,False,False
92,data/raw/zurich_mav_sample/MAV_Images/00092.jpg,00092.jpg,10031537,1.1725300028338097,-0.8514936910942197,2.8309999999999604,47.3843495,8.545194,467.741,ok,,1920,1080,111.1577488425926,63.078745862126745,989.8683357000178,1000,False,False,False,False
93,data/raw/zurich_mav_sample/MAV_Images/00093.jpg,00093.jpg,10064870,1.1725300028338097,-0.8514936910942197,2.8309999999999604,47.3843495,8.545194,467.741,ok,,1920,1080,111.19622058256172,63.15535213403185,1033.3060686195192,1000,False,False,False,False
94,data/raw/zurich_mav_sample/MAV_Images/00094.jpg,00094.jpg,10098203,1.1725300028338097,-0.8514936910942197,2.8309999999999604,47.3843495,8.545194,467.741,ok,,1920,1080,111.15207465277778,63.22947168177562,1115.3161599304701,1000,False,False,False,False
95,data/raw/zurich_mav_sample/MAV_Images/00095.jpg,00095.jpg,10131536,1.1725300028338097,-0.8514936910942197,2.8309999999999604,47.3843495,8.545194,467.741,ok,,1920,1080,110.98689911265433,63.292121757399464,1201.4802832926089,1000,False,False,False,False
96,data/raw/zurich_mav_sample/MAV_Images/00096.jpg,00096.jpg,10164869,1.1725300028338097,-0.8514936910942197,2.8309999999999604,47.3843495,8.545194,467.741,ok,,1920,1080,110.87019675925926,63.35724340087636,1280.1150552126753,1000,False,False,False,False
97,data/raw/zurich_mav_sample/MAV_Images/00097.jpg,00097.jpg,10201081,1.294074604229536,-0.7188388723880053,2.7519999999999527,47.3843507,8.5451956,467.662,ok,,1920,1080,110.14135464891976,63.32341729951884,1341.9602842562108,1000,False,False,False,False
98,data/raw/zurich_mav_sample/MAV_Images/00098.jpg,00098.jpg,10234414,1.294074604229536,-0.7188388723880053,2.7519999999999527,47.3843507,8.5451956,467.662,ok,,1920,1080,110.24791763117284,63.32012471914804,1315.0863774253296,1000,False,False,False,False
99,data/raw/zurich_mav_sample/MAV_Images/00099.jpg,00099.jpg,10267747,1.294074604229536,-0.7188388723880053,2.7519999999999527,47.3843507,8.5451956,467.662,ok,,1920,1080,110.18760320216049,63.27321879660205,1309.9559409618614,1000,False,False,False,False
100,data/raw/zurich_mav_sample/MAV_Images/00100.jpg,00100.jpg,10301080,1.294074604229536,-0.7188388723880053,2.7519999999999527,47.3843507,8.5451956,467.662,ok,,1920,1080,110.18718894675926,63.1970853030098,1231.7586076222185,1000,False,False,False,False
101,data/raw/zurich_mav_sample/MAV_Images/00101.jpg,00101.jpg,10334413,1.294074604229536,-0.7188388723880053,2.7519999999999527,47.3843507,8.5451956,467.662,ok,,1920,1080,110.23312548225309,63.13460782846295,1170.90318663254,1000,False,False,False,False
102,data/raw/zurich_mav_sample/MAV_Images/00102.jpg,00102.jpg,10367746,1.294074604229536,-0.7188388723880053,2.7519999999999527,47.3843507,8.5451956,467.662,ok,,1920,1080,110.22928337191358,63.13633890436216,1208.88078751848,1000,False,False,False,False
103,data/raw/zurich_mav_sample/MAV_Images/00103.jpg,00103.jpg,10396814,1.3776852048467845,-0.6193036651238799,2.7329999999999472,47.3843516,8.5451967,467.643,ok,,1920,1080,110.09395543981482,63.30644922763014,1402.7914961655574,1000,False,False,False,False
104,data/raw/zurich_mav_sample/MAV_Images/00104.jpg,00104.jpg,10430147,1.3776852048467845,-0.6193036651238799,2.7329999999999472,47.3843516,8.5451967,467.643,ok,,1920,1080,110.15025462962963,63.231856788316186,1325.83617528368,1000,False,False,False,False
105,data/raw/zurich_mav_sample/MAV_Images/00105.jpg,00105.jpg,10463480,1.3776852048467845,-0.6193036651238799,2.7329999999999472,47.3843516,8.5451967,467.643,ok,,1920,1080,110.11366946373457,63.21807766473253,1337.1294952876326,1000,False,False,False,False
106,data/raw/zurich_mav_sample/MAV_Images/00106.jpg,00106.jpg,10496813,1.3776852048467845,-0.6193036651238799,2.7329999999999472,47.3843516,8.5451967,467.643,ok,,1920,1080,110.0623577353395,63.239670316445775,1363.0964399606214,1000,False,False,False,False
107,data/raw/zurich_mav_sample/MAV_Images/00107.jpg,00107.jpg,10530146,1.3776852048467845,-0.6193036651238799,2.7329999999999472,47.3843516,8.5451967,467.643,ok,,1920,1080,109.92821662808642,63.186011796368746,1332.4380018755019,1000,False,False,False,False
108,data/raw/zurich_mav_sample/MAV_Images/00108.jpg,00108.jpg,10563479,1.3776852048467845,-0.6193036651238799,2.7329999999999472,47.3843516,8.5451967,467.643,ok,,1920,1080,109.88684413580246,63.15540093147387,1305.2697110910922,1000,False,False,False,False
109,data/raw/zurich_mav_sample/MAV_Images/00109.jpg,00109.jpg,10599588,1.4228424452012405,-0.6417949311435223,2.723999999999989,47.3843514,8.5451973,467.634,ok,,1920,1080,109.8740909529321,63.05286918392115,1221.1322346809404,1000,False,False,False,False
110,data/raw/zurich_mav_sample/MAV_Images/00110.jpg,00110.jpg,10632921,1.4228424452012405,-0.6417949311435223,2.723999999999989,47.3843514,8.5451973,467.634,ok,,1920,1080,109.85098090277778,63.16959860400955,1344.1942008444726,1000,False,False,False,False
111,data/raw/zurich_mav_sample/MAV_Images/00111.jpg,00111.jpg,10666254,1.4228424452012405,-0.6417949311435223,2.723999999999989,47.3843514,8.5451973,467.634,ok,,1920,1080,109.72028694058642,63.1486386638619,1366.0906962671786,1000,False,False,False,False
112,data/raw/zurich_mav_sample/MAV_Images/00112.jpg,00112.jpg,10699587,1.4228424452012405,-0.6417949311435223,2.723999999999989,47.3843514,8.5451973,467.634,ok,,1920,1080,109.12323013117285,63.040371378322895,1371.3251161054422,1000,False,False,False,False
113,data/raw/zurich_mav_sample/MAV_Images/00113.jpg,00113.jpg,10732920,1.4228424452012405,-0.6417949311435223,2.723999999999989,47.3843514,8.5451973,467.634,ok,,1920,1080,109.36148823302469,63.03242399124939,1312.2686791698113,1000,False,False,False,False
114,data/raw/zurich_mav_sample/MAV_Images/00114.jpg,00114.jpg,10766253,1.4228424452012405,-0.6417949311435223,2.723999999999989,47.3843514,8.5451973,467.634,ok,,1920,1080,109.4747087191358,63.04492317979438,1317.0270415550053,1000,False,False,False,False
115,data/raw/zurich_mav_sample/MAV_Images/00115.jpg,00115.jpg,10797338,1.710829183110036,-0.4434299748390913,2.555999999999983,47.3843532,8.5452011,467.466,ok,,1920,1080,109.45711902006173,62.95371760228627,1282.3891732976463,1000,False,False,False,False
116,data/raw/zurich_mav_sample/MAV_Images/00116.jpg,00116.jpg,10830671,1.710829183110036,-0.4434299748390913,2.555999999999983,47.3843532,8.5452011,467.466,ok,,1920,1080,109.46681954089506,62.809285239139435,1146.2169677271047,1000,False,False,False,False
117,data/raw/zurich_mav_sample/MAV_Images/00117.jpg,00117.jpg,10864004,1.710829183110036,-0.4434299748390913,2.555999999999983,47.3843532,8.5452011,467.466,ok,,1920,1080,109.61809268904321,62.57703940145343,1009.7552141396276,1000,False,False,False,False
118,data/raw/zurich_mav_sample/MAV_Images/00118.jpg,00118.jpg,10897337,1.710829183110036,-0.4434299748390913,2.555999999999983,47.3843532,8.5452011,467.466,ok,,1920,1080,109.62802758487655,62.36612242258257,846.5158554997839,1000,False,False,False,False
119,data/raw/zurich_mav_sample/MAV_Images/00119.jpg,00119.jpg,10930670,1.710829183110036,-0.4434299748390913,2.555999999999983,47.3843532,8.5452011,467.466,ok,,1920,1080,109.5028057484568,62.3354871480464,878.315686291353,1000,False,False,False,False
120,data/raw/zurich_mav_sample/MAV_Images/00120.jpg,00120.jpg,10964003,1.710829183110036,-0.4434299748390913,2.555999999999983,47.3843532,8.5452011,467.466,ok,,1920,1080,109.49311921296297,62.204400635660875,755.9600144269574,1000,True,False,False,True
121,data/raw/zurich_mav_sample/MAV_Images/00121.jpg,00121.jpg,10997044,1.7037357753142717,-0.365592380054295,2.5979999999999563,47.3843539,8.545201,467.508,ok,,1920,1080,109.53015480324073,62.2388678614165,791.1371871069599,1000,False,False,False,False
122,data/raw/zurich_mav_sample/MAV_Images/00122.jpg,00122.jpg,11030377,1.7037357753142717,-0.365592380054295,2.5979999999999563,47.3843539,8.545201,467.508,ok,,1920,1080,109.61651138117284,62.26433445590618,789.2416159542694,1000,False,False,False,False
123,data/raw/zurich_mav_sample/MAV_Images/00123.jpg,00123.jpg,11063710,1.7037357753142717,-0.365592380054295,2.5979999999999563,47.3843539,8.545201,467.508,ok,,1920,1080,109.51226658950617,62.147004775290995,747.2959511829433,1000,True,False,False,True
124,data/raw/zurich_mav_sample/MAV_Images/00124.jpg,00124.jpg,11097043,1.7037357753142717,-0.365592380054295,2.5979999999999563,47.3843539,8.545201,467.508,ok,,1920,1080,109.58743103780864,62.154695908542415,794.2701918781149,1000,False,False,False,False
125,data/raw/zurich_mav_sample/MAV_Images/00125.jpg,00125.jpg,11130376,1.7037357753142717,-0.365592380054295,2.5979999999999563,47.3843539,8.545201,467.508,ok,,1920,1080,109.64355275848766,61.963873940084085,667.803440490553,1000,True,False,True,True
126,data/raw/zurich_mav_sample/MAV_Images/00126.jpg,00126.jpg,11163709,1.7037357753142717,-0.365592380054295,2.5979999999999563,47.3843539,8.545201,467.508,ok,,1920,1080,109.74254918981481,62.03663143652169,749.5450610195817,1000,True,False,False,True
127,data/raw/zurich_mav_sample/MAV_Images/00127.jpg,00127.jpg,11195824,1.6739988283370622,-0.2876225085929036,2.5499999999999545,47.3843546,8.5452006,467.46,ok,,1920,1080,109.05269917052469,61.81691289294987,650.514787843488,1000,True,False,True,True
128,data/raw/zurich_mav_sample/MAV_Images/00128.jpg,00128.jpg,11229157,1.6739988283370622,-0.2876225085929036,2.5499999999999545,47.3843546,8.5452006,467.46,ok,,1920,1080,109.342432966821,61.846168834621345,701.2619222511239,1000,True,False,True,True
129,data/raw/zurich_mav_sample/MAV_Images/00129.jpg,00129.jpg,11262490,1.6739988283370622,-0.2876225085929036,2.5499999999999545,47.3843546,8.5452006,467.46,ok,,1920,1080,109.4650925925926,61.94628088514019,720.2805031815747,1000,True,False,True,True
130,data/raw/zurich_mav_sample/MAV_Images/00130.jpg,00130.jpg,11295823,1.6739988283370622,-0.2876225085929036,2.5499999999999545,47.3843546,8.5452006,467.46,ok,,1920,1080,109.53642264660493,61.96823842787348,706.4969734415629,1000,True,False,True,True
131,data/raw/zurich_mav_sample/MAV_Images/00131.jpg,00131.jpg,11329156,1.6739988283370622,-0.2876225085929036,2.5499999999999545,47.3843546,8.5452006,467.46,ok,,1920,1080,109.59431664737654,61.913180466841766,704.3926895624857,1000,True,False,True,True
132,data/raw/zurich_mav_sample/MAV_Images/00132.jpg,00132.jpg,11362489,1.6739988283370622,-0.2876225085929036,2.5499999999999545,47.3843546,8.5452006,467.46,ok,,1920,1080,109.38184895833334,62.027996650354225,756.5310616201102,1000,True,False,False,True
133,data/raw/zurich_mav_sample/MAV_Images/00133.jpg,00133.jpg,11397736,1.7122574190143496,-0.1989361057057976,2.4979999999999905,47.3843554,8.5452011,467.408,ok,,1920,1080,109.45736400462962,62.1356883805166,790.3733637090985,1000,False,False,False,False
134,data/raw/zurich_mav_sample/MAV_Images/00134.jpg,00134.jpg,11431069,1.7122574190143496,-0.1989361057057976,2.4979999999999905,47.3843554,8.5452011,467.408,ok,,1920,1080,109.5646339699074,62.027737082294415,763.2015089091794,1000,True,False,False,True
135,data/raw/zurich_mav_sample/MAV_Images/00135.jpg,00135.jpg,11464402,1.7122574190143496,-0.1989361057057976,2.4979999999999905,47.3843554,8.5452011,467.408,ok,,1920,1080,109.3197371720679,62.136513495087684,821.398495333531,1000,False,False,False,False
136,data/raw/zurich_mav_sample/MAV_Images/00136.jpg,00136.jpg,11497735,1.7122574190143496,-0.1989361057057976,2.4979999999999905,47.3843554,8.5452011,467.408,ok,,1920,1080,109.37234809027778,62.11060725898154,826.6888543482626,1000,False,False,False,False
137,data/raw/zurich_mav_sample/MAV_Images/00137.jpg,00137.jpg,11531068,1.7122574190143496,-0.1989361057057976,2.4979999999999905,47.3843554,8.5452011,467.408,ok,,1920,1080,109.36874710648148,61.95559311819245,724.3525249456425,1000,True,False,True,True
138,data/raw/zurich_mav_sample/MAV_Images/00138.jpg,00138.jpg,11564401,1.7122574190143496,-0.1989361057057976,2.4979999999999905,47.3843554,8.5452011,467.408,ok,,1920,1080,109.44269965277778,62.03672338280392,791.5675344230723,1000,False,False,False,False
139,data/raw/zurich_mav_sample/MAV_Images/00139.jpg,00139.jpg,11595348,1.6518097285879776,-0.2096967296674847,2.460999999999956,47.3843553,8.5452003,467.371,ok,,1920,1080,109.24011959876543,61.967233809150436,742.9827392849381,1000,True,False,True,True
140,data/raw/zurich_mav_sample/MAV_Images/00140.jpg,00140.jpg,11628681,1.6518097285879776,-0.2096967296674847,2.460999999999956,47.3843553,8.5452003,467.371,ok,,1920,1080,109.2797796103395,61.976235810641256,781.3231139043087,1000,False,False,False,False
141,data/raw/zurich_mav_sample/MAV_Images/00141.jpg,00141.jpg,11662014,1.6518097285879776,-0.2096967296674847,2.460999999999956,47.3843553,8.5452003,467.371,ok,,1920,1080,109.32749855324074,61.91948647997467,741.5376429795099,1000,True,False,True,True
142,data/raw/zurich_mav_sample/MAV_Images/00142.jpg,00142.jpg,11695347,1.6518097285879776,-0.2096967296674847,2.460999999999956,47.3843553,8.5452003,467.371,ok,,1920,1080,108.98780719521605,61.90365495262532,823.4379875471201,1000,False,False,True,True
143,data/raw/zurich_mav_sample/MAV_Images/00143.jpg,00143.jpg,11728680,1.6518097285879776,-0.2096967296674847,2.460999999999956,47.3843553,8.5452003,467.371,ok,,1920,1080,109.12351851851852,61.725600254505224,703.0171332261509,1000,True,False,True,True
144,data/raw/zurich_mav_sample/MAV_Images/00144.jpg,00144.jpg,11762013,1.6518097285879776,-0.2096967296674847,2.460999999999956,47.3843553,8.5452003,467.371,ok,,1920,1080,109.28184124228395,61.843836352826116,748.469368864105,1000,True,False,True,True
145,data/raw/zurich_mav_sample/MAV_Images/00145.jpg,00145.jpg,11796090,1.7427734029479325,-0.143545682542026,2.465999999999952,47.3843559,8.5452015,467.376,ok,,1920,1080,109.47398244598766,61.85787633406638,746.2080169493642,1000,True,False,True,True
146,data/raw/zurich_mav_sample/MAV_Images/00146.jpg,00146.jpg,11829423,1.7427734029479325,-0.143545682542026,2.465999999999952,47.3843559,8.5452015,467.376,ok,,1920,1080,109.5597550154321,61.890979666971774,754.7903409043605,1000,True,False,True,True
147,data/raw/zurich_mav_sample/MAV_Images/00147.jpg,00147.jpg,11862756,1.7427734029479325,-0.143545682542026,2.465999999999952,47.3843559,8.5452015,467.376,ok,,1920,1080,109.51441599151235,61.904208777455764,814.1279923746686,1000,False,False,True,True
148,data/raw/zurich_mav_sample/MAV_Images/00148.jpg,00148.jpg,11896089,1.7427734029479325,-0.143545682542026,2.465999999999952,47.3843559,8.5452015,467.376,ok,,1920,1080,109.58221354166666,61.699998313285995,704.0682209674989,1000,True,False,True,True
149,data/raw/zurich_mav_sample/MAV_Images/00149.jpg,00149.jpg,11929422,1.7427734029479325,-0.143545682542026,2.465999999999952,47.3843559,8.5452015,467.376,ok,,1920,1080,109.69932339891976,61.73328029947016,766.5402666036224,1000,True,False,True,True
150,data/raw/zurich_mav_sample/MAV_Images/00150.jpg,00150.jpg,11962755,1.7427734029479325,-0.143545682542026,2.465999999999952,47.3843559,8.5452015,467.376,ok,,1920,1080,109.74259066358024,61.68605161784112,718.9855564001676,1000,True,False,True,True
151,data/raw/zurich_mav_sample/MAV_Images/00151.jpg,00151.jpg,11988960,1.7126469378126783,-0.1322559583932161,2.326999999999998,47.384356,8.5452011,467.237,ok,,1920,1080,109.65432581018518,61.75153220329682,789.4016057331622,1000,False,False,True,True
152,data/raw/zurich_mav_sample/MAV_Images/00152.jpg,00152.jpg,12022293,1.7126469378126783,-0.1322559583932161,2.326999999999998,47.384356,8.5452011,467.237,ok,,1920,1080,109.77471113040123,61.60293152513785,681.765925553256,1000,True,False,True,True
153,data/raw/zurich_mav_sample/MAV_Images/00153.jpg,00153.jpg,12055626,1.7126469378126783,-0.1322559583932161,2.326999999999998,47.384356,8.5452011,467.237,ok,,1920,1080,109.81512635030865,61.65452614455968,708.1427631896217,1000,True,False,True,True
154,data/raw/zurich_mav_sample/MAV_Images/00154.jpg,00154.jpg,12088959,1.7126469378126783,-0.1322559583932161,2.326999999999998,47.384356,8.5452011,467.237,ok,,1920,1080,109.90637972608025,61.68061687024166,698.8541825729474,1000,True,False,True,True
155,data/raw/zurich_mav_sample/MAV_Images/00155.jpg,00155.jpg,12122292,1.7126469378126783,-0.1322559583932161,2.326999999999998,47.384356,8.5452011,467.237,ok,,1920,1080,109.73578993055555,61.783390728654865,734.4909245274573,1000,True,False,True,True
156,data/raw/zurich_mav_sample/MAV_Images/00156.jpg,00156.jpg,12155625,1.7126469378126783,-0.1322559583932161,2.326999999999998,47.384356,8.5452011,467.237,ok,,1920,1080,109.72879967206791,61.94044488564283,796.2195418588387,1000,False,False,True,True
157,data/raw/zurich_mav_sample/MAV_Images/00157.jpg,00157.jpg,12191611,1.6903929183608852,-0.0654435371980071,2.194999999999993,47.3843566,8.5452008,467.105,ok,,1920,1080,109.2606322337963,61.66411961820705,738.1980526789456,1000,True,False,True,True
158,data/raw/zurich_mav_sample/MAV_Images/00158.jpg,00158.jpg,12224944,1.6903929183608852,-0.0654435371980071,2.194999999999993,47.3843566,8.5452008,467.105,ok,,1920,1080,109.47268614969136,61.82702276606576,806.2936094749634,1000,False,False,True,True
159,data/raw/zurich_mav_sample/MAV_Images/00159.jpg,00159.jpg,12258277,1.6903929183608852,-0.0654435371980071,2.194999999999993,47.3843566,8.5452008,467.105,ok,,1920,1080,109.5066975308642,61.86273303619792,814.9594312670627,1000,False,False,True,True
160,data/raw/zurich_mav_sample/MAV_Images/00160.jpg,00160.jpg,12291610,1.6903929183608852,-0.0654435371980071,2.194999999999993,47.3843566,8.5452008,467.105,ok,,1920,1080,109.5797583912037,61.853735945098805,812.8812141038374,1000,False,False,True,True
161,data/raw/zurich_mav_sample/MAV_Images/00161.jpg,00161.jpg,12324943,1.6903929183608852,-0.0654435371980071,2.194999999999993,47.3843566,8.5452008,467.105,ok,,1920,1080,109.58568287037038,61.962270427076284,873.2224548770524,1000,False,False,True,True
162,data/raw/zurich_mav_sample/MAV_Images/00162.jpg,00162.jpg,12358276,1.6903929183608852,-0.0654435371980071,2.194999999999993,47.3843566,8.5452008,467.105,ok,,1920,1080,109.64150848765432,61.96155994425906,850.7110501048903,1000,False,False,True,True
163,data/raw/zurich_mav_sample/MAV_Images/00163.jpg,00163.jpg,12388362,1.6760113447671756,0.0568915819749236,1.912999999999954,47.3843577,8.5452006,466.823,ok,,1920,1080,109.5772125771605,62.02294752197452,889.5333598989146,1000,False,False,False,False
164,data/raw/zurich_mav_sample/MAV_Images/00164.jpg,00164.jpg,12421695,1.6760113447671756,0.0568915819749236,1.912999999999954,47.3843577,8.5452006,466.823,ok,,1920,1080,109.65284143518518,62.00790032542058,873.5094846739887,1000,False,False,False,False
165,data/raw/zurich_mav_sample/MAV_Images/00165.jpg,00165.jpg,12455028,1.6760113447671756,0.0568915819749236,1.912999999999954,47.3843577,8.5452006,466.823,ok,,1920,1080,109.6520167824074,61.98450622411169,895.9254370917411,1000,False,False,False,False
166,data/raw/zurich_mav_sample/MAV_Images/00166.jpg,00166.jpg,12488361,1.6760113447671756,0.0568915819749236,1.912999999999954,47.3843577,8.5452006,466.823,ok,,1920,1080,109.75285638503087,61.94653762026809,866.1593528107298,1000,False,False,True,True
167,data/raw/zurich_mav_sample/MAV_Images/00167.jpg,00167.jpg,12521694,1.6760113447671756,0.0568915819749236,1.912999999999954,47.3843577,8.5452006,466.823,ok,,1920,1080,109.62470100308641,61.68688646085083,746.921457102024,1000,True,False,True,True
168,data/raw/zurich_mav_sample/MAV_Images/00168.jpg,00168.jpg,12555027,1.6760113447671756,0.0568915819749236,1.912999999999954,47.3843577,8.5452006,466.823,ok,,1920,1080,109.72386332947531,61.48787653064868,680.2302013052047,1000,True,False,True,True
169,data/raw/zurich_mav_sample/MAV_Images/00169.jpg,00169.jpg,12590212,1.5173118187813088,0.0244774334132671,1.9309999999999832,47.3843574,8.5451985,466.841,ok,,1920,1080,109.58819444444444,61.694091636110365,765.8340544005256,1000,True,False,True,True
170,data/raw/zurich_mav_sample/MAV_Images/00170.jpg,00170.jpg,12623545,1.5173118187813088,0.0244774334132671,1.9309999999999832,47.3843574,8.5451985,466.841,ok,,1920,1080,109.63348620756173,61.941875964353216,874.3275665396691,1000,False,False,True,True
171,data/raw/zurich_mav_sample/MAV_Images/00171.jpg,00171.jpg,12656878,1.5173118187813088,0.0244774334132671,1.9309999999999832,47.3843574,8.5451985,466.841,ok,,1920,1080,109.51282359182099,61.86185186953534,829.5318241807105,1000,False,False,True,True
172,data/raw/zurich_mav_sample/MAV_Images/00172.jpg,00172.jpg,12690211,1.5173118187813088,0.0244774334132671,1.9309999999999832,47.3843574,8.5451985,466.841,ok,,1920,1080,108.82456790123457,62.175640464529195,1124.2453881458468,1000,False,False,False,False
173,data/raw/zurich_mav_sample/MAV_Images/00173.jpg,00173.jpg,12723544,1.5173118187813088,0.0244774334132671,1.9309999999999832,47.3843574,8.5451985,466.841,ok,,1920,1080,108.98641637731481,62.13350652659143,1022.6745882719986,1000,False,False,False,False
174,data/raw/zurich_mav_sample/MAV_Images/00174.jpg,00174.jpg,12756877,1.5173118187813088,0.0244774334132671,1.9309999999999832,47.3843574,8.5451985,466.841,ok,,1920,1080,109.21060570987655,62.11319481308091,986.3157845710657,1000,False,False,False,False
175,data/raw/zurich_mav_sample/MAV_Images/00175.jpg,00175.jpg,12790053,1.449121523357462,-0.0195791712030768,1.976999999999976,47.384357,8.5451976,466.887,ok,,1920,1080,109.18056568287037,62.2323236677981,1060.2400149374353,1000,False,False,False,False
176,data/raw/zurich_mav_sample/MAV_Images/00176.jpg,00176.jpg,12823386,1.449121523357462,-0.0195791712030768,1.976999999999976,47.384357,8.5451976,466.887,ok,,1920,1080,109.2809765625,62.13149840872299,978.1923728484751,1000,False,False,False,False
177,data/raw/zurich_mav_sample/MAV_Images/00177.jpg,00177.jpg,12856719,1.449121523357462,-0.0195791712030768,1.976999999999976,47.384357,8.5451976,466.887,ok,,1920,1080,109.25990596064815,62.35320949933293,1158.347357727887,1000,False,False,False,False
178,data/raw/zurich_mav_sample/MAV_Images/00178.jpg,00178.jpg,12890052,1.449121523357462,-0.0195791712030768,1.976999999999976,47.384357,8.5451976,466.887,ok,,1920,1080,109.32579378858024,62.41569070032535,1235.8853294143485,1000,False,False,False,False
179,data/raw/zurich_mav_sample/MAV_Images/00179.jpg,00179.jpg,12923385,1.449121523357462,-0.0195791712030768,1.976999999999976,47.384357,8.5451976,466.887,ok,,1920,1080,109.22527970679012,62.47503002295016,1308.0318333010491,1000,False,False,False,False
180,data/raw/zurich_mav_sample/MAV_Images/00180.jpg,00180.jpg,12956718,1.449121523357462,-0.0195791712030768,1.976999999999976,47.384357,8.5451976,466.887,ok,,1920,1080,109.14955391589505,62.36264020059645,1263.9065043563483,1000,False,False,False,False
181,data/raw/zurich_mav_sample/MAV_Images/00181.jpg,00181.jpg,12990712,1.4494461249560118,0.0359876183792948,1.919999999999959,47.3843575,8.5451976,466.83,ok,,1920,1080,109.0707282021605,62.3974627749754,1322.2818019833662,1000,False,False,False,False
182,data/raw/zurich_mav_sample/MAV_Images/00182.jpg,00182.jpg,13024045,1.4494461249560118,0.0359876183792948,1.919999999999959,47.3843575,8.5451976,466.83,ok,,1920,1080,108.97630449459876,62.494433281110645,1416.8622650570571,1000,False,False,False,False
183,data/raw/zurich_mav_sample/MAV_Images/00183.jpg,00183.jpg,13057378,1.4494461249560118,0.0359876183792948,1.919999999999959,47.3843575,8.5451976,466.83,ok,,1920,1080,108.89168981481481,62.349844698065766,1308.924813008727,1000,False,False,False,False
184,data/raw/zurich_mav_sample/MAV_Images/00184.jpg,00184.jpg,13090711,1.4494461249560118,0.0359876183792948,1.919999999999959,47.3843575,8.5451976,466.83,ok,,1920,1080,108.80874807098765,62.34551446461129,1340.190987221045,1000,False,False,False,False
185,data/raw/zurich_mav_sample/MAV_Images/00185.jpg,00185.jpg,13124044,1.4494461249560118,0.0359876183792948,1.919999999999959,47.3843575,8.5451976,466.83,ok,,1920,1080,108.83655767746913,62.17651555971377,1228.563291343015,1000,False,False,False,False
186,data/raw/zurich_mav_sample/MAV_Images/00186.jpg,00186.jpg,13157377,1.4494461249560118,0.0359876183792948,1.919999999999959,47.3843575,8.5451976,466.83,ok,,1920,1080,108.87868875385803,62.00163996173798,1081.364967166066,1000,False,False,False,False
187,data/raw/zurich_mav_sample/MAV_Images/00187.jpg,00187.jpg,13188406,1.4502251687226817,0.1693479120731353,1.8169999999999504,47.3843587,8.5451976,466.727,ok,,1920,1080,108.0303621720679,62.339497443177876,1425.3573351322266,1000,False,False,False,False
188,data/raw/zurich_mav_sample/MAV_Images/00188.jpg,00188.jpg,13221739,1.4502251687226817,0.1693479120731353,1.8169999999999504,47.3843587,8.5451976,466.727,ok,,1920,1080,108.2050212191358,62.369531814076595,1410.7214915480686,1000,False,False,False,False
189,data/raw/zurich_mav_sample/MAV_Images/00189.jpg,00189.jpg,13255072,1.4502251687226817,0.1693479120731353,1.8169999999999504,47.3843587,8.5451976,466.727,ok,,1920,1080,108.28936873070988,62.344749893872425,1400.9933076836526,1000,False,False,False,False
190,data/raw/zurich_mav_sample/MAV_Images/00190.jpg,00190.jpg,13288405,1.4502251687226817,0.1693479120731353,1.8169999999999504,47.3843587,8.5451976,466.727,ok,,1920,1080,108.31634789737655,62.393358671566816,1440.6089348776138,1000,False,False,False,False
191,data/raw/zurich_mav_sample/MAV_Images/00191.jpg,00191.jpg,13321738,1.4502251687226817,0.1693479120731353,1.8169999999999504,47.3843587,8.5451976,466.727,ok,,1920,1080,108.3564240933642,62.29284634676907,1395.8516347905716,1000,False,False,False,False
192,data/raw/zurich_mav_sample/MAV_Images/00192.jpg,00192.jpg,13355071,1.4502251687226817,0.1693479120731353,1.8169999999999504,47.3843587,8.5451976,466.727,ok,,1920,1080,108.44554494598765,62.19138205609184,1325.9752456759236,1000,False,False,False,False
193,data/raw/zurich_mav_sample/MAV_Images/00193.jpg,00193.jpg,13389207,1.3824893174460158,0.2030848115682602,1.8039999999999736,47.384359,8.5451967,466.714,ok,,1920,1080,108.46711757330247,62.18484303955456,1310.8510144586473,1000,False,False,False,False
194,data/raw/zurich_mav_sample/MAV_Images/00194.jpg,00194.jpg,13422540,1.3824893174460158,0.2030848115682602,1.8039999999999736,47.384359,8.5451967,466.714,ok,,1920,1080,108.52725597993827,62.25110085029,1374.8983713641417,1000,False,False,False,False
195,data/raw/zurich_mav_sample/MAV_Images/00195.jpg,00195.jpg,13455873,1.3824893174460158,0.2030848115682602,1.8039999999999736,47.384359,8.5451967,466.714,ok,,1920,1080,108.33906008873457,62.297154077977986,1439.9840973394782,1000,False,False,False,False
196,data/raw/zurich_mav_sample/MAV_Images/00196.jpg,00196.jpg,13489206,1.3824893174460158,0.2030848115682602,1.8039999999999736,47.384359,8.5451967,466.714,ok,,1920,1080,108.32771170910493,62.294746783760566,1410.6831505434998,1000,False,False,False,False
197,data/raw/zurich_mav_sample/MAV_Images/00197.jpg,00197.jpg,13522539,1.3824893174460158,0.2030848115682602,1.8039999999999736,47.384359,8.5451967,466.714,ok,,1920,1080,108.31287133487655,62.26155626185538,1354.0963818457885,1000,False,False,False,False
198,data/raw/zurich_mav_sample/MAV_Images/00198.jpg,00198.jpg,13555872,1.3824893174460158,0.2030848115682602,1.8039999999999736,47.384359,8.5451967,466.714,ok,,1920,1080,108.28098765432098,62.213952206710516,1302.4514230487562,1000,False,False,False,False
199,data/raw/zurich_mav_sample/MAV_Images/00199.jpg,00199.jpg,13592107,1.269271630619187,0.2037461921572685,1.7509999999999764,47.384359,8.5451952,466.661,ok,,1920,1080,108.1578766396605,62.24686612997406,1354.5407964748495,1000,False,False,False,False
200,data/raw/zurich_mav_sample/MAV_Images/00200.jpg,00200.jpg,13625440,1.269271630619187,0.2037461921572685,1.7509999999999764,47.384359,8.5451952,466.661,ok,,1920,1080,108.14611738040124,61.85336405864167,1054.087903098252,1000,False,False,True,True
201,data/raw/zurich_mav_sample/MAV_Images/00201.jpg,00201.jpg,13658773,1.269271630619187,0.2037461921572685,1.7509999999999764,47.384359,8.5451952,466.661,ok,,1920,1080,108.07513792438272,61.91749126745684,1123.9242533549843,1000,False,False,True,True
202,data/raw/zurich_mav_sample/MAV_Images/00202.jpg,00202.jpg,13692106,1.269271630619187,0.2037461921572685,1.7509999999999764,47.384359,8.5451952,466.661,ok,,1920,1080,107.6199821566358,61.75235623596987,1082.348355928107,1000,False,False,True,True
203,data/raw/zurich_mav_sample/MAV_Images/00203.jpg,00203.jpg,13725439,1.269271630619187,0.2037461921572685,1.7509999999999764,47.384359,8.5451952,466.661,ok,,1920,1080,107.75238715277777,61.62405680819629,987.5820347307052,1000,False,False,True,True
204,data/raw/zurich_mav_sample/MAV_Images/00204.jpg,00204.jpg,13758772,1.269271630619187,0.2037461921572685,1.7509999999999764,47.384359,8.5451952,466.661,ok,,1920,1080,107.91558883101852,61.42174277233192,870.3754566055862,1000,False,False,True,True
205,data/raw/zurich_mav_sample/MAV_Images/00205.jpg,00205.jpg,13808127,1.239469771797303,0.2706027077510953,1.6899999999999975,47.3843596,8.5451948,466.6,ok,,1920,1080,107.90198784722222,61.290899972725754,769.7974695951648,1000,True,False,True,True
206,data/raw/zurich_mav_sample/MAV_Images/00206.jpg,00206.jpg,13841460,1.239469771797303,0.2706027077510953,1.6899999999999975,47.3843596,8.5451948,466.6,ok,,1920,1080,107.89146894290124,61.53438967438575,903.0528322532855,1000,False,False,True,True
207,data/raw/zurich_mav_sample/MAV_Images/00207.jpg,00207.jpg,13874793,1.239469771797303,0.2706027077510953,1.6899999999999975,47.3843596,8.5451948,466.6,ok,,1920,1080,107.96838155864198,61.55835744259539,866.6721030453359,1000,False,False,True,True
208,data/raw/zurich_mav_sample/MAV_Images/00208.jpg,00208.jpg,13908126,1.239469771797303,0.2706027077510953,1.6899999999999975,47.3843596,8.5451948,466.6,ok,,1920,1080,107.99213589891976,61.50601065287341,845.7083497641725,1000,False,False,True,True
209,data/raw/zurich_mav_sample/MAV_Images/00209.jpg,00209.jpg,13941459,1.239469771797303,0.2706027077510953,1.6899999999999975,47.3843596,8.5451948,466.6,ok,,1920,1080,108.24276186342593,61.017050129231805,688.8534066471217,1000,True,False,True,True
210,data/raw/zurich_mav_sample/MAV_Images/00210.jpg,00210.jpg,13974792,1.239469771797303,0.2706027077510953,1.6899999999999975,47.3843596,8.5451948,466.6,ok,,1920,1080,108.04722752700617,61.290815970099494,752.3378971382615,1000,True,False,True,True
211,data/raw/zurich_mav_sample/MAV_Images/00211.jpg,00211.jpg,13989764,1.0958659404423088,0.2381003852933645,1.752999999999986,47.3843593,8.5451929,466.663,ok,,1920,1080,108.20752989969135,61.249795637839924,735.4558232262455,1000,True,False,True,True
212,data/raw/zurich_mav_sample/MAV_Images/00212.jpg,00212.jpg,14023097,1.0958659404423088,0.2381003852933645,1.752999999999986,47.3843593,8.5451929,466.663,ok,,1920,1080,108.13616946373457,61.37388785755205,754.1809509940366,1000,True,False,True,True
213,data/raw/zurich_mav_sample/MAV_Images/00213.jpg,00213.jpg,14056430,1.0958659404423088,0.2381003852933645,1.752999999999986,47.3843593,8.5451929,466.663,ok,,1920,1080,108.20359182098765,60.83213307434697,637.0760408091882,1000,True,False,True,True
214,data/raw/zurich_mav_sample/MAV_Images/00214.jpg,00214.jpg,14089763,1.0958659404423088,0.2381003852933645,1.752999999999986,47.3843593,8.5451929,466.663,ok,,1920,1080,107.96662519290123,61.5504037368193,909.4977927797107,1000,False,False,True,True
215,data/raw/zurich_mav_sample/MAV_Images/00215.jpg,00215.jpg,14123096,1.0958659404423088,0.2381003852933645,1.752999999999986,47.3843593,8.5451929,466.663,ok,,1920,1080,108.03618296682099,61.49839197556893,851.6211889848855,1000,False,False,True,True
216,data/raw/zurich_mav_sample/MAV_Images/00216.jpg,00216.jpg,14156429,1.0958659404423088,0.2381003852933645,1.752999999999986,47.3843593,8.5451929,466.663,ok,,1920,1080,108.14486400462962,60.6468715888741,629.700002759038,1000,True,False,True,True
217,data/raw/zurich_mav_sample/MAV_Images/00217.jpg,00217.jpg,14191526,1.1190937662031502,0.3379883291199803,1.7159999999999511,47.3843602,8.5451932,466.626,ok,,1920,1080,107.17021363811729,61.746482042154106,1102.8162477612739,1000,False,False,True,True
218,data/raw/zurich_mav_sample/MAV_Images/00218.jpg,00218.jpg,14224859,1.1190937662031502,0.3379883291199803,1.7159999999999511,47.3843602,8.5451932,466.626,ok,,1920,1080,107.44566888503087,61.023767454567086,764.6023240937063,1000,True,False,True,True
219,data/raw/zurich_mav_sample/MAV_Images/00219.jpg,00219.jpg,14258192,1.1190937662031502,0.3379883291199803,1.7159999999999511,47.3843602,8.5451932,466.626,ok,,1920,1080,107.22245466820988,61.618290865042034,966.0016134297492,1000,False,False,True,True
220,data/raw/zurich_mav_sample/MAV_Images/00220.jpg,00220.jpg,14291525,1.1190937662031502,0.3379883291199803,1.7159999999999511,47.3843602,8.5451932,466.626,ok,,1920,1080,107.26762731481482,61.765056634852016,1020.6755814238569,1000,False,False,True,True
221,data/raw/zurich_mav_sample/MAV_Images/00221.jpg,00221.jpg,14324858,1.1190937662031502,0.3379883291199803,1.7159999999999511,47.3843602,8.5451932,466.626,ok,,1920,1080,107.24322675540124,61.96175640299482,1167.8428168106357,1000,False,False,True,True
222,data/raw/zurich_mav_sample/MAV_Images/00222.jpg,00222.jpg,14358191,1.1190937662031502,0.3379883291199803,1.7159999999999511,47.3843602,8.5451932,466.626,ok,,1920,1080,107.32666859567901,61.92511744312356,1145.8480958513721,1000,False,False,True,True
223,data/raw/zurich_mav_sample/MAV_Images/00223.jpg,00223.jpg,14387222,1.164900206727907,0.4266306385397911,1.718999999999994,47.384361,8.5451938,466.629,ok,,1920,1080,107.29422887731481,62.043864979433046,1308.5306371969505,1000,False,False,False,False
224,data/raw/zurich_mav_sample/MAV_Images/00224.jpg,00224.jpg,14420555,1.164900206727907,0.4266306385397911,1.718999999999994,47.384361,8.5451938,466.629,ok,,1920,1080,107.28408950617283,62.16739216092913,1449.3451639973787,1000,False,False,False,False
225,data/raw/zurich_mav_sample/MAV_Images/00225.jpg,00225.jpg,14453888,1.164900206727907,0.4266306385397911,1.718999999999994,47.384361,8.5451938,466.629,ok,,1920,1080,107.33897328317902,62.16191750914254,1411.3138973406626,1000,False,False,False,False
226,data/raw/zurich_mav_sample/MAV_Images/00226.jpg,00226.jpg,14487221,1.164900206727907,0.4266306385397911,1.718999999999994,47.384361,8.5451938,466.629,ok,,1920,1080,107.33609326774692,62.127107120597294,1407.722748683515,1000,False,False,False,False
227,data/raw/zurich_mav_sample/MAV_Images/00227.jpg,00227.jpg,14520554,1.164900206727907,0.4266306385397911,1.718999999999994,47.384361,8.5451938,466.629,ok,,1920,1080,107.35083429783951,62.09331060130164,1415.2465605878951,1000,False,False,False,False
228,data/raw/zurich_mav_sample/MAV_Images/00228.jpg,00228.jpg,14553887,1.164900206727907,0.4266306385397911,1.718999999999994,47.384361,8.5451938,466.629,ok,,1920,1080,107.30150704089506,62.19353250756023,1529.7678176283994,1000,False,False,False,False
229,data/raw/zurich_mav_sample/MAV_Images/00229.jpg,00229.jpg,14588057,1.1730972607037984,0.5377201251685619,1.6199999999999477,47.384362,8.5451939,466.53,ok,,1920,1080,107.34924864969136,62.13317508774266,1469.8277127614278,1000,False,False,False,False
230,data/raw/zurich_mav_sample/MAV_Images/00230.jpg,00230.jpg,14621390,1.1730972607037984,0.5377201251685619,1.6199999999999477,47.384362,8.5451939,466.53,ok,,1920,1080,107.37570408950617,62.17952690983054,1538.0746543483085,1000,False,False,False,False
231,data/raw/zurich_mav_sample/MAV_Images/00231.jpg,00231.jpg,14654723,1.1730972607037984,0.5377201251685619,1.6199999999999477,47.384362,8.5451939,466.53,ok,,1920,1080,107.4341902970679,62.075061612649,1377.4332984731775,1000,False,False,False,False
232,data/raw/zurich_mav_sample/MAV_Images/00232.jpg,00232.jpg,14688056,1.1730972607037984,0.5377201251685619,1.6199999999999477,47.384362,8.5451939,466.53,ok,,1920,1080,107.10994743441358,61.99366041400478,1373.3232444721668,1000,False,False,False,False
233,data/raw/zurich_mav_sample/MAV_Images/00233.jpg,00233.jpg,14721389,1.1730972607037984,0.5377201251685619,1.6199999999999477,47.384362,8.5451939,466.53,ok,,1920,1080,107.3088102816358,61.95513081497151,1269.2192084105777,1000,False,False,True,True
234,data/raw/zurich_mav_sample/MAV_Images/00234.jpg,00234.jpg,14754722,1.1730972607037984,0.5377201251685619,1.6199999999999477,47.384362,8.5451939,466.53,ok,,1920,1080,107.43442949459876,61.952569863567234,1270.1217655751498,1000,False,False,True,True
235,data/raw/zurich_mav_sample/MAV_Images/00235.jpg,00235.jpg,14796032,1.2109663290902972,0.5597263779491186,1.7299999999999611,47.3843622,8.5451944,466.64,ok,,1920,1080,107.50840518904322,61.904913829543695,1214.6652145365538,1000,False,False,True,True
236,data/raw/zurich_mav_sample/MAV_Images/00236.jpg,00236.jpg,14829365,1.2109663290902972,0.5597263779491186,1.7299999999999611,47.3843622,8.5451944,466.64,ok,,1920,1080,107.61328414351851,61.87419296173315,1165.1330727502138,1000,False,False,True,True
237,data/raw/zurich_mav_sample/MAV_Images/00237.jpg,00237.jpg,14862698,1.2109663290902972,0.5597263779491186,1.7299999999999611,47.3843622,8.5451944,466.64,ok,,1920,1080,107.70045331790124,61.78362870089751,1094.7371471223748,1000,False,False,True,True
238,data/raw/zurich_mav_sample/MAV_Images/00238.jpg,00238.jpg,14896031,1.2109663290902972,0.5597263779491186,1.7299999999999611,47.3843622,8.5451944,466.64,ok,,1920,1080,107.76288917824074,61.668642650128824,1008.7396504816984,1000,False,False,True,True
239,data/raw/zurich_mav_sample/MAV_Images/00239.jpg,00239.jpg,14929364,1.2109663290902972,0.5597263779491186,1.7299999999999611,47.3843622,8.5451944,466.64,ok,,1920,1080,107.8313107638889,61.713349164058634,995.463155222029,1000,False,False,True,True
240,data/raw/zurich_mav_sample/MAV_Images/00240.jpg,00240.jpg,14962697,1.2109663290902972,0.5597263779491186,1.7299999999999611,47.3843622,8.5451944,466.64,ok,,1920,1080,107.82500771604938,61.65739848238555,978.2587816658679,1000,False,False,True,True
241,data/raw/zurich_mav_sample/MAV_Images/00241.jpg,00241.jpg,14990721,1.1956109551829286,0.5153611321002245,1.8319999999999936,47.3843618,8.5451942,466.742,ok,,1920,1080,107.97273582175926,61.45413275671428,848.3224821477922,1000,False,False,True,True
242,data/raw/zurich_mav_sample/MAV_Images/00242.jpg,00242.jpg,15024054,1.1956109551829286,0.5153611321002245,1.8319999999999936,47.3843618,8.5451942,466.742,ok,,1920,1080,107.97408275462963,61.46610202451478,825.8311744840337,1000,False,False,True,True
243,data/raw/zurich_mav_sample/MAV_Images/00243.jpg,00243.jpg,15057387,1.1956109551829286,0.5153611321002245,1.8319999999999936,47.3843618,8.5451942,466.742,ok,,1920,1080,108.07999228395062,61.40912869245841,771.636589958117,1000,False,False,True,True
244,data/raw/zurich_mav_sample/MAV_Images/00244.jpg,00244.jpg,15090720,1.1956109551829286,0.5153611321002245,1.8319999999999936,47.3843618,8.5451942,466.742,ok,,1920,1080,108.17913483796296,61.249683860231855,708.2925366339595,1000,True,False,True,True
245,data/raw/zurich_mav_sample/MAV_Images/00245.jpg,00245.jpg,15124053,1.1956109551829286,0.5153611321002245,1.8319999999999936,47.3843618,8.5451942,466.742,ok,,1920,1080,108.08301408179013,61.464664928567316,808.8394358699763,1000,False,False,True,True
246,data/raw/zurich_mav_sample/MAV_Images/00246.jpg,00246.jpg,15157386,1.1956109551829286,0.5153611321002245,1.8319999999999936,47.3843618,8.5451942,466.742,ok,,1920,1080,108.05507185570988,61.667088579165785,894.2369310930648,1000,False,False,True,True
247,data/raw/zurich_mav_sample/MAV_Images/00247.jpg,00247.jpg,15185446,1.2946418339270167,0.6703749448060989,1.613999999999976,47.3843632,8.5451955,466.524,ok,,1920,1080,107.64069733796296,61.366533132259214,859.056303156123,1000,False,False,True,True
248,data/raw/zurich_mav_sample/MAV_Images/00248.jpg,00248.jpg,15218779,1.2946418339270167,0.6703749448060989,1.613999999999976,47.3843632,8.5451955,466.524,ok,,1920,1080,107.83930555555555,61.14430551296506,731.9234276992025,1000,True,False,True,True
249,data/raw/zurich_mav_sample/MAV_Images/00249.jpg,00249.jpg,15252112,1.2946418339270167,0.6703749448060989,1.613999999999976,47.3843632,8.5451955,466.524,ok,,1920,1080,107.67550684799383,61.40082905978571,816.6972791913629,1000,False,False,True,True
250,data/raw/zurich_mav_sample/MAV_Images/00250.jpg,00250.jpg,15285445,1.2946418339270167,0.6703749448060989,1.613999999999976,47.3843632,8.5451955,466.524,ok,,1920,1080,107.67937644675926,61.52041069997615,839.7130864173329,1000,False,False,True,True
251,data/raw/zurich_mav_sample/MAV_Images/00251.jpg,00251.jpg,15318778,1.2946418339270167,0.6703749448060989,1.613999999999976,47.3843632,8.5451955,466.524,ok,,1920,1080,107.68251687885802,61.70635988457488,895.9454189404144,1000,False,False,True,True
252,data/raw/zurich_mav_sample/MAV_Images/00252.jpg,00252.jpg,15352111,1.2946418339270167,0.6703749448060989,1.613999999999976,47.3843632,8.5451955,466.524,ok,,1920,1080,107.75867091049383,61.767247897696045,907.1850008200286,1000,False,False,True,True
253,data/raw/zurich_mav_sample/MAV_Images/00253.jpg,00253.jpg,15387279,1.2869641475263052,0.6481923200190067,1.6509999999999536,47.384363,8.5451954,466.561,ok,,1920,1080,107.75309365354939,61.76997115698896,905.2131915792972,1000,False,False,True,True
254,data/raw/zurich_mav_sample/MAV_Images/00254.jpg,00254.jpg,15420612,1.2869641475263052,0.6481923200190067,1.6509999999999536,47.384363,8.5451954,466.561,ok,,1920,1080,107.69546971450617,61.762696114157656,914.4894803719367,1000,False,False,True,True
255,data/raw/zurich_mav_sample/MAV_Images/00255.jpg,00255.jpg,15453945,1.2869641475263052,0.6481923200190067,1.6509999999999536,47.384363,8.5451954,466.561,ok,,1920,1080,107.74756992669754,61.64429433094686,882.5345784186345,1000,False,False,True,True
256,data/raw/zurich_mav_sample/MAV_Images/00256.jpg,00256.jpg,15487278,1.2869641475263052,0.6481923200190067,1.6509999999999536,47.384363,8.5451954,466.561,ok,,1920,1080,107.6099643132716,61.838638717896465,997.4304167696639,1000,False,False,True,True
257,data/raw/zurich_mav_sample/MAV_Images/00257.jpg,00257.jpg,15520611,1.2869641475263052,0.6481923200190067,1.6509999999999536,47.384363,8.5451954,466.561,ok,,1920,1080,107.61254436728395,61.81149511603728,963.3868754818627,1000,False,False,True,True
258,data/raw/zurich_mav_sample/MAV_Images/00258.jpg,00258.jpg,15553944,1.2869641475263052,0.6481923200190067,1.6509999999999536,47.384363,8.5451954,466.561,ok,,1920,1080,107.52152874228395,61.74034368268826,942.552522181758,1000,False,False,True,True
259,data/raw/zurich_mav_sample/MAV_Images/00259.jpg,00259.jpg,15585104,1.3093480007955804,0.6036066133528948,1.817999999999984,47.3843626,8.5451957,466.728,ok,,1920,1080,107.36817177854938,61.85004287477655,1015.9437808639881,1000,False,False,True,True
260,data/raw/zurich_mav_sample/MAV_Images/00260.jpg,00260.jpg,15618437,1.3093480007955804,0.6036066133528948,1.817999999999984,47.3843626,8.5451957,466.728,ok,,1920,1080,107.18751543209876,62.166176830061154,1276.662074121953,1000,False,False,False,False
261,data/raw/zurich_mav_sample/MAV_Images/00261.jpg,00261.jpg,15651770,1.3093480007955804,0.6036066133528948,1.817999999999984,47.3843626,8.5451957,466.728,ok,,1920,1080,107.16663580246913,62.272218440427835,1337.7597495840555,1000,False,False,False,False
262,data/raw/zurich_mav_sample/MAV_Images/00262.jpg,00262.jpg,15685103,1.3093480007955804,0.6036066133528948,1.817999999999984,47.3843626,8.5451957,466.728,ok,,1920,1080,106.90038869598766,61.974134003918486,1092.8376957856353,1000,False,False,True,True
263,data/raw/zurich_mav_sample/MAV_Images/00263.jpg,00263.jpg,15718436,1.3093480007955804,0.6036066133528948,1.817999999999984,47.3843626,8.5451957,466.728,ok,,1920,1080,107.08348765432099,62.091126439699686,1139.9848512726126,1000,False,False,False,False
264,data/raw/zurich_mav_sample/MAV_Images/00264.jpg,00264.jpg,15751769,1.3093480007955804,0.6036066133528948,1.817999999999984,47.3843626,8.5451957,466.728,ok,,1920,1080,107.20022665895061,62.19171855803399,1207.949391590511,1000,False,False,False,False
265,data/raw/zurich_mav_sample/MAV_Images/00265.jpg,00265.jpg,15786962,1.2942523102392445,0.6036947993561625,1.780999999999949,47.3843626,8.5451955,466.691,ok,,1920,1080,107.42132957175926,62.0894678115718,1109.7065146514,1000,False,False,False,False
266,data/raw/zurich_mav_sample/MAV_Images/00266.jpg,00266.jpg,15820295,1.2942523102392445,0.6036947993561625,1.780999999999949,47.3843626,8.5451955,466.691,ok,,1920,1080,107.4947511574074,62.18832531274885,1197.9197344259044,1000,False,False,False,False
267,data/raw/zurich_mav_sample/MAV_Images/00267.jpg,00267.jpg,15853628,1.2942523102392445,0.6036947993561625,1.780999999999949,47.3843626,8.5451955,466.691,ok,,1920,1080,107.58007764274691,62.263599357656986,1238.7638218627715,1000,False,False,False,False
268,data/raw/zurich_mav_sample/MAV_Images/00268.jpg,00268.jpg,15886961,1.2942523102392445,0.6036947993561625,1.780999999999949,47.3843626,8.5451955,466.691,ok,,1920,1080,107.62411168981481,62.336361562347065,1308.35648378362,1000,False,False,False,False
269,data/raw/zurich_mav_sample/MAV_Images/00269.jpg,00269.jpg,15920294,1.2942523102392445,0.6036947993561625,1.780999999999949,47.3843626,8.5451955,466.691,ok,,1920,1080,107.75757667824074,62.130094702631155,1152.710674954899,1000,False,False,False,False
270,data/raw/zurich_mav_sample/MAV_Images/00270.jpg,00270.jpg,15953627,1.2942523102392445,0.6036947993561625,1.780999999999949,47.3843626,8.5451955,466.691,ok,,1920,1080,107.74490692515432,62.257821129695415,1248.576913975109,1000,False,False,False,False
271,data/raw/zurich_mav_sample/MAV_Images/00271.jpg,00271.jpg,15983557,1.2489652385702357,0.6039593508467078,1.7849999999999682,47.3843626,8.5451949,466.695,ok,,1920,1080,107.91928771219136,61.84718699544541,979.2954364717879,1000,False,False,True,True
272,data/raw/zurich_mav_sample/MAV_Images/00272.jpg,00272.jpg,16016890,1.2489652385702357,0.6039593508467078,1.7849999999999682,47.3843626,8.5451949,466.695,ok,,1920,1080,107.97999517746914,62.068602295323515,1080.0688420483814,1000,False,False,False,False
273,data/raw/zurich_mav_sample/MAV_Images/00273.jpg,00273.jpg,16050223,1.2489652385702357,0.6039593508467078,1.7849999999999682,47.3843626,8.5451949,466.695,ok,,1920,1080,107.99783998842592,62.22130434484401,1122.4735893431548,1000,False,False,False,False
274,data/raw/zurich_mav_sample/MAV_Images/00274.jpg,00274.jpg,16083556,1.2489652385702357,0.6039593508467078,1.7849999999999682,47.3843626,8.5451949,466.695,ok,,1920,1080,108.08213638117284,62.287032826127614,1127.2517353782582,1000,False,False,False,False
275,data/raw/zurich_mav_sample/MAV_Images/00275.jpg,00275.jpg,16116889,1.2489652385702357,0.6039593508467078,1.7849999999999682,47.3843626,8.5451949,466.695,ok,,1920,1080,108.1157918595679,62.40691291477536,1256.6519740456395,1000,False,False,False,False
276,data/raw/zurich_mav_sample/MAV_Images/00276.jpg,00276.jpg,16150222,1.2489652385702357,0.6039593508467078,1.7849999999999682,47.3843626,8.5451949,466.695,ok,,1920,1080,108.22860773533951,62.38889521015931,1222.0877901378458,1000,False,False,False,False
277,data/raw/zurich_mav_sample/MAV_Images/00277.jpg,00277.jpg,16191395,1.1962601632112635,0.6264947094023228,1.8379999999999648,47.3843628,8.5451942,466.748,ok,,1920,1080,107.80239342206791,62.390567724090616,1272.750593501101,1000,False,False,False,False
278,data/raw/zurich_mav_sample/MAV_Images/00278.jpg,00278.jpg,16224728,1.1962601632112635,0.6264947094023228,1.8379999999999648,47.3843628,8.5451942,466.748,ok,,1920,1080,108.00145688657408,62.39136241401298,1232.874601643229,1000,False,False,False,False
279,data/raw/zurich_mav_sample/MAV_Images/00279.jpg,00279.jpg,16258061,1.1962601632112635,0.6264947094023228,1.8379999999999648,47.3843628,8.5451942,466.748,ok,,1920,1080,108.16357301311729,62.34086624448233,1157.4665270093356,1000,False,False,False,False
280,data/raw/zurich_mav_sample/MAV_Images/00280.jpg,00280.jpg,16291394,1.1962601632112635,0.6264947094023228,1.8379999999999648,47.3843628,8.5451942,466.748,ok,,1920,1080,108.29318721064814,62.38006259358863,1129.8910170443978,1000,False,False,False,False
281,data/raw/zurich_mav_sample/MAV_Images/00281.jpg,00281.jpg,16324727,1.1962601632112635,0.6264947094023228,1.8379999999999648,47.3843628,8.5451942,466.748,ok,,1920,1080,108.39800347222223,62.432104663971856,1188.2520687032927,1000,False,False,False,False
282,data/raw/zurich_mav_sample/MAV_Images/00282.jpg,00282.jpg,16358060,1.1962601632112635,0.6264947094023228,1.8379999999999648,47.3843628,8.5451942,466.748,ok,,1920,1080,108.5093325617284,62.2529954261131,1022.1955179815093,1000,False,False,False,False
283,data/raw/zurich_mav_sample/MAV_Images/00283.jpg,00283.jpg,16388182,1.135877401335165,0.6268474478274584,1.823999999999956,47.3843628,8.5451934,466.734,ok,,1920,1080,108.55091917438271,62.42965985348089,1109.0358274495438,1000,False,False,False,False
284,data/raw/zurich_mav_sample/MAV_Images/00284.jpg,00284.jpg,16421515,1.135877401335165,0.6268474478274584,1.823999999999956,47.3843628,8.5451934,466.734,ok,,1920,1080,108.6912996720679,62.183832912838064,914.9992418458951,1000,False,False,False,False
285,data/raw/zurich_mav_sample/MAV_Images/00285.jpg,00285.jpg,16454848,1.135877401335165,0.6268474478274584,1.823999999999956,47.3843628,8.5451934,466.734,ok,,1920,1080,108.81930893132716,62.1892211960521,869.5791534346238,1000,False,False,False,False
286,data/raw/zurich_mav_sample/MAV_Images/00286.jpg,00286.jpg,16488181,1.135877401335165,0.6268474478274584,1.823999999999956,47.3843628,8.5451934,466.734,ok,,1920,1080,108.87861111111111,62.24293972028593,872.7637885802432,1000,False,False,False,False
287,data/raw/zurich_mav_sample/MAV_Images/00287.jpg,00287.jpg,16521514,1.135877401335165,0.6268474478274584,1.823999999999956,47.3843628,8.5451934,466.734,ok,,1920,1080,108.97914207175926,62.21479344322952,845.5889245913384,1000,False,False,False,False
288,data/raw/zurich_mav_sample/MAV_Images/00288.jpg,00288.jpg,16554847,1.135877401335165,0.6268474478274584,1.823999999999956,47.3843628,8.5451934,466.734,ok,,1920,1080,109.05764515817901,62.29006365033469,882.6568170503105,1000,False,False,False,False
289,data/raw/zurich_mav_sample/MAV_Images/00289.jpg,00289.jpg,16590050,1.082523116376251,0.5382492328062654,1.9809999999999943,47.384362,8.5451927,466.891,ok,,1920,1080,109.17624614197531,62.12760352362793,792.9339395583708,1000,False,False,False,False
290,data/raw/zurich_mav_sample/MAV_Images/00290.jpg,00290.jpg,16623383,1.082523116376251,0.5382492328062654,1.9809999999999943,47.384362,8.5451927,466.891,ok,,1920,1080,109.31636284722222,62.04303615759219,775.9145204069331,1000,False,False,False,False
291,data/raw/zurich_mav_sample/MAV_Images/00291.jpg,00291.jpg,16656716,1.082523116376251,0.5382492328062654,1.9809999999999943,47.384362,8.5451927,466.891,ok,,1920,1080,109.30523919753087,62.09245987122309,784.8008946201089,1000,False,False,False,False
292,data/raw/zurich_mav_sample/MAV_Images/00292.jpg,00292.jpg,16690049,1.082523116376251,0.5382492328062654,1.9809999999999943,47.384362,8.5451927,466.891,ok,,1920,1080,108.81798128858024,62.35263504924034,963.3556655003251,1000,False,False,False,False
293,data/raw/zurich_mav_sample/MAV_Images/00293.jpg,00293.jpg,16723382,1.082523116376251,0.5382492328062654,1.9809999999999943,47.384362,8.5451927,466.891,ok,,1920,1080,109.02509693287037,62.30298737760534,945.2683371865357,1000,False,False,False,False
294,data/raw/zurich_mav_sample/MAV_Images/00294.jpg,00294.jpg,16756715,1.082523116376251,0.5382492328062654,1.9809999999999943,47.384362,8.5451927,466.891,ok,,1920,1080,109.04467881944444,62.427520723596494,1034.560990053602,1000,False,False,False,False
295,data/raw/zurich_mav_sample/MAV_Images/00295.jpg,00295.jpg,16784751,1.0676871099276468,0.5827908469364047,1.8559999999999943,47.3843624,8.5451925,466.766,ok,,1920,1080,109.07904658564814,62.41422697104163,959.6581541230939,1000,False,False,False,False
296,data/raw/zurich_mav_sample/MAV_Images/00296.jpg,00296.jpg,16818084,1.0676871099276468,0.5827908469364047,1.8559999999999943,47.3843624,8.5451925,466.766,ok,,1920,1080,109.02991367669753,62.42615955001123,984.8975105361126,1000,False,False,False,False
297,data/raw/zurich_mav_sample/MAV_Images/00297.jpg,00297.jpg,16851417,1.0676871099276468,0.5827908469364047,1.8559999999999943,47.3843624,8.5451925,466.766,ok,,1920,1080,108.88280815972222,62.438391758576046,984.8716472125157,1000,False,False,False,False
298,data/raw/zurich_mav_sample/MAV_Images/00298.jpg,00298.jpg,16884750,1.0676871099276468,0.5827908469364047,1.8559999999999943,47.3843624,8.5451925,466.766,ok,,1920,1080,108.70386188271605,62.68826169128032,1142.6109952381523,1000,False,False,False,False
299,data/raw/zurich_mav_sample/MAV_Images/00299.jpg,00299.jpg,16918083,1.0676871099276468,0.5827908469364047,1.8559999999999943,47.3843624,8.5451925,466.766,ok,,1920,1080,108.78543595679012,62.598241940044325,1037.25623460661,1000,False,False,False,False
300,data/raw/zurich_mav_sample/MAV_Images/00300.jpg,00300.jpg,16951416,1.0676871099276468,0.5827908469364047,1.8559999999999943,47.3843624,8.5451925,466.766,ok,,1920,1080,108.72019241898148,62.80713841484816,1222.174737826281,1000,False,False,False,False
301,data/raw/zurich_mav_sample/MAV_Images/00301.jpg,00301.jpg,16989655,1.007174505153671,0.5609168699011207,1.8789999999999625,47.3843622,8.5451917,466.789,ok,,1920,1080,108.66821469907407,62.988588694039414,1394.5912472172172,1000,False,False,False,False
302,data/raw/zurich_mav_sample/MAV_Images/00302.jpg,00302.jpg,17022988,1.007174505153671,0.5609168699011207,1.8789999999999625,47.3843622,8.5451917,466.789,ok,,1920,1080,108.74019434799382,63.00840187735408,1374.8232228573227,1000,False,False,False,False
303,data/raw/zurich_mav_sample/MAV_Images/00303.jpg,00303.jpg,17056321,1.007174505153671,0.5609168699011207,1.8789999999999625,47.3843622,8.5451917,466.789,ok,,1920,1080,108.8137326388889,62.960419555682705,1290.4050162980338,1000,False,False,False,False
304,data/raw/zurich_mav_sample/MAV_Images/00304.jpg,00304.jpg,17089654,1.007174505153671,0.5609168699011207,1.8789999999999625,47.3843622,8.5451917,466.789,ok,,1920,1080,108.84144627700617,62.974104676834195,1319.4369539789664,1000,False,False,False,False
305,data/raw/zurich_mav_sample/MAV_Images/00305.jpg,00305.jpg,17122987,1.007174505153671,0.5609168699011207,1.8789999999999625,47.3843622,8.5451917,466.789,ok,,1920,1080,108.94923080632717,62.88429801976657,1231.5850525314718,1000,False,False,False,False
306,data/raw/zurich_mav_sample/MAV_Images/00306.jpg,00306.jpg,17156320,1.007174505153671,0.5609168699011207,1.8789999999999625,47.3843622,8.5451917,466.789,ok,,1920,1080,109.0347588734568,62.85041026566971,1166.2506703983113,1000,False,False,False,False
307,data/raw/zurich_mav_sample/MAV_Images/00307.jpg,00307.jpg,17187411,0.938854369451292,0.4946335554122925,1.884999999999991,47.3843616,8.5451908,466.795,ok,,1920,1080,108.6154335455247,62.69699701226387,1111.822041752028,1000,False,False,False,False
308,data/raw/zurich_mav_sample/MAV_Images/00308.jpg,00308.jpg,17220744,0.938854369451292,0.4946335554122925,1.884999999999991,47.3843616,8.5451908,466.795,ok,,1920,1080,108.93902922453704,62.54370024131525,958.7045475500204,1000,False,False,False,False
309,data/raw/zurich_mav_sample/MAV_Images/00309.jpg,00309.jpg,17254077,0.938854369451292,0.4946335554122925,1.884999999999991,47.3843616,8.5451908,466.795,ok,,1920,1080,109.08650896990741,62.61546663666979,988.202016788417,1000,False,False,False,False
310,data/raw/zurich_mav_sample/MAV_Images/00310.jpg,00310.jpg,17287410,0.938854369451292,0.4946335554122925,1.884999999999991,47.3843616,8.5451908,466.795,ok,,1920,1080,109.1604721257716,62.728261080502875,1063.2928438383512,1000,False,False,False,False
311,data/raw/zurich_mav_sample/MAV_Images/00311.jpg,00311.jpg,17320743,0.938854369451292,0.4946335554122925,1.884999999999991,47.3843616,8.5451908,466.795,ok,,1920,1080,109.258504533179,62.8910909796883,1162.8087982780355,1000,False,False,False,False
312,data/raw/zurich_mav_sample/MAV_Images/00312.jpg,00312.jpg,17354076,0.938854369451292,0.4946335554122925,1.884999999999991,47.3843616,8.5451908,466.795,ok,,1920,1080,109.293828125,62.98858891140469,1228.6743123097779,1000,False,False,False,False
313,data/raw/zurich_mav_sample/MAV_Images/00313.jpg,00313.jpg,17391383,0.9234989932738245,0.4502683095633983,1.839999999999975,47.3843612,8.5451906,466.75,ok,,1920,1080,109.28693094135802,63.03023243281421,1301.2677944266509,1000,False,False,False,False
314,data/raw/zurich_mav_sample/MAV_Images/00314.jpg,00314.jpg,17424716,0.9234989932738245,0.4502683095633983,1.839999999999975,47.3843612,8.5451906,466.75,ok,,1920,1080,109.29143518518518,62.992745102252876,1278.6816856587081,1000,False,False,False,False
315,data/raw/zurich_mav_sample/MAV_Images/00315.jpg,00315.jpg,17458049,0.9234989932738245,0.4502683095633983,1.839999999999975,47.3843612,8.5451906,466.75,ok,,1920,1080,109.20145109953704,63.066536783313765,1340.2519179461108,1000,False,False,False,False
316,data/raw/zurich_mav_sample/MAV_Images/00316.jpg,00316.jpg,17491382,0.9234989932738245,0.4502683095633983,1.839999999999975,47.3843612,8.5451906,466.75,ok,,1920,1080,109.17922743055556,63.1472457472846,1394.311440167904,1000,False,False,False,False
317,data/raw/zurich_mav_sample/MAV_Images/00317.jpg,00317.jpg,17524715,0.9234989932738245,0.4502683095633983,1.839999999999975,47.3843612,8.5451906,466.75,ok,,1920,1080,109.10427324459877,63.159455297427726,1430.470705752498,1000,False,False,False,False
318,data/raw/zurich_mav_sample/MAV_Images/00318.jpg,00318.jpg,17558048,0.9234989932738245,0.4502683095633983,1.839999999999975,47.3843612,8.5451906,466.75,ok,,1920,1080,109.13024787808642,63.03119383919575,1293.2394873568692,1000,False,False,False,False
319,data/raw/zurich_mav_sample/MAV_Images/00319.jpg,00319.jpg,17588112,0.9158213051850908,0.4280856857076287,1.8389999999999984,47.384361,8.5451905,466.749,ok,,1920,1080,109.07406539351852,63.007848206503425,1261.3954537085608,1000,False,False,False,False
320,data/raw/zurich_mav_sample/MAV_Images/00320.jpg,00320.jpg,17621445,0.9158213051850908,0.4280856857076287,1.8389999999999984,47.384361,8.5451905,466.749,ok,,1920,1080,109.08209587191358,63.046904993113785,1292.101069330998,1000,False,False,False,False
321,data/raw/zurich_mav_sample/MAV_Images/00321.jpg,00321.jpg,17654778,0.9158213051850908,0.4280856857076287,1.8389999999999984,47.384361,8.5451905,466.749,ok,,1920,1080,109.08521026234568,63.09738062364067,1357.6044562504328,1000,False,False,False,False
322,data/raw/zurich_mav_sample/MAV_Images/00322.jpg,00322.jpg,17688111,0.9158213051850908,0.4280856857076287,1.8389999999999984,47.384361,8.5451905,466.749,ok,,1920,1080,108.65694637345679,63.229426912120914,1580.058515201929,1000,False,False,False,False
323,data/raw/zurich_mav_sample/MAV_Images/00323.jpg,00323.jpg,17721444,0.9158213051850908,0.4280856857076287,1.8389999999999984,47.384361,8.5451905,466.749,ok,,1920,1080,108.85985291280865,63.12659762598729,1447.1036266891133,1000,False,False,False,False
324,data/raw/zurich_mav_sample/MAV_Images/00324.jpg,00324.jpg,17754777,0.9158213051850908,0.4280856857076287,1.8389999999999984,47.384361,8.5451905,466.749,ok,,1920,1080,108.99915075231482,62.94300705484851,1284.4109603245804,1000,False,False,False,False
325,data/raw/zurich_mav_sample/MAV_Images/00325.jpg,00325.jpg,17784803,0.8549840910127386,0.3506449218839407,1.899000000000001,47.3843603,8.5451897,466.809,ok,,1920,1080,108.95735966435186,62.96215274152639,1319.6733845646847,1000,False,False,False,False
326,data/raw/zurich_mav_sample/MAV_Images/00326.jpg,00326.jpg,17818136,0.8549840910127386,0.3506449218839407,1.899000000000001,47.3843603,8.5451897,466.809,ok,,1920,1080,108.9271055169753,62.99294282481782,1350.6999150397326,1000,False,False,False,False
327,data/raw/zurich_mav_sample/MAV_Images/00327.jpg,00327.jpg,17851469,0.8549840910127386,0.3506449218839407,1.899000000000001,47.3843603,8.5451897,466.809,ok,,1920,1080,108.90337094907407,62.99780800078427,1309.3901777876797,1000,False,False,False,False
328,data/raw/zurich_mav_sample/MAV_Images/00328.jpg,00328.jpg,17884802,0.8549840910127386,0.3506449218839407,1.899000000000001,47.3843603,8.5451897,466.809,ok,,1920,1080,108.9778091242284,63.003958805593456,1286.7845666007136,1000,False,False,False,False
329,data/raw/zurich_mav_sample/MAV_Images/00329.jpg,00329.jpg,17918135,0.8549840910127386,0.3506449218839407,1.899000000000001,47.3843603,8.5451897,466.809,ok,,1920,1080,109.00356095679012,62.850946266682634,1212.0233062528305,1000,False,False,False,False
330,data/raw/zurich_mav_sample/MAV_Images/00330.jpg,00330.jpg,17951468,0.8549840910127386,0.3506449218839407,1.899000000000001,47.3843603,8.5451897,466.809,ok,,1920,1080,108.94210021219136,62.908085474921045,1275.0285430238812,1000,False,False,False,False
331,data/raw/zurich_mav_sample/MAV_Images/00331.jpg,00331.jpg,17985701,0.7110556508996524,0.2625758228823542,1.975999999999999,47.3843595,8.5451878,466.886,ok,,1920,1080,108.93804060570987,63.03764117202268,1364.3192448053214,1000,False,False,False,False
332,data/raw/zurich_mav_sample/MAV_Images/00332.jpg,00332.jpg,18019034,0.7110556508996524,0.2625758228823542,1.975999999999999,47.3843595,8.5451878,466.886,ok,,1920,1080,108.91574508101851,63.12582557650934,1446.288880448147,1000,False,False,False,False
333,data/raw/zurich_mav_sample/MAV_Images/00333.jpg,00333.jpg,18052367,0.7110556508996524,0.2625758228823542,1.975999999999999,47.3843595,8.5451878,466.886,ok,,1920,1080,108.93744261188272,63.06477630099826,1386.475726520502,1000,False,False,False,False
334,data/raw/zurich_mav_sample/MAV_Images/00334.jpg,00334.jpg,18085700,0.7110556508996524,0.2625758228823542,1.975999999999999,47.3843595,8.5451878,466.886,ok,,1920,1080,108.91685956790124,62.76750246456546,1210.1839742476857,1000,False,False,False,False
335,data/raw/zurich_mav_sample/MAV_Images/00335.jpg,00335.jpg,18119033,0.7110556508996524,0.2625758228823542,1.975999999999999,47.3843595,8.5451878,466.886,ok,,1920,1080,108.88584780092593,62.72643699198202,1157.3205082053541,1000,False,False,False,False
336,data/raw/zurich_mav_sample/MAV_Images/00336.jpg,00336.jpg,18152366,0.7110556508996524,0.2625758228823542,1.975999999999999,47.3843595,8.5451878,466.886,ok,,1920,1080,108.74523292824074,62.95115537194499,1324.0864983091822,1000,False,False,False,False
337,data/raw/zurich_mav_sample/MAV_Images/00337.jpg,00337.jpg,18192591,0.635122740699444,0.1852232459932565,1.960999999999956,47.3843588,8.5451868,466.871,ok,,1920,1080,108.13465663580247,63.149701210995175,1555.3761386088674,1000,False,False,False,False
338,data/raw/zurich_mav_sample/MAV_Images/00338.jpg,00338.jpg,18225924,0.635122740699444,0.1852232459932565,1.960999999999956,47.3843588,8.5451868,466.871,ok,,1920,1080,108.29800829475309,63.169155309918516,1476.800348941342,1000,False,False,False,False
339,data/raw/zurich_mav_sample/MAV_Images/00339.jpg,00339.jpg,18259257,0.635122740699444,0.1852232459932565,1.960999999999956,47.3843588,8.5451868,466.871,ok,,1920,1080,108.43059076003087,63.027059227731634,1373.9617934146631,1000,False,False,False,False
340,data/raw/zurich_mav_sample/MAV_Images/00340.jpg,00340.jpg,18292590,0.635122740699444,0.1852232459932565,1.960999999999956,47.3843588,8.5451868,466.871,ok,,1920,1080,108.42795042438271,63.023605500894796,1384.4682137524828,1000,False,False,False,False
341,data/raw/zurich_mav_sample/MAV_Images/00341.jpg,00341.jpg,18325923,0.635122740699444,0.1852232459932565,1.960999999999956,47.3843588,8.5451868,466.871,ok,,1920,1080,108.45965567129629,62.96189107282527,1331.5959198666828,1000,False,False,False,False
342,data/raw/zurich_mav_sample/MAV_Images/00342.jpg,00342.jpg,18359256,0.635122740699444,0.1852232459932565,1.960999999999956,47.3843588,8.5451868,466.871,ok,,1920,1080,108.45542004243828,62.86959742494221,1284.7599937306816,1000,False,False,False,False
343,data/raw/zurich_mav_sample/MAV_Images/00343.jpg,00343.jpg,18384222,0.5366112127085216,0.1191163072362542,1.9459999999999693,47.3843582,8.5451855,466.856,ok,,1920,1080,108.33978973765431,62.99144577367591,1381.6713550979425,1000,False,False,False,False
344,data/raw/zurich_mav_sample/MAV_Images/00344.jpg,00344.jpg,18417555,0.5366112127085216,0.1191163072362542,1.9459999999999693,47.3843582,8.5451855,466.856,ok,,1920,1080,108.3158203125,63.11239075803237,1506.4112037029736,1000,False,False,False,False
345,data/raw/zurich_mav_sample/MAV_Images/00345.jpg,00345.jpg,18450888,0.5366112127085216,0.1191163072362542,1.9459999999999693,47.3843582,8.5451855,466.856,ok,,1920,1080,108.37169222608024,63.04480015101325,1422.3875646218385,1000,False,False,False,False
346,data/raw/zurich_mav_sample/MAV_Images/00346.jpg,00346.jpg,18484221,0.5366112127085216,0.1191163072362542,1.9459999999999693,47.3843582,8.5451855,466.856,ok,,1920,1080,108.33643711419754,63.064999565644925,1433.7252106341946,1000,False,False,False,False
347,data/raw/zurich_mav_sample/MAV_Images/00347.jpg,00347.jpg,18517554,0.5366112127085216,0.1191163072362542,1.9459999999999693,47.3843582,8.5451855,466.856,ok,,1920,1080,108.37655333719135,63.17346948248013,1505.6675990344213,1000,False,False,False,False
348,data/raw/zurich_mav_sample/MAV_Images/00348.jpg,00348.jpg,18550887,0.5366112127085216,0.1191163072362542,1.9459999999999693,47.3843582,8.5451855,466.856,ok,,1920,1080,108.42548032407407,63.215569366422585,1529.2625276037948,1000,False,False,False,False
349,data/raw/zurich_mav_sample/MAV_Images/00349.jpg,00349.jpg,18588175,0.6426056644995697,0.1740657957270741,1.8059999999999832,47.3843587,8.5451869,466.716,ok,,1920,1080,108.35926745756173,63.2407102046086,1604.7028909987644,1000,False,False,False,False
350,data/raw/zurich_mav_sample/MAV_Images/00350.jpg,00350.jpg,18621508,0.6426056644995697,0.1740657957270741,1.8059999999999832,47.3843587,8.5451869,466.716,ok,,1920,1080,108.43398919753086,63.062125714827616,1443.6596773711588,1000,False,False,False,False
