imgid,image_path,image_filename,timestamp,lat,lon,alt,x_enu_m,y_enu_m,z_enu_m,reference_type,fix_type,num_sat,eph_m,epv_m,vel_n_m_s,vel_e_m_s,vel_d_m_s,has_reference
1,data/raw/zurich_mav_sample/MAV_Images/00001.jpg,00001.jpg,7009129,47.3843571,8.5451784,464.91,0.0,0.0,0.0,onboard_gps,3,6,12.99200058,1.7500000000000002e-43,0.239999995,0.170000002,0.209999993,True
2,data/raw/zurich_mav_sample/MAV_Images/00002.jpg,00002.jpg,7042462,47.3843571,8.5451784,464.91,0.0,0.0,0.0,onboard_gps,3,6,12.99200058,1.7500000000000002e-43,0.239999995,0.170000002,0.209999993,True
3,data/raw/zurich_mav_sample/MAV_Images/00003.jpg,00003.jpg,7075795,47.3843571,8.5451784,464.91,0.0,0.0,0.0,onboard_gps,3,6,12.99200058,1.7500000000000002e-43,0.239999995,0.170000002,0.209999993,True
4,data/raw/zurich_mav_sample/MAV_Images/00004.jpg,00004.jpg,7109128,47.3843571,8.5451784,464.91,0.0,0.0,0.0,onboard_gps,3,6,12.99200058,1.7500000000000002e-43,0.239999995,0.170000002,0.209999993,True
5,data/raw/zurich_mav_sample/MAV_Images/00005.jpg,00005.jpg,7142461,47.3843571,8.5451784,464.91,0.0,0.0,0.0,onboard_gps,3,6,12.99200058,1.7500000000000002e-43,0.239999995,0.170000002,0.209999993,True
6,data/raw/zurich_mav_sample/MAV_Images/00006.jpg,00006.jpg,7175794,47.3843571,8.5451784,464.91,0.0,0.0,0.0,onboard_gps,3,6,12.99200058,1.7500000000000002e-43,0.239999995,0.170000002,0.209999993,True
7,data/raw/zurich_mav_sample/MAV_Images/00007.jpg,00007.jpg,7206967,47.3843551,8.5451786,465.164,0.0137972316588275,-0.2223553406074643,0.2539999999999622,onboard_gps,3,6,12.54100037,1.7500000000000002e-43,0.099999994,0.229999989,0.170000002,True
8,data/raw/zurich_mav_sample/MAV_Images/00008.jpg,00008.jpg,7240300,47.3843551,8.5451786,465.164,0.0137972316588275,-0.2223553406074643,0.2539999999999622,onboard_gps,3,6,12.54100037,1.7500000000000002e-43,0.099999994,0.229999989,0.170000002,True
9,data/raw/zurich_mav_sample/MAV_Images/00009.jpg,00009.jpg,7273633,47.3843551,8.5451786,465.164,0.0137972316588275,-0.2223553406074643,0.2539999999999622,onboard_gps,3,6,12.54100037,1.7500000000000002e-43,0.099999994,0.229999989,0.170000002,True
10,data/raw/zurich_mav_sample/MAV_Images/00010.jpg,00010.jpg,7306966,47.3843551,8.5451786,465.164,0.0137972316588275,-0.2223553406074643,0.2539999999999622,onboard_gps,3,6,12.54100037,1.7500000000000002e-43,0.099999994,0.229999989,0.170000002,True
11,data/raw/zurich_mav_sample/MAV_Images/00011.jpg,00011.jpg,7340299,47.3843551,8.5451786,465.164,0.0137972316588275,-0.2223553406074643,0.2539999999999622,onboard_gps,3,6,12.54100037,1.7500000000000002e-43,0.099999994,0.229999989,0.170000002,True
12,data/raw/zurich_mav_sample/MAV_Images/00012.jpg,00012.jpg,7373632,47.3843551,8.5451786,465.164,0.0137972316588275,-0.2223553406074643,0.2539999999999622,onboard_gps,3,6,12.54100037,1.7500000000000002e-43,0.099999994,0.229999989,0.170000002,True
13,data/raw/zurich_mav_sample/MAV_Images/00013.jpg,00013.jpg,7402809,47.3843531,8.5451792,465.478,0.0577858510077931,-0.4448870597407222,0.5679999999999836,onboard_gps,3,6,12.24700069,1.7500000000000002e-43,-0.209999993,0.079999998,0.089999996,True
14,data/raw/zurich_mav_sample/MAV_Images/00014.jpg,00014.jpg,7436142,47.3843531,8.5451792,465.478,0.0577858510077931,-0.4448870597407222,0.5679999999999836,onboard_gps,3,6,12.24700069,1.7500000000000002e-43,-0.209999993,0.079999998,0.089999996,True
15,data/raw/zurich_mav_sample/MAV_Images/00015.jpg,00015.jpg,7469475,47.3843531,8.5451792,465.478,0.0577858510077931,-0.4448870597407222,0.5679999999999836,onboard_gps,3,6,12.24700069,1.7500000000000002e-43,-0.209999993,0.079999998,0.089999996,True
16,data/raw/zurich_mav_sample/MAV_Images/00016.jpg,00016.jpg,7502808,47.3843531,8.5451792,465.478,0.0577858510077931,-0.4448870597407222,0.5679999999999836,onboard_gps,3,6,12.24700069,1.7500000000000002e-43,-0.209999993,0.079999998,0.089999996,True
17,data/raw/zurich_mav_sample/MAV_Images/00017.jpg,00017.jpg,7536141,47.3843531,8.5451792,465.478,0.0577858510077931,-0.4448870597407222,0.5679999999999836,onboard_gps,3,6,12.24700069,1.7500000000000002e-43,-0.209999993,0.079999998,0.089999996,True
18,data/raw/zurich_mav_sample/MAV_Images/00018.jpg,00018.jpg,7569474,47.3843531,8.5451792,465.478,0.0577858510077931,-0.4448870597407222,0.5679999999999836,onboard_gps,3,6,12.24700069,1.7500000000000002e-43,-0.209999993,0.079999998,0.089999996,True
19,data/raw/zurich_mav_sample/MAV_Images/00019.jpg,00019.jpg,7599573,47.384351,8.54518,465.851,0.1168052448192611,-0.6786203216761351,0.940999999999974,onboard_gps,3,6,11.97200012,1.7500000000000002e-43,0.259999991,0.340000004,0.550000012,True
20,data/raw/zurich_mav_sample/MAV_Images/00020.jpg,00020.jpg,7632906,47.384351,8.54518,465.851,0.1168052448192611,-0.6786203216761351,0.940999999999974,onboard_gps,3,6,11.97200012,1.7500000000000002e-43,0.259999991,0.340000004,0.550000012,True
21,data/raw/zurich_mav_sample/MAV_Images/00021.jpg,00021.jpg,7666239,47.384351,8.54518,465.851,0.1168052448192611,-0.6786203216761351,0.940999999999974,onboard_gps,3,6,11.97200012,1.7500000000000002e-43,0.259999991,0.340000004,0.550000012,True
22,data/raw/zurich_mav_sample/MAV_Images/00022.jpg,00022.jpg,7699572,47.384351,8.54518,465.851,0.1168052448192611,-0.6786203216761351,0.940999999999974,onboard_gps,3,6,11.97200012,1.7500000000000002e-43,0.259999991,0.340000004,0.550000012,True
23,data/raw/zurich_mav_sample/MAV_Images/00023.jpg,00023.jpg,7732905,47.384351,8.54518,465.851,0.1168052448192611,-0.6786203216761351,0.940999999999974,onboard_gps,3,6,11.97200012,1.7500000000000002e-43,0.259999991,0.340000004,0.550000012,True
24,data/raw/zurich_mav_sample/MAV_Images/00024.jpg,00024.jpg,7766238,47.384351,8.54518,465.851,0.1168052448192611,-0.6786203216761351,0.940999999999974,onboard_gps,3,6,11.97200012,1.7500000000000002e-43,0.259999991,0.340000004,0.550000012,True
25,data/raw/zurich_mav_sample/MAV_Images/00025.jpg,00025.jpg,7798438,47.3843499,8.5451802,466.247,0.1311867880285717,-0.8009554445743561,1.336999999999989,onboard_gps,3,6,11.72000027,1.7500000000000002e-43,0.289999992,0.370000005,0.379999995,True
26,data/raw/zurich_mav_sample/MAV_Images/00026.jpg,00026.jpg,7831771,47.3843499,8.5451802,466.247,0.1311867880285717,-0.8009554445743561,1.336999999999989,onboard_gps,3,6,11.72000027,1.7500000000000002e-43,0.289999992,0.370000005,0.379999995,True
27,data/raw/zurich_mav_sample/MAV_Images/00027.jpg,00027.jpg,7865104,47.3843499,8.5451802,466.247,0.1311867880285717,-0.8009554445743561,1.336999999999989,onboard_gps,3,6,11.72000027,1.7500000000000002e-43,0.289999992,0.370000005,0.379999995,True
28,data/raw/zurich_mav_sample/MAV_Images/00028.jpg,00028.jpg,7898437,47.3843499,8.5451802,466.247,0.1311867880285717,-0.8009554445743561,1.336999999999989,onboard_gps,3,6,11.72000027,1.7500000000000002e-43,0.289999992,0.370000005,0.379999995,True
29,data/raw/zurich_mav_sample/MAV_Images/00029.jpg,00029.jpg,7931770,47.3843499,8.5451802,466.247,0.1311867880285717,-0.8009554445743561,1.336999999999989,onboard_gps,3,6,11.72000027,1.7500000000000002e-43,0.289999992,0.370000005,0.379999995,True
30,data/raw/zurich_mav_sample/MAV_Images/00030.jpg,00030.jpg,7965103,47.3843499,8.5451802,466.247,0.1311867880285717,-0.8009554445743561,1.336999999999989,onboard_gps,3,6,11.72000027,1.7500000000000002e-43,0.289999992,0.370000005,0.379999995,True
31,data/raw/zurich_mav_sample/MAV_Images/00031.jpg,00031.jpg,7988182,47.3843499,8.5451832,466.324,0.3576222006231546,-0.8022782457992435,1.4139999999999873,onboard_gps,3,6,11.48600101,1.7500000000000002e-43,0.48999998,1.029999971,0.74000001,True
32,data/raw/zurich_mav_sample/MAV_Images/00032.jpg,00032.jpg,8021515,47.3843499,8.5451832,466.324,0.3576222006231546,-0.8022782457992435,1.4139999999999873,onboard_gps,3,6,11.48600101,1.7500000000000002e-43,0.48999998,1.029999971,0.74000001,True
33,data/raw/zurich_mav_sample/MAV_Images/00033.jpg,00033.jpg,8054848,47.3843499,8.5451832,466.324,0.3576222006231546,-0.8022782457992435,1.4139999999999873,onboard_gps,3,6,11.48600101,1.7500000000000002e-43,0.48999998,1.029999971,0.74000001,True
34,data/raw/zurich_mav_sample/MAV_Images/00034.jpg,00034.jpg,8088181,47.3843499,8.5451832,466.324,0.3576222006231546,-0.8022782457992435,1.4139999999999873,onboard_gps,3,6,11.48600101,1.7500000000000002e-43,0.48999998,1.029999971,0.74000001,True
35,data/raw/zurich_mav_sample/MAV_Images/00035.jpg,00035.jpg,8121514,47.3843499,8.5451832,466.324,0.3576222006231546,-0.8022782457992435,1.4139999999999873,onboard_gps,3,6,11.48600101,1.7500000000000002e-43,0.48999998,1.029999971,0.74000001,True
36,data/raw/zurich_mav_sample/MAV_Images/00036.jpg,00036.jpg,8154847,47.3843499,8.5451832,466.324,0.3576222006231546,-0.8022782457992435,1.4139999999999873,onboard_gps,3,6,11.48600101,1.7500000000000002e-43,0.48999998,1.029999971,0.74000001,True
37,data/raw/zurich_mav_sample/MAV_Images/00037.jpg,00037.jpg,8197070,47.3843502,8.5451842,466.501,0.4332954380661249,-0.7693791054189205,1.5909999999999511,onboard_gps,3,6,11.28900051,1.53e-43,0.509999991,0.259999991,0.550000012,True
38,data/raw/zurich_mav_sample/MAV_Images/00038.jpg,00038.jpg,8230403,47.3843502,8.5451842,466.501,0.4332954380661249,-0.7693791054189205,1.5909999999999511,onboard_gps,3,6,11.28900051,1.53e-43,0.509999991,0.259999991,0.550000012,True
39,data/raw/zurich_mav_sample/MAV_Images/00039.jpg,00039.jpg,8263736,47.3843502,8.5451842,466.501,0.4332954380661249,-0.7693791054189205,1.5909999999999511,onboard_gps,3,6,11.28900051,1.53e-43,0.509999991,0.259999991,0.550000012,True
40,data/raw/zurich_mav_sample/MAV_Images/00040.jpg,00040.jpg,8297069,47.3843502,8.5451842,466.501,0.4332954380661249,-0.7693791054189205,1.5909999999999511,onboard_gps,3,6,11.28900051,1.53e-43,0.509999991,0.259999991,0.550000012,True
41,data/raw/zurich_mav_sample/MAV_Images/00041.jpg,00041.jpg,8330402,47.3843502,8.5451842,466.501,0.4332954380661249,-0.7693791054189205,1.5909999999999511,onboard_gps,3,6,11.28900051,1.53e-43,0.509999991,0.259999991,0.550000012,True
42,data/raw/zurich_mav_sample/MAV_Images/00042.jpg,00042.jpg,8363735,47.3843502,8.5451842,466.501,0.4332954380661249,-0.7693791054189205,1.5909999999999511,onboard_gps,3,6,11.28900051,1.53e-43,0.509999991,0.259999991,0.550000012,True
43,data/raw/zurich_mav_sample/MAV_Images/00043.jpg,00043.jpg,8395950,47.3843498,8.545184,466.894,0.4179400550201535,-0.8137443503364921,1.9839999999999804,onboard_gps,3,6,11.10700035,1.53e-43,0.029999999,0.229999989,0.25,True
44,data/raw/zurich_mav_sample/MAV_Images/00044.jpg,00044.jpg,8429283,47.3843498,8.545184,466.894,0.4179400550201535,-0.8137443503364921,1.9839999999999804,onboard_gps,3,6,11.10700035,1.53e-43,0.029999999,0.229999989,0.25,True
45,data/raw/zurich_mav_sample/MAV_Images/00045.jpg,00045.jpg,8462616,47.3843498,8.545184,466.894,0.4179400550201535,-0.8137443503364921,1.9839999999999804,onboard_gps,3,6,11.10700035,1.53e-43,0.029999999,0.229999989,0.25,True
46,data/raw/zurich_mav_sample/MAV_Images/00046.jpg,00046.jpg,8495949,47.3843498,8.545184,466.894,0.4179400550201535,-0.8137443503364921,1.9839999999999804,onboard_gps,3,6,11.10700035,1.53e-43,0.029999999,0.229999989,0.25,True
47,data/raw/zurich_mav_sample/MAV_Images/00047.jpg,00047.jpg,8529282,47.3843498,8.545184,466.894,0.4179400550201535,-0.8137443503364921,1.9839999999999804,onboard_gps,3,6,11.10700035,1.53e-43,0.029999999,0.229999989,0.25,True
48,data/raw/zurich_mav_sample/MAV_Images/00048.jpg,00048.jpg,8562615,47.3843498,8.545184,466.894,0.4179400550201535,-0.8137443503364921,1.9839999999999804,onboard_gps,3,6,11.10700035,1.53e-43,0.029999999,0.229999989,0.25,True
49,data/raw/zurich_mav_sample/MAV_Images/00049.jpg,00049.jpg,8598784,47.3843499,8.5451857,467.132,0.5463183777173981,-0.8033805740997195,2.22199999999998,onboard_gps,3,6,10.93500042,1.53e-43,0.349999994,0.479999989,0.039999999,True
50,data/raw/zurich_mav_sample/MAV_Images/00050.jpg,00050.jpg,8632117,47.3843499,8.5451857,467.132,0.5463183777173981,-0.8033805740997195,2.22199999999998,onboard_gps,3,6,10.93500042,1.53e-43,0.349999994,0.479999989,0.039999999,True
51,data/raw/zurich_mav_sample/MAV_Images/00051.jpg,00051.jpg,8665450,47.3843499,8.5451857,467.132,0.5463183777173981,-0.8033805740997195,2.22199999999998,onboard_gps,3,6,10.93500042,1.53e-43,0.349999994,0.479999989,0.039999999,True
52,data/raw/zurich_mav_sample/MAV_Images/00052.jpg,00052.jpg,8698783,47.3843499,8.5451857,467.132,0.5463183777173981,-0.8033805740997195,2.22199999999998,onboard_gps,3,6,10.93500042,1.53e-43,0.349999994,0.479999989,0.039999999,True
53,data/raw/zurich_mav_sample/MAV_Images/00053.jpg,00053.jpg,8732116,47.3843499,8.5451857,467.132,0.5463183777173981,-0.8033805740997195,2.22199999999998,onboard_gps,3,6,10.93500042,1.53e-43,0.349999994,0.479999989,0.039999999,True
54,data/raw/zurich_mav_sample/MAV_Images/00054.jpg,00054.jpg,8765449,47.3843499,8.5451857,467.132,0.5463183777173981,-0.8033805740997195,2.22199999999998,onboard_gps,3,6,10.93500042,1.53e-43,0.349999994,0.479999989,0.039999999,True
55,data/raw/zurich_mav_sample/MAV_Images/00055.jpg,00055.jpg,8802486,47.3843497,8.5451876,467.235,0.689597629068885,-0.8264450551941991,2.3249999999999886,onboard_gps,3,6,10.77100086,1.53e-43,0.289999992,0.5,0.109999999,True
56,data/raw/zurich_mav_sample/MAV_Images/00056.jpg,00056.jpg,8835819,47.3843497,8.5451876,467.235,0.689597629068885,-0.8264450551941991,2.3249999999999886,onboard_gps,3,6,10.77100086,1.53e-43,0.289999992,0.5,0.109999999,True
57,data/raw/zurich_mav_sample/MAV_Images/00057.jpg,00057.jpg,8869152,47.3843497,8.5451876,467.235,0.689597629068885,-0.8264450551941991,2.3249999999999886,onboard_gps,3,6,10.77100086,1.53e-43,0.289999992,0.5,0.109999999,True
58,data/raw/zurich_mav_sample/MAV_Images/00058.jpg,00058.jpg,8902485,47.3843497,8.5451876,467.235,0.689597629068885,-0.8264450551941991,2.3249999999999886,onboard_gps,3,6,10.77100086,1.53e-43,0.289999992,0.5,0.109999999,True
59,data/raw/zurich_mav_sample/MAV_Images/00059.jpg,00059.jpg,8935818,47.3843497,8.5451876,467.235,0.689597629068885,-0.8264450551941991,2.3249999999999886,onboard_gps,3,6,10.77100086,1.53e-43,0.289999992,0.5,0.109999999,True
60,data/raw/zurich_mav_sample/MAV_Images/00060.jpg,00060.jpg,8969151,47.3843497,8.5451876,467.235,0.689597629068885,-0.8264450551941991,2.3249999999999886,onboard_gps,3,6,10.77100086,1.53e-43,0.289999992,0.5,0.109999999,True
61,data/raw/zurich_mav_sample/MAV_Images/00061.jpg,00061.jpg,9002265,47.3843498,8.5451899,467.265,0.8632630341453478,-0.8163458295166492,2.3549999999999613,onboard_gps,3,6,10.64500046,1.53e-43,0.389999986,0.659999967,0.349999994,True
62,data/raw/zurich_mav_sample/MAV_Images/00062.jpg,00062.jpg,9035598,47.3843498,8.5451899,467.265,0.8632630341453478,-0.8163458295166492,2.3549999999999613,onboard_gps,3,6,10.64500046,1.53e-43,0.389999986,0.659999967,0.349999994,True
63,data/raw/zurich_mav_sample/MAV_Images/00063.jpg,00063.jpg,9068931,47.3843498,8.5451899,467.265,0.8632630341453478,-0.8163458295166492,2.3549999999999613,onboard_gps,3,6,10.64500046,1.53e-43,0.389999986,0.659999967,0.349999994,True
64,data/raw/zurich_mav_sample/MAV_Images/00064.jpg,00064.jpg,9102264,47.3843498,8.5451899,467.265,0.8632630341453478,-0.8163458295166492,2.3549999999999613,onboard_gps,3,6,10.64500046,1.53e-43,0.389999986,0.659999967,0.349999994,True
65,data/raw/zurich_mav_sample/MAV_Images/00065.jpg,00065.jpg,9135597,47.3843498,8.5451899,467.265,0.8632630341453478,-0.8163458295166492,2.3549999999999613,onboard_gps,3,6,10.64500046,1.53e-43,0.389999986,0.659999967,0.349999994,True
66,data/raw/zurich_mav_sample/MAV_Images/00066.jpg,00066.jpg,9168930,47.3843498,8.5451899,467.265,0.8632630341453478,-0.8163458295166492,2.3549999999999613,onboard_gps,3,6,10.64500046,1.53e-43,0.389999986,0.659999967,0.349999994,True
67,data/raw/zurich_mav_sample/MAV_Images/00067.jpg,00067.jpg,9199111,47.3843494,8.5451919,467.39,1.0139602916897277,-0.8616811111569405,2.4799999999999613,onboard_gps,3,6,10.52600098,1.4200000000000001e-43,0.310000002,0.849999964,0.680000007,True
68,data/raw/zurich_mav_sample/MAV_Images/00068.jpg,00068.jpg,9232444,47.3843494,8.5451919,467.39,1.0139602916897277,-0.8616811111569405,2.4799999999999613,onboard_gps,3,6,10.52600098,1.4200000000000001e-43,0.310000002,0.849999964,0.680000007,True
69,data/raw/zurich_mav_sample/MAV_Images/00069.jpg,00069.jpg,9265777,47.3843494,8.5451919,467.39,1.0139602916897277,-0.8616811111569405,2.4799999999999613,onboard_gps,3,6,10.52600098,1.4200000000000001e-43,0.310000002,0.849999964,0.680000007,True
70,data/raw/zurich_mav_sample/MAV_Images/00070.jpg,00070.jpg,9299110,47.3843494,8.5451919,467.39,1.0139602916897277,-0.8616811111569405,2.4799999999999613,onboard_gps,3,6,10.52600098,1.4200000000000001e-43,0.310000002,0.849999964,0.680000007,True
71,data/raw/zurich_mav_sample/MAV_Images/00071.jpg,00071.jpg,9332443,47.3843494,8.5451919,467.39,1.0139602916897277,-0.8616811111569405,2.4799999999999613,onboard_gps,3,6,10.52600098,1.4200000000000001e-43,0.310000002,0.849999964,0.680000007,True
72,data/raw/zurich_mav_sample/MAV_Images/00072.jpg,00072.jpg,9365776,47.3843494,8.5451919,467.39,1.0139602916897277,-0.8616811111569405,2.4799999999999613,onboard_gps,3,6,10.52600098,1.4200000000000001e-43,0.310000002,0.849999964,0.680000007,True
73,data/raw/zurich_mav_sample/MAV_Images/00073.jpg,00073.jpg,9400044,47.3843489,8.5451931,467.487,1.1042098528705535,-0.9177770083770156,2.576999999999998,onboard_gps,3,6,10.41300011,1.4200000000000001e-43,0.299999982,0.579999983,0.689999998,True
74,data/raw/zurich_mav_sample/MAV_Images/00074.jpg,00074.jpg,9433377,47.3843489,8.5451931,467.487,1.1042098528705535,-0.9177770083770156,2.576999999999998,onboard_gps,3,6,10.41300011,1.4200000000000001e-43,0.299999982,0.579999983,0.689999998,True
75,data/raw/zurich_mav_sample/MAV_Images/00075.jpg,00075.jpg,9466710,47.3843489,8.5451931,467.487,1.1042098528705535,-0.9177770083770156,2.576999999999998,onboard_gps,3,6,10.41300011,1.4200000000000001e-43,0.299999982,0.579999983,0.689999998,True
76,data/raw/zurich_mav_sample/MAV_Images/00076.jpg,00076.jpg,9500043,47.3843489,8.5451931,467.487,1.1042098528705535,-0.9177770083770156,2.576999999999998,onboard_gps,3,6,10.41300011,1.4200000000000001e-43,0.299999982,0.579999983,0.689999998,True
77,data/raw/zurich_mav_sample/MAV_Images/00077.jpg,00077.jpg,9533376,47.3843489,8.5451931,467.487,1.1042098528705535,-0.9177770083770156,2.576999999999998,onboard_gps,3,6,10.41300011,1.4200000000000001e-43,0.299999982,0.579999983,0.689999998,True
78,data/raw/zurich_mav_sample/MAV_Images/00078.jpg,00078.jpg,9566709,47.3843489,8.5451931,467.487,1.1042098528705535,-0.9177770083770156,2.576999999999998,onboard_gps,3,6,10.41300011,1.4200000000000001e-43,0.299999982,0.579999983,0.689999998,True
79,data/raw/zurich_mav_sample/MAV_Images/00079.jpg,00079.jpg,9599660,47.3843488,8.5451926,467.611,1.0664056956884451,-0.9286699052900076,2.700999999999965,onboard_gps,3,6,10.30400085,1.4200000000000001e-43,0.219999999,-0.039999999,0.560000002,True
80,data/raw/zurich_mav_sample/MAV_Images/00080.jpg,00080.jpg,9632993,47.3843488,8.5451926,467.611,1.0664056956884451,-0.9286699052900076,2.700999999999965,onboard_gps,3,6,10.30400085,1.4200000000000001e-43,0.219999999,-0.039999999,0.560000002,True
81,data/raw/zurich_mav_sample/MAV_Images/00081.jpg,00081.jpg,9666326,47.3843488,8.5451926,467.611,1.0664056956884451,-0.9286699052900076,2.700999999999965,onboard_gps,3,6,10.30400085,1.4200000000000001e-43,0.219999999,-0.039999999,0.560000002,True
82,data/raw/zurich_mav_sample/MAV_Images/00082.jpg,00082.jpg,9699659,47.3843488,8.5451926,467.611,1.0664056956884451,-0.9286699052900076,2.700999999999965,onboard_gps,3,6,10.30400085,1.4200000000000001e-43,0.219999999,-0.039999999,0.560000002,True
83,data/raw/zurich_mav_sample/MAV_Images/00083.jpg,00083.jpg,9732992,47.3843488,8.5451926,467.611,1.0664056956884451,-0.9286699052900076,2.700999999999965,onboard_gps,3,6,10.30400085,1.4200000000000001e-43,0.219999999,-0.039999999,0.560000002,True
84,data/raw/zurich_mav_sample/MAV_Images/00084.jpg,00084.jpg,9766325,47.3843488,8.5451926,467.611,1.0664056956884451,-0.9286699052900076,2.700999999999965,onboard_gps,3,6,10.30400085,1.4200000000000001e-43,0.219999999,-0.039999999,0.560000002,True
85,data/raw/zurich_mav_sample/MAV_Images/00085.jpg,00085.jpg,9801471,47.3843491,8.5451931,467.714,1.1043396947789006,-0.8955502929165959,2.8039999999999736,onboard_gps,3,6,10.2130003,1.4200000000000001e-43,0.399999976,0.289999992,0.48999998,True
86,data/raw/zurich_mav_sample/MAV_Images/00086.jpg,00086.jpg,9834804,47.3843491,8.5451931,467.714,1.1043396947789006,-0.8955502929165959,2.8039999999999736,onboard_gps,3,6,10.2130003,1.4200000000000001e-43,0.399999976,0.289999992,0.48999998,True
87,data/raw/zurich_mav_sample/MAV_Images/00087.jpg,00087.jpg,9868137,47.3843491,8.5451931,467.714,1.1043396947789006,-0.8955502929165959,2.8039999999999736,onboard_gps,3,6,10.2130003,1.4200000000000001e-43,0.399999976,0.289999992,0.48999998,True
88,data/raw/zurich_mav_sample/MAV_Images/00088.jpg,00088.jpg,9901470,47.3843491,8.5451931,467.714,1.1043396947789006,-0.8955502929165959,2.8039999999999736,onboard_gps,3,6,10.2130003,1.4200000000000001e-43,0.399999976,0.289999992,0.48999998,True
89,data/raw/zurich_mav_sample/MAV_Images/00089.jpg,00089.jpg,9934803,47.3843491,8.5451931,467.714,1.1043396947789006,-0.8955502929165959,2.8039999999999736,onboard_gps,3,6,10.2130003,1.4200000000000001e-43,0.399999976,0.289999992,0.48999998,True
90,data/raw/zurich_mav_sample/MAV_Images/00090.jpg,00090.jpg,9968136,47.3843491,8.5451931,467.714,1.1043396947789006,-0.8955502929165959,2.8039999999999736,onboard_gps,3,6,10.2130003,1.4200000000000001e-43,0.399999976,0.289999992,0.48999998,True
91,data/raw/zurich_mav_sample/MAV_Images/00091.jpg,00091.jpg,9998204,47.3843495,8.545194,467.741,1.1725300028338097,-0.8514936910942197,2.8309999999999604,onboard_gps,3,6,10.12500095,1.2999999999999998e-43,0.550000012,0.429999977,0.569999993,True
92,data/raw/zurich_mav_sample/MAV_Images/00092.jpg,00092.jpg,10031537,47.3843495,8.545194,467.741,1.1725300028338097,-0.8514936910942197,2.8309999999999604,onboard_gps,3,6,10.12500095,1.2999999999999998e-43,0.550000012,0.429999977,0.569999993,True
93,data/raw/zurich_mav_sample/MAV_Images/00093.jpg,00093.jpg,10064870,47.3843495,8.545194,467.741,1.1725300028338097,-0.8514936910942197,2.8309999999999604,onboard_gps,3,6,10.12500095,1.2999999999999998e-43,0.550000012,0.429999977,0.569999993,True
94,data/raw/zurich_mav_sample/MAV_Images/00094.jpg,00094.jpg,10098203,47.3843495,8.545194,467.741,1.1725300028338097,-0.8514936910942197,2.8309999999999604,onboard_gps,3,6,10.12500095,1.2999999999999998e-43,0.550000012,0.429999977,0.569999993,True
95,data/raw/zurich_mav_sample/MAV_Images/00095.jpg,00095.jpg,10131536,47.3843495,8.545194,467.741,1.1725300028338097,-0.8514936910942197,2.8309999999999604,onboard_gps,3,6,10.12500095,1.2999999999999998e-43,0.550000012,0.429999977,0.569999993,True
96,data/raw/zurich_mav_sample/MAV_Images/00096.jpg,00096.jpg,10164869,47.3843495,8.545194,467.741,1.1725300028338097,-0.8514936910942197,2.8309999999999604,onboard_gps,3,6,10.12500095,1.2999999999999998e-43,0.550000012,0.429999977,0.569999993,True
97,data/raw/zurich_mav_sample/MAV_Images/00097.jpg,00097.jpg,10201081,47.3843507,8.5451956,467.662,1.294074604229536,-0.7188388723880053,2.7519999999999527,onboard_gps,3,6,10.02700043,1.2999999999999998e-43,0.719999969,0.589999974,0.719999969,True
98,data/raw/zurich_mav_sample/MAV_Images/00098.jpg,00098.jpg,10234414,47.3843507,8.5451956,467.662,1.294074604229536,-0.7188388723880053,2.7519999999999527,onboard_gps,3,6,10.02700043,1.2999999999999998e-43,0.719999969,0.589999974,0.719999969,True
99,data/raw/zurich_mav_sample/MAV_Images/00099.jpg,00099.jpg,10267747,47.3843507,8.5451956,467.662,1.294074604229536,-0.7188388723880053,2.7519999999999527,onboard_gps,3,6,10.02700043,1.2999999999999998e-43,0.719999969,0.589999974,0.719999969,True
100,data/raw/zurich_mav_sample/MAV_Images/00100.jpg,00100.jpg,10301080,47.3843507,8.5451956,467.662,1.294074604229536,-0.7188388723880053,2.7519999999999527,onboard_gps,3,6,10.02700043,1.2999999999999998e-43,0.719999969,0.589999974,0.719999969,True
101,data/raw/zurich_mav_sample/MAV_Images/00101.jpg,00101.jpg,10334413,47.3843507,8.5451956,467.662,1.294074604229536,-0.7188388723880053,2.7519999999999527,onboard_gps,3,6,10.02700043,1.2999999999999998e-43,0.719999969,0.589999974,0.719999969,True
102,data/raw/zurich_mav_sample/MAV_Images/00102.jpg,00102.jpg,10367746,47.3843507,8.5451956,467.662,1.294074604229536,-0.7188388723880053,2.7519999999999527,onboard_gps,3,6,10.02700043,1.2999999999999998e-43,0.719999969,0.589999974,0.719999969,True
103,data/raw/zurich_mav_sample/MAV_Images/00103.jpg,00103.jpg,10396814,47.3843516,8.5451967,467.643,1.3776852048467845,-0.6193036651238799,2.7329999999999472,onboard_gps,3,6,9.941000938,1.2999999999999998e-43,0.699999988,0.539999962,0.74000001,True
104,data/raw/zurich_mav_sample/MAV_Images/00104.jpg,00104.jpg,10430147,47.3843516,8.5451967,467.643,1.3776852048467845,-0.6193036651238799,2.7329999999999472,onboard_gps,3,6,9.941000938,1.2999999999999998e-43,0.699999988,0.539999962,0.74000001,True
105,data/raw/zurich_mav_sample/MAV_Images/00105.jpg,00105.jpg,10463480,47.3843516,8.5451967,467.643,1.3776852048467845,-0.6193036651238799,2.7329999999999472,onboard_gps,3,6,9.941000938,1.2999999999999998e-43,0.699999988,0.539999962,0.74000001,True
106,data/raw/zurich_mav_sample/MAV_Images/00106.jpg,00106.jpg,10496813,47.3843516,8.5451967,467.643,1.3776852048467845,-0.6193036651238799,2.7329999999999472,onboard_gps,3,6,9.941000938,1.2999999999999998e-43,0.699999988,0.539999962,0.74000001,True
107,data/raw/zurich_mav_sample/MAV_Images/00107.jpg,00107.jpg,10530146,47.3843516,8.5451967,467.643,1.3776852048467845,-0.6193036651238799,2.7329999999999472,onboard_gps,3,6,9.941000938,1.2999999999999998e-43,0.699999988,0.539999962,0.74000001,True
108,data/raw/zurich_mav_sample/MAV_Images/00108.jpg,00108.jpg,10563479,47.3843516,8.5451967,467.643,1.3776852048467845,-0.6193036651238799,2.7329999999999472,onboard_gps,3,6,9.941000938,1.2999999999999998e-43,0.699999988,0.539999962,0.74000001,True
109,data/raw/zurich_mav_sample/MAV_Images/00109.jpg,00109.jpg,10599588,47.3843514,8.5451973,467.634,1.4228424452012405,-0.6417949311435223,2.723999999999989,onboard_gps,3,6,9.86300087,1.2999999999999998e-43,0.299999982,0.519999981,0.879999995,True
110,data/raw/zurich_mav_sample/MAV_Images/00110.jpg,00110.jpg,10632921,47.3843514,8.5451973,467.634,1.4228424452012405,-0.6417949311435223,2.723999999999989,onboard_gps,3,6,9.86300087,1.2999999999999998e-43,0.299999982,0.519999981,0.879999995,True
111,data/raw/zurich_mav_sample/MAV_Images/00111.jpg,00111.jpg,10666254,47.3843514,8.5451973,467.634,1.4228424452012405,-0.6417949311435223,2.723999999999989,onboard_gps,3,6,9.86300087,1.2999999999999998e-43,0.299999982,0.519999981,0.879999995,True
112,data/raw/zurich_mav_sample/MAV_Images/00112.jpg,00112.jpg,10699587,47.3843514,8.5451973,467.634,1.4228424452012405,-0.6417949311435223,2.723999999999989,onboard_gps,3,6,9.86300087,1.2999999999999998e-43,0.299999982,0.519999981,0.879999995,True
113,data/raw/zurich_mav_sample/MAV_Images/00113.jpg,00113.jpg,10732920,47.3843514,8.5451973,467.634,1.4228424452012405,-0.6417949311435223,2.723999999999989,onboard_gps,3,6,9.86300087,1.2999999999999998e-43,0.299999982,0.519999981,0.879999995,True
114,data/raw/zurich_mav_sample/MAV_Images/00114.jpg,00114.jpg,10766253,47.3843514,8.5451973,467.634,1.4228424452012405,-0.6417949311435223,2.723999999999989,onboard_gps,3,6,9.86300087,1.2999999999999998e-43,0.299999982,0.519999981,0.879999995,True
115,data/raw/zurich_mav_sample/MAV_Images/00115.jpg,00115.jpg,10797338,47.3843532,8.5452011,467.466,1.710829183110036,-0.4434299748390913,2.555999999999983,onboard_gps,3,6,9.784000397,1.2999999999999998e-43,1.0,1.419999957,1.110000014,True
116,data/raw/zurich_mav_sample/MAV_Images/00116.jpg,00116.jpg,10830671,47.3843532,8.5452011,467.466,1.710829183110036,-0.4434299748390913,2.555999999999983,onboard_gps,3,6,9.784000397,1.2999999999999998e-43,1.0,1.419999957,1.110000014,True
117,data/raw/zurich_mav_sample/MAV_Images/00117.jpg,00117.jpg,10864004,47.3843532,8.5452011,467.466,1.710829183110036,-0.4434299748390913,2.555999999999983,onboard_gps,3,6,9.784000397,1.2999999999999998e-43,1.0,1.419999957,1.110000014,True
118,data/raw/zurich_mav_sample/MAV_Images/00118.jpg,00118.jpg,10897337,47.3843532,8.5452011,467.466,1.710829183110036,-0.4434299748390913,2.555999999999983,onboard_gps,3,6,9.784000397,1.2999999999999998e-43,1.0,1.419999957,1.110000014,True
119,data/raw/zurich_mav_sample/MAV_Images/00119.jpg,00119.jpg,10930670,47.3843532,8.5452011,467.466,1.710829183110036,-0.4434299748390913,2.555999999999983,onboard_gps,3,6,9.784000397,1.2999999999999998e-43,1.0,1.419999957,1.110000014,True
120,data/raw/zurich_mav_sample/MAV_Images/00120.jpg,00120.jpg,10964003,47.3843532,8.5452011,467.466,1.710829183110036,-0.4434299748390913,2.555999999999983,onboard_gps,3,6,9.784000397,1.2999999999999998e-43,1.0,1.419999957,1.110000014,True
121,data/raw/zurich_mav_sample/MAV_Images/00121.jpg,00121.jpg,10997044,47.3843539,8.545201,467.508,1.7037357753142717,-0.365592380054295,2.5979999999999563,onboard_gps,3,6,9.709000588,1.2999999999999998e-43,0.849999964,0.659999967,1.329999924,True
122,data/raw/zurich_mav_sample/MAV_Images/00122.jpg,00122.jpg,11030377,47.3843539,8.545201,467.508,1.7037357753142717,-0.365592380054295,2.5979999999999563,onboard_gps,3,6,9.709000588,1.2999999999999998e-43,0.849999964,0.659999967,1.329999924,True
123,data/raw/zurich_mav_sample/MAV_Images/00123.jpg,00123.jpg,11063710,47.3843539,8.545201,467.508,1.7037357753142717,-0.365592380054295,2.5979999999999563,onboard_gps,3,6,9.709000588,1.2999999999999998e-43,0.849999964,0.659999967,1.329999924,True
124,data/raw/zurich_mav_sample/MAV_Images/00124.jpg,00124.jpg,11097043,47.3843539,8.545201,467.508,1.7037357753142717,-0.365592380054295,2.5979999999999563,onboard_gps,3,6,9.709000588,1.2999999999999998e-43,0.849999964,0.659999967,1.329999924,True
125,data/raw/zurich_mav_sample/MAV_Images/00125.jpg,00125.jpg,11130376,47.3843539,8.545201,467.508,1.7037357753142717,-0.365592380054295,2.5979999999999563,onboard_gps,3,6,9.709000588,1.2999999999999998e-43,0.849999964,0.659999967,1.329999924,True
126,data/raw/zurich_mav_sample/MAV_Images/00126.jpg,00126.jpg,11163709,47.3843539,8.545201,467.508,1.7037357753142717,-0.365592380054295,2.5979999999999563,onboard_gps,3,6,9.709000588,1.2999999999999998e-43,0.849999964,0.659999967,1.329999924,True
127,data/raw/zurich_mav_sample/MAV_Images/00127.jpg,00127.jpg,11195824,47.3843546,8.5452006,467.46,1.6739988283370622,-0.2876225085929036,2.5499999999999545,onboard_gps,3,6,9.636000633,1.2999999999999998e-43,0.72999996,0.340000004,1.319999933,True
128,data/raw/zurich_mav_sample/MAV_Images/00128.jpg,00128.jpg,11229157,47.3843546,8.5452006,467.46,1.6739988283370622,-0.2876225085929036,2.5499999999999545,onboard_gps,3,6,9.636000633,1.2999999999999998e-43,0.72999996,0.340000004,1.319999933,True
129,data/raw/zurich_mav_sample/MAV_Images/00129.jpg,00129.jpg,11262490,47.3843546,8.5452006,467.46,1.6739988283370622,-0.2876225085929036,2.5499999999999545,onboard_gps,3,6,9.636000633,1.2999999999999998e-43,0.72999996,0.340000004,1.319999933,True
130,data/raw/zurich_mav_sample/MAV_Images/00130.jpg,00130.jpg,11295823,47.3843546,8.5452006,467.46,1.6739988283370622,-0.2876225085929036,2.5499999999999545,onboard_gps,3,6,9.636000633,1.2999999999999998e-43,0.72999996,0.340000004,1.319999933,True
131,data/raw/zurich_mav_sample/MAV_Images/00131.jpg,00131.jpg,11329156,47.3843546,8.5452006,467.46,1.6739988283370622,-0.2876225085929036,2.5499999999999545,onboard_gps,3,6,9.636000633,1.2999999999999998e-43,0.72999996,0.340000004,1.319999933,True
132,data/raw/zurich_mav_sample/MAV_Images/00132.jpg,00132.jpg,11362489,47.3843546,8.5452006,467.46,1.6739988283370622,-0.2876225085929036,2.5499999999999545,onboard_gps,3,6,9.636000633,1.2999999999999998e-43,0.72999996,0.340000004,1.319999933,True
133,data/raw/zurich_mav_sample/MAV_Images/00133.jpg,00133.jpg,11397736,47.3843554,8.5452011,467.408,1.7122574190143496,-0.1989361057057976,2.4979999999999905,onboard_gps,3,6,9.565000534,1.2999999999999998e-43,0.799999952,0.529999971,1.309999943,True
134,data/raw/zurich_mav_sample/MAV_Images/00134.jpg,00134.jpg,11431069,47.3843554,8.5452011,467.408,1.7122574190143496,-0.1989361057057976,2.4979999999999905,onboard_gps,3,6,9.565000534,1.2999999999999998e-43,0.799999952,0.529999971,1.309999943,True
135,data/raw/zurich_mav_sample/MAV_Images/00135.jpg,00135.jpg,11464402,47.3843554,8.5452011,467.408,1.7122574190143496,-0.1989361057057976,2.4979999999999905,onboard_gps,3,6,9.565000534,1.2999999999999998e-43,0.799999952,0.529999971,1.309999943,True
136,data/raw/zurich_mav_sample/MAV_Images/00136.jpg,00136.jpg,11497735,47.3843554,8.5452011,467.408,1.7122574190143496,-0.1989361057057976,2.4979999999999905,onboard_gps,3,6,9.565000534,1.2999999999999998e-43,0.799999952,0.529999971,1.309999943,True
137,data/raw/zurich_mav_sample/MAV_Images/00137.jpg,00137.jpg,11531068,47.3843554,8.5452011,467.408,1.7122574190143496,-0.1989361057057976,2.4979999999999905,onboard_gps,3,6,9.565000534,1.2999999999999998e-43,0.799999952,0.529999971,1.309999943,True
138,data/raw/zurich_mav_sample/MAV_Images/00138.jpg,00138.jpg,11564401,47.3843554,8.5452011,467.408,1.7122574190143496,-0.1989361057057976,2.4979999999999905,onboard_gps,3,6,9.565000534,1.2999999999999998e-43,0.799999952,0.529999971,1.309999943,True
139,data/raw/zurich_mav_sample/MAV_Images/00139.jpg,00139.jpg,11595348,47.3843553,8.5452003,467.371,1.6518097285879776,-0.2096967296674847,2.460999999999956,onboard_gps,3,6,9.495000839,1.2999999999999998e-43,0.550000012,0.089999996,1.159999967,True
140,data/raw/zurich_mav_sample/MAV_Images/00140.jpg,00140.jpg,11628681,47.3843553,8.5452003,467.371,1.6518097285879776,-0.2096967296674847,2.460999999999956,onboard_gps,3,6,9.495000839,1.2999999999999998e-43,0.550000012,0.089999996,1.159999967,True
141,data/raw/zurich_mav_sample/MAV_Images/00141.jpg,00141.jpg,11662014,47.3843553,8.5452003,467.371,1.6518097285879776,-0.2096967296674847,2.460999999999956,onboard_gps,3,6,9.495000839,1.2999999999999998e-43,0.550000012,0.089999996,1.159999967,True
142,data/raw/zurich_mav_sample/MAV_Images/00142.jpg,00142.jpg,11695347,47.3843553,8.5452003,467.371,1.6518097285879776,-0.2096967296674847,2.460999999999956,onboard_gps,3,6,9.495000839,1.2999999999999998e-43,0.550000012,0.089999996,1.159999967,True
143,data/raw/zurich_mav_sample/MAV_Images/00143.jpg,00143.jpg,11728680,47.3843553,8.5452003,467.371,1.6518097285879776,-0.2096967296674847,2.460999999999956,onboard_gps,3,6,9.495000839,1.2999999999999998e-43,0.550000012,0.089999996,1.159999967,True
144,data/raw/zurich_mav_sample/MAV_Images/00144.jpg,00144.jpg,11762013,47.3843553,8.5452003,467.371,1.6518097285879776,-0.2096967296674847,2.460999999999956,onboard_gps,3,6,9.495000839,1.2999999999999998e-43,0.550000012,0.089999996,1.159999967,True
145,data/raw/zurich_mav_sample/MAV_Images/00145.jpg,00145.jpg,11796090,47.3843559,8.5452015,467.376,1.7427734029479325,-0.143545682542026,2.465999999999952,onboard_gps,3,6,9.426000595,1.2999999999999998e-43,0.839999974,0.799999952,0.819999993,True
146,data/raw/zurich_mav_sample/MAV_Images/00146.jpg,00146.jpg,11829423,47.3843559,8.5452015,467.376,1.7427734029479325,-0.143545682542026,2.465999999999952,onboard_gps,3,6,9.426000595,1.2999999999999998e-43,0.839999974,0.799999952,0.819999993,True
147,data/raw/zurich_mav_sample/MAV_Images/00147.jpg,00147.jpg,11862756,47.3843559,8.5452015,467.376,1.7427734029479325,-0.143545682542026,2.465999999999952,onboard_gps,3,6,9.426000595,1.2999999999999998e-43,0.839999974,0.799999952,0.819999993,True
148,data/raw/zurich_mav_sample/MAV_Images/00148.jpg,00148.jpg,11896089,47.3843559,8.5452015,467.376,1.7427734029479325,-0.143545682542026,2.465999999999952,onboard_gps,3,6,9.426000595,1.2999999999999998e-43,0.839999974,0.799999952,0.819999993,True
149,data/raw/zurich_mav_sample/MAV_Images/00149.jpg,00149.jpg,11929422,47.3843559,8.5452015,467.376,1.7427734029479325,-0.143545682542026,2.465999999999952,onboard_gps,3,6,9.426000595,1.2999999999999998e-43,0.839999974,0.799999952,0.819999993,True
150,data/raw/zurich_mav_sample/MAV_Images/00150.jpg,00150.jpg,11962755,47.3843559,8.5452015,467.376,1.7427734029479325,-0.143545682542026,2.465999999999952,onboard_gps,3,6,9.426000595,1.2999999999999998e-43,0.839999974,0.799999952,0.819999993,True
151,data/raw/zurich_mav_sample/MAV_Images/00151.jpg,00151.jpg,11988960,47.384356,8.5452011,467.237,1.7126469378126783,-0.1322559583932161,2.326999999999998,onboard_gps,3,6,9.36300087,1.2999999999999998e-43,0.429999977,0.259999991,1.019999981,True
152,data/raw/zurich_mav_sample/MAV_Images/00152.jpg,00152.jpg,12022293,47.384356,8.5452011,467.237,1.7126469378126783,-0.1322559583932161,2.326999999999998,onboard_gps,3,6,9.36300087,1.2999999999999998e-43,0.429999977,0.259999991,1.019999981,True
153,data/raw/zurich_mav_sample/MAV_Images/00153.jpg,00153.jpg,12055626,47.384356,8.5452011,467.237,1.7126469378126783,-0.1322559583932161,2.326999999999998,onboard_gps,3,6,9.36300087,1.2999999999999998e-43,0.429999977,0.259999991,1.019999981,True
154,data/raw/zurich_mav_sample/MAV_Images/00154.jpg,00154.jpg,12088959,47.384356,8.5452011,467.237,1.7126469378126783,-0.1322559583932161,2.326999999999998,onboard_gps,3,6,9.36300087,1.2999999999999998e-43,0.429999977,0.259999991,1.019999981,True
155,data/raw/zurich_mav_sample/MAV_Images/00155.jpg,00155.jpg,12122292,47.384356,8.5452011,467.237,1.7126469378126783,-0.1322559583932161,2.326999999999998,onboard_gps,3,6,9.36300087,1.2999999999999998e-43,0.429999977,0.259999991,1.019999981,True
156,data/raw/zurich_mav_sample/MAV_Images/00156.jpg,00156.jpg,12155625,47.384356,8.5452011,467.237,1.7126469378126783,-0.1322559583932161,2.326999999999998,onboard_gps,3,6,9.36300087,1.2999999999999998e-43,0.429999977,0.259999991,1.019999981,True
157,data/raw/zurich_mav_sample/MAV_Images/00157.jpg,00157.jpg,12191611,47.3843566,8.5452008,467.105,1.6903929183608852,-0.0654435371980071,2.194999999999993,onboard_gps,3,6,9.295000076,1.29e-43,0.429999977,0.140000001,0.789999962,True
158,data/raw/zurich_mav_sample/MAV_Images/00158.jpg,00158.jpg,12224944,47.3843566,8.5452008,467.105,1.6903929183608852,-0.0654435371980071,2.194999999999993,onboard_gps,3,6,9.295000076,1.29e-43,0.429999977,0.140000001,0.789999962,True
159,data/raw/zurich_mav_sample/MAV_Images/00159.jpg,00159.jpg,12258277,47.3843566,8.5452008,467.105,1.6903929183608852,-0.0654435371980071,2.194999999999993,onboard_gps,3,6,9.295000076,1.29e-43,0.429999977,0.140000001,0.789999962,True
160,data/raw/zurich_mav_sample/MAV_Images/00160.jpg,00160.jpg,12291610,47.3843566,8.5452008,467.105,1.6903929183608852,-0.0654435371980071,2.194999999999993,onboard_gps,3,6,9.295000076,1.29e-43,0.429999977,0.140000001,0.789999962,True
161,data/raw/zurich_mav_sample/MAV_Images/00161.jpg,00161.jpg,12324943,47.3843566,8.5452008,467.105,1.6903929183608852,-0.0654435371980071,2.194999999999993,onboard_gps,3,6,9.295000076,1.29e-43,0.429999977,0.140000001,0.789999962,True
162,data/raw/zurich_mav_sample/MAV_Images/00162.jpg,00162.jpg,12358276,47.3843566,8.5452008,467.105,1.6903929183608852,-0.0654435371980071,2.194999999999993,onboard_gps,3,6,9.295000076,1.29e-43,0.429999977,0.140000001,0.789999962,True
163,data/raw/zurich_mav_sample/MAV_Images/00163.jpg,00163.jpg,12388362,47.3843577,8.5452006,466.823,1.6760113447671756,0.0568915819749236,1.912999999999954,onboard_gps,3,6,9.229000092,1.29e-43,0.639999986,-0.059999999,0.819999993,True
164,data/raw/zurich_mav_sample/MAV_Images/00164.jpg,00164.jpg,12421695,47.3843577,8.5452006,466.823,1.6760113447671756,0.0568915819749236,1.912999999999954,onboard_gps,3,6,9.229000092,1.29e-43,0.639999986,-0.059999999,0.819999993,True
165,data/raw/zurich_mav_sample/MAV_Images/00165.jpg,00165.jpg,12455028,47.3843577,8.5452006,466.823,1.6760113447671756,0.0568915819749236,1.912999999999954,onboard_gps,3,6,9.229000092,1.29e-43,0.639999986,-0.059999999,0.819999993,True
166,data/raw/zurich_mav_sample/MAV_Images/00166.jpg,00166.jpg,12488361,47.3843577,8.5452006,466.823,1.6760113447671756,0.0568915819749236,1.912999999999954,onboard_gps,3,6,9.229000092,1.29e-43,0.639999986,-0.059999999,0.819999993,True
167,data/raw/zurich_mav_sample/MAV_Images/00167.jpg,00167.jpg,12521694,47.3843577,8.5452006,466.823,1.6760113447671756,0.0568915819749236,1.912999999999954,onboard_gps,3,6,9.229000092,1.29e-43,0.639999986,-0.059999999,0.819999993,True
168,data/raw/zurich_mav_sample/MAV_Images/00168.jpg,00168.jpg,12555027,47.3843577,8.5452006,466.823,1.6760113447671756,0.0568915819749236,1.912999999999954,onboard_gps,3,6,9.229000092,1.29e-43,0.639999986,-0.059999999,0.819999993,True
169,data/raw/zurich_mav_sample/MAV_Images/00169.jpg,00169.jpg,12590212,47.3843574,8.5451985,466.841,1.5173118187813088,0.0244774334132671,1.9309999999999832,onboard_gps,3,6,9.176000595,1.29e-43,0.509999991,-0.159999996,1.0,True
170,data/raw/zurich_mav_sample/MAV_Images/00170.jpg,00170.jpg,12623545,47.3843574,8.5451985,466.841,1.5173118187813088,0.0244774334132671,1.9309999999999832,onboard_gps,3,6,9.176000595,1.29e-43,0.509999991,-0.159999996,1.0,True
171,data/raw/zurich_mav_sample/MAV_Images/00171.jpg,00171.jpg,12656878,47.3843574,8.5451985,466.841,1.5173118187813088,0.0244774334132671,1.9309999999999832,onboard_gps,3,6,9.176000595,1.29e-43,0.509999991,-0.159999996,1.0,True
172,data/raw/zurich_mav_sample/MAV_Images/00172.jpg,00172.jpg,12690211,47.3843574,8.5451985,466.841,1.5173118187813088,0.0244774334132671,1.9309999999999832,onboard_gps,3,6,9.176000595,1.29e-43,0.509999991,-0.159999996,1.0,True
173,data/raw/zurich_mav_sample/MAV_Images/00173.jpg,00173.jpg,12723544,47.3843574,8.5451985,466.841,1.5173118187813088,0.0244774334132671,1.9309999999999832,onboard_gps,3,6,9.176000595,1.29e-43,0.509999991,-0.159999996,1.0,True
174,data/raw/zurich_mav_sample/MAV_Images/00174.jpg,00174.jpg,12756877,47.3843574,8.5451985,466.841,1.5173118187813088,0.0244774334132671,1.9309999999999832,onboard_gps,3,6,9.176000595,1.29e-43,0.509999991,-0.159999996,1.0,True
175,data/raw/zurich_mav_sample/MAV_Images/00175.jpg,00175.jpg,12790053,47.384357,8.5451976,466.887,1.449121523357462,-0.0195791712030768,1.9769999999999757,onboard_gps,3,6,9.125,1.29e-43,0.550000012,0.280000001,1.059999943,True
176,data/raw/zurich_mav_sample/MAV_Images/00176.jpg,00176.jpg,12823386,47.384357,8.5451976,466.887,1.449121523357462,-0.0195791712030768,1.9769999999999757,onboard_gps,3,6,9.125,1.29e-43,0.550000012,0.280000001,1.059999943,True
177,data/raw/zurich_mav_sample/MAV_Images/00177.jpg,00177.jpg,12856719,47.384357,8.5451976,466.887,1.449121523357462,-0.0195791712030768,1.9769999999999757,onboard_gps,3,6,9.125,1.29e-43,0.550000012,0.280000001,1.059999943,True
178,data/raw/zurich_mav_sample/MAV_Images/00178.jpg,00178.jpg,12890052,47.384357,8.5451976,466.887,1.449121523357462,-0.0195791712030768,1.9769999999999757,onboard_gps,3,6,9.125,1.29e-43,0.550000012,0.280000001,1.059999943,True
179,data/raw/zurich_mav_sample/MAV_Images/00179.jpg,00179.jpg,12923385,47.384357,8.5451976,466.887,1.449121523357462,-0.0195791712030768,1.9769999999999757,onboard_gps,3,6,9.125,1.29e-43,0.550000012,0.280000001,1.059999943,True
180,data/raw/zurich_mav_sample/MAV_Images/00180.jpg,00180.jpg,12956718,47.384357,8.5451976,466.887,1.449121523357462,-0.0195791712030768,1.9769999999999757,onboard_gps,3,6,9.125,1.29e-43,0.550000012,0.280000001,1.059999943,True
181,data/raw/zurich_mav_sample/MAV_Images/00181.jpg,00181.jpg,12990712,47.3843575,8.5451976,466.83,1.4494461249560118,0.0359876183792948,1.919999999999959,onboard_gps,3,6,9.075000763,1.29e-43,0.969999969,0.5,0.98999995,True
182,data/raw/zurich_mav_sample/MAV_Images/00182.jpg,00182.jpg,13024045,47.3843575,8.5451976,466.83,1.4494461249560118,0.0359876183792948,1.919999999999959,onboard_gps,3,6,9.075000763,1.29e-43,0.969999969,0.5,0.98999995,True
183,data/raw/zurich_mav_sample/MAV_Images/00183.jpg,00183.jpg,13057378,47.3843575,8.5451976,466.83,1.4494461249560118,0.0359876183792948,1.919999999999959,onboard_gps,3,6,9.075000763,1.29e-43,0.969999969,0.5,0.98999995,True
184,data/raw/zurich_mav_sample/MAV_Images/00184.jpg,00184.jpg,13090711,47.3843575,8.5451976,466.83,1.4494461249560118,0.0359876183792948,1.919999999999959,onboard_gps,3,6,9.075000763,1.29e-43,0.969999969,0.5,0.98999995,True
185,data/raw/zurich_mav_sample/MAV_Images/00185.jpg,00185.jpg,13124044,47.3843575,8.5451976,466.83,1.4494461249560118,0.0359876183792948,1.919999999999959,onboard_gps,3,6,9.075000763,1.29e-43,0.969999969,0.5,0.98999995,True
186,data/raw/zurich_mav_sample/MAV_Images/00186.jpg,00186.jpg,13157377,47.3843575,8.5451976,466.83,1.4494461249560118,0.0359876183792948,1.919999999999959,onboard_gps,3,6,9.075000763,1.29e-43,0.969999969,0.5,0.98999995,True
187,data/raw/zurich_mav_sample/MAV_Images/00187.jpg,00187.jpg,13188406,47.3843587,8.5451976,466.727,1.4502251687226817,0.1693479120731353,1.8169999999999504,onboard_gps,3,6,9.027000427,1.29e-43,1.309999943,0.439999998,0.98999995,True
188,data/raw/zurich_mav_sample/MAV_Images/00188.jpg,00188.jpg,13221739,47.3843587,8.5451976,466.727,1.4502251687226817,0.1693479120731353,1.8169999999999504,onboard_gps,3,6,9.027000427,1.29e-43,1.309999943,0.439999998,0.98999995,True
189,data/raw/zurich_mav_sample/MAV_Images/00189.jpg,00189.jpg,13255072,47.3843587,8.5451976,466.727,1.4502251687226817,0.1693479120731353,1.8169999999999504,onboard_gps,3,6,9.027000427,1.29e-43,1.309999943,0.439999998,0.98999995,True
190,data/raw/zurich_mav_sample/MAV_Images/00190.jpg,00190.jpg,13288405,47.3843587,8.5451976,466.727,1.4502251687226817,0.1693479120731353,1.8169999999999504,onboard_gps,3,6,9.027000427,1.29e-43,1.309999943,0.439999998,0.98999995,True
191,data/raw/zurich_mav_sample/MAV_Images/00191.jpg,00191.jpg,13321738,47.3843587,8.5451976,466.727,1.4502251687226817,0.1693479120731353,1.8169999999999504,onboard_gps,3,6,9.027000427,1.29e-43,1.309999943,0.439999998,0.98999995,True
192,data/raw/zurich_mav_sample/MAV_Images/00192.jpg,00192.jpg,13355071,47.3843587,8.5451976,466.727,1.4502251687226817,0.1693479120731353,1.8169999999999504,onboard_gps,3,6,9.027000427,1.29e-43,1.309999943,0.439999998,0.98999995,True
193,data/raw/zurich_mav_sample/MAV_Images/00193.jpg,00193.jpg,13389207,47.384359,8.5451967,466.714,1.3824893174460158,0.2030848115682602,1.8039999999999736,onboard_gps,3,6,8.979000092,1.29e-43,0.620000005,0.269999981,0.799999952,True
194,data/raw/zurich_mav_sample/MAV_Images/00194.jpg,00194.jpg,13422540,47.384359,8.5451967,466.714,1.3824893174460158,0.2030848115682602,1.8039999999999736,onboard_gps,3,6,8.979000092,1.29e-43,0.620000005,0.269999981,0.799999952,True
195,data/raw/zurich_mav_sample/MAV_Images/00195.jpg,00195.jpg,13455873,47.384359,8.5451967,466.714,1.3824893174460158,0.2030848115682602,1.8039999999999736,onboard_gps,3,6,8.979000092,1.29e-43,0.620000005,0.269999981,0.799999952,True
196,data/raw/zurich_mav_sample/MAV_Images/00196.jpg,00196.jpg,13489206,47.384359,8.5451967,466.714,1.3824893174460158,0.2030848115682602,1.8039999999999736,onboard_gps,3,6,8.979000092,1.29e-43,0.620000005,0.269999981,0.799999952,True
197,data/raw/zurich_mav_sample/MAV_Images/00197.jpg,00197.jpg,13522539,47.384359,8.5451967,466.714,1.3824893174460158,0.2030848115682602,1.8039999999999736,onboard_gps,3,6,8.979000092,1.29e-43,0.620000005,0.269999981,0.799999952,True
198,data/raw/zurich_mav_sample/MAV_Images/00198.jpg,00198.jpg,13555872,47.384359,8.5451967,466.714,1.3824893174460158,0.2030848115682602,1.8039999999999736,onboard_gps,3,6,8.979000092,1.29e-43,0.620000005,0.269999981,0.799999952,True
199,data/raw/zurich_mav_sample/MAV_Images/00199.jpg,00199.jpg,13592107,47.384359,8.5451952,466.661,1.269271630619187,0.2037461921572685,1.7509999999999764,onboard_gps,3,6,8.934000015,1.29e-43,0.449999988,-0.109999999,0.829999983,True
200,data/raw/zurich_mav_sample/MAV_Images/00200.jpg,00200.jpg,13625440,47.384359,8.5451952,466.661,1.269271630619187,0.2037461921572685,1.7509999999999764,onboard_gps,3,6,8.934000015,1.29e-43,0.449999988,-0.109999999,0.829999983,True
201,data/raw/zurich_mav_sample/MAV_Images/00201.jpg,00201.jpg,13658773,47.384359,8.5451952,466.661,1.269271630619187,0.2037461921572685,1.7509999999999764,onboard_gps,3,6,8.934000015,1.29e-43,0.449999988,-0.109999999,0.829999983,True
202,data/raw/zurich_mav_sample/MAV_Images/00202.jpg,00202.jpg,13692106,47.384359,8.5451952,466.661,1.269271630619187,0.2037461921572685,1.7509999999999764,onboard_gps,3,6,8.934000015,1.29e-43,0.449999988,-0.109999999,0.829999983,True
203,data/raw/zurich_mav_sample/MAV_Images/00203.jpg,00203.jpg,13725439,47.384359,8.5451952,466.661,1.269271630619187,0.2037461921572685,1.7509999999999764,onboard_gps,3,6,8.934000015,1.29e-43,0.449999988,-0.109999999,0.829999983,True
204,data/raw/zurich_mav_sample/MAV_Images/00204.jpg,00204.jpg,13758772,47.384359,8.5451952,466.661,1.269271630619187,0.2037461921572685,1.7509999999999764,onboard_gps,3,6,8.934000015,1.29e-43,0.449999988,-0.109999999,0.829999983,True
205,data/raw/zurich_mav_sample/MAV_Images/00205.jpg,00205.jpg,13808127,47.3843596,8.5451948,466.6,1.239469771797303,0.2706027077510953,1.6899999999999975,onboard_gps,3,6,8.894000053,1.29e-43,0.72999996,0.199999988,0.769999981,True
206,data/raw/zurich_mav_sample/MAV_Images/00206.jpg,00206.jpg,13841460,47.3843596,8.5451948,466.6,1.239469771797303,0.2706027077510953,1.6899999999999975,onboard_gps,3,6,8.894000053,1.29e-43,0.72999996,0.199999988,0.769999981,True
207,data/raw/zurich_mav_sample/MAV_Images/00207.jpg,00207.jpg,13874793,47.3843596,8.5451948,466.6,1.239469771797303,0.2706027077510953,1.6899999999999975,onboard_gps,3,6,8.894000053,1.29e-43,0.72999996,0.199999988,0.769999981,True
208,data/raw/zurich_mav_sample/MAV_Images/00208.jpg,00208.jpg,13908126,47.3843596,8.5451948,466.6,1.239469771797303,0.2706027077510953,1.6899999999999975,onboard_gps,3,6,8.894000053,1.29e-43,0.72999996,0.199999988,0.769999981,True
209,data/raw/zurich_mav_sample/MAV_Images/00209.jpg,00209.jpg,13941459,47.3843596,8.5451948,466.6,1.239469771797303,0.2706027077510953,1.6899999999999975,onboard_gps,3,6,8.894000053,1.29e-43,0.72999996,0.199999988,0.769999981,True
210,data/raw/zurich_mav_sample/MAV_Images/00210.jpg,00210.jpg,13974792,47.3843596,8.5451948,466.6,1.239469771797303,0.2706027077510953,1.6899999999999975,onboard_gps,3,6,8.894000053,1.29e-43,0.72999996,0.199999988,0.769999981,True
211,data/raw/zurich_mav_sample/MAV_Images/00211.jpg,00211.jpg,13989764,47.3843593,8.5451929,466.663,1.0958659404423088,0.2381003852933645,1.752999999999986,onboard_gps,3,6,8.858000755,1.29e-43,0.310000002,-0.07,0.629999995,True
212,data/raw/zurich_mav_sample/MAV_Images/00212.jpg,00212.jpg,14023097,47.3843593,8.5451929,466.663,1.0958659404423088,0.2381003852933645,1.752999999999986,onboard_gps,3,6,8.858000755,1.29e-43,0.310000002,-0.07,0.629999995,True
213,data/raw/zurich_mav_sample/MAV_Images/00213.jpg,00213.jpg,14056430,47.3843593,8.5451929,466.663,1.0958659404423088,0.2381003852933645,1.752999999999986,onboard_gps,3,6,8.858000755,1.29e-43,0.310000002,-0.07,0.629999995,True
214,data/raw/zurich_mav_sample/MAV_Images/00214.jpg,00214.jpg,14089763,47.3843593,8.5451929,466.663,1.0958659404423088,0.2381003852933645,1.752999999999986,onboard_gps,3,6,8.858000755,1.29e-43,0.310000002,-0.07,0.629999995,True
215,data/raw/zurich_mav_sample/MAV_Images/00215.jpg,00215.jpg,14123096,47.3843593,8.5451929,466.663,1.0958659404423088,0.2381003852933645,1.752999999999986,onboard_gps,3,6,8.858000755,1.29e-43,0.310000002,-0.07,0.629999995,True
216,data/raw/zurich_mav_sample/MAV_Images/00216.jpg,00216.jpg,14156429,47.3843593,8.5451929,466.663,1.0958659404423088,0.2381003852933645,1.752999999999986,onboard_gps,3,6,8.858000755,1.29e-43,0.310000002,-0.07,0.629999995,True
217,data/raw/zurich_mav_sample/MAV_Images/00217.jpg,00217.jpg,14191526,47.3843602,8.5451932,466.626,1.1190937662031502,0.3379883291199803,1.7159999999999511,onboard_gps,3,6,8.820000649,1.29e-43,0.75,0.379999995,0.439999998,True
218,data/raw/zurich_mav_sample/MAV_Images/00218.jpg,00218.jpg,14224859,47.3843602,8.5451932,466.626,1.1190937662031502,0.3379883291199803,1.7159999999999511,onboard_gps,3,6,8.820000649,1.29e-43,0.75,0.379999995,0.439999998,True
219,data/raw/zurich_mav_sample/MAV_Images/00219.jpg,00219.jpg,14258192,47.3843602,8.5451932,466.626,1.1190937662031502,0.3379883291199803,1.7159999999999511,onboard_gps,3,6,8.820000649,1.29e-43,0.75,0.379999995,0.439999998,True
220,data/raw/zurich_mav_sample/MAV_Images/00220.jpg,00220.jpg,14291525,47.3843602,8.5451932,466.626,1.1190937662031502,0.3379883291199803,1.7159999999999511,onboard_gps,3,6,8.820000649,1.29e-43,0.75,0.379999995,0.439999998,True
221,data/raw/zurich_mav_sample/MAV_Images/00221.jpg,00221.jpg,14324858,47.3843602,8.5451932,466.626,1.1190937662031502,0.3379883291199803,1.7159999999999511,onboard_gps,3,6,8.820000649,1.29e-43,0.75,0.379999995,0.439999998,True
222,data/raw/zurich_mav_sample/MAV_Images/00222.jpg,00222.jpg,14358191,47.3843602,8.5451932,466.626,1.1190937662031502,0.3379883291199803,1.7159999999999511,onboard_gps,3,6,8.820000649,1.29e-43,0.75,0.379999995,0.439999998,True
223,data/raw/zurich_mav_sample/MAV_Images/00223.jpg,00223.jpg,14387222,47.384361,8.5451938,466.629,1.164900206727907,0.4266306385397911,1.718999999999994,onboard_gps,3,6,8.782000542,1.29e-43,0.759999991,0.620000005,0.509999991,True
224,data/raw/zurich_mav_sample/MAV_Images/00224.jpg,00224.jpg,14420555,47.384361,8.5451938,466.629,1.164900206727907,0.4266306385397911,1.718999999999994,onboard_gps,3,6,8.782000542,1.29e-43,0.759999991,0.620000005,0.509999991,True
225,data/raw/zurich_mav_sample/MAV_Images/00225.jpg,00225.jpg,14453888,47.384361,8.5451938,466.629,1.164900206727907,0.4266306385397911,1.718999999999994,onboard_gps,3,6,8.782000542,1.29e-43,0.759999991,0.620000005,0.509999991,True
226,data/raw/zurich_mav_sample/MAV_Images/00226.jpg,00226.jpg,14487221,47.384361,8.5451938,466.629,1.164900206727907,0.4266306385397911,1.718999999999994,onboard_gps,3,6,8.782000542,1.29e-43,0.759999991,0.620000005,0.509999991,True
227,data/raw/zurich_mav_sample/MAV_Images/00227.jpg,00227.jpg,14520554,47.384361,8.5451938,466.629,1.164900206727907,0.4266306385397911,1.718999999999994,onboard_gps,3,6,8.782000542,1.29e-43,0.759999991,0.620000005,0.509999991,True
228,data/raw/zurich_mav_sample/MAV_Images/00228.jpg,00228.jpg,14553887,47.384361,8.5451938,466.629,1.164900206727907,0.4266306385397911,1.718999999999994,onboard_gps,3,6,8.782000542,1.29e-43,0.759999991,0.620000005,0.509999991,True
229,data/raw/zurich_mav_sample/MAV_Images/00229.jpg,00229.jpg,14588057,47.384362,8.5451939,466.53,1.1730972607037984,0.5377201251685619,1.6199999999999477,onboard_gps,3,6,8.74600029,1.29e-43,0.789999962,0.370000005,0.769999981,True
230,data/raw/zurich_mav_sample/MAV_Images/00230.jpg,00230.jpg,14621390,47.384362,8.5451939,466.53,1.1730972607037984,0.5377201251685619,1.6199999999999477,onboard_gps,3,6,8.74600029,1.29e-43,0.789999962,0.370000005,0.769999981,True
231,data/raw/zurich_mav_sample/MAV_Images/00231.jpg,00231.jpg,14654723,47.384362,8.5451939,466.53,1.1730972607037984,0.5377201251685619,1.6199999999999477,onboard_gps,3,6,8.74600029,1.29e-43,0.789999962,0.370000005,0.769999981,True
232,data/raw/zurich_mav_sample/MAV_Images/00232.jpg,00232.jpg,14688056,47.384362,8.5451939,466.53,1.1730972607037984,0.5377201251685619,1.6199999999999477,onboard_gps,3,6,8.74600029,1.29e-43,0.789999962,0.370000005,0.769999981,True
233,data/raw/zurich_mav_sample/MAV_Images/00233.jpg,00233.jpg,14721389,47.384362,8.5451939,466.53,1.1730972607037984,0.5377201251685619,1.6199999999999477,onboard_gps,3,6,8.74600029,1.29e-43,0.789999962,0.370000005,0.769999981,True
234,data/raw/zurich_mav_sample/MAV_Images/00234.jpg,00234.jpg,14754722,47.384362,8.5451939,466.53,1.1730972607037984,0.5377201251685619,1.6199999999999477,onboard_gps,3,6,8.74600029,1.29e-43,0.789999962,0.370000005,0.769999981,True
235,data/raw/zurich_mav_sample/MAV_Images/00235.jpg,00235.jpg,14796032,47.3843622,8.5451944,466.64,1.2109663290902972,0.5597263779491186,1.7299999999999611,onboard_gps,3,6,8.707000732,1.29e-43,0.620000005,0.779999971,0.509999991,True
236,data/raw/zurich_mav_sample/MAV_Images/00236.jpg,00236.jpg,14829365,47.3843622,8.5451944,466.64,1.2109663290902972,0.5597263779491186,1.7299999999999611,onboard_gps,3,6,8.707000732,1.29e-43,0.620000005,0.779999971,0.509999991,True
237,data/raw/zurich_mav_sample/MAV_Images/00237.jpg,00237.jpg,14862698,47.3843622,8.5451944,466.64,1.2109663290902972,0.5597263779491186,1.7299999999999611,onboard_gps,3,6,8.707000732,1.29e-43,0.620000005,0.779999971,0.509999991,True
238,data/raw/zurich_mav_sample/MAV_Images/00238.jpg,00238.jpg,14896031,47.3843622,8.5451944,466.64,1.2109663290902972,0.5597263779491186,1.7299999999999611,onboard_gps,3,6,8.707000732,1.29e-43,0.620000005,0.779999971,0.509999991,True
239,data/raw/zurich_mav_sample/MAV_Images/00239.jpg,00239.jpg,14929364,47.3843622,8.5451944,466.64,1.2109663290902972,0.5597263779491186,1.7299999999999611,onboard_gps,3,6,8.707000732,1.29e-43,0.620000005,0.779999971,0.509999991,True
240,data/raw/zurich_mav_sample/MAV_Images/00240.jpg,00240.jpg,14962697,47.3843622,8.5451944,466.64,1.2109663290902972,0.5597263779491186,1.7299999999999611,onboard_gps,3,6,8.707000732,1.29e-43,0.620000005,0.779999971,0.509999991,True
241,data/raw/zurich_mav_sample/MAV_Images/00241.jpg,00241.jpg,14990721,47.3843618,8.5451942,466.742,1.1956109551829286,0.5153611321002245,1.8319999999999936,onboard_gps,3,6,8.669000626,1.29e-43,0.449999988,0.509999991,0.539999962,True
242,data/raw/zurich_mav_sample/MAV_Images/00242.jpg,00242.jpg,15024054,47.3843618,8.5451942,466.742,1.1956109551829286,0.5153611321002245,1.8319999999999936,onboard_gps,3,6,8.669000626,1.29e-43,0.449999988,0.509999991,0.539999962,True
243,data/raw/zurich_mav_sample/MAV_Images/00243.jpg,00243.jpg,15057387,47.3843618,8.5451942,466.742,1.1956109551829286,0.5153611321002245,1.8319999999999936,onboard_gps,3,6,8.669000626,1.29e-43,0.449999988,0.509999991,0.539999962,True
244,data/raw/zurich_mav_sample/MAV_Images/00244.jpg,00244.jpg,15090720,47.3843618,8.5451942,466.742,1.1956109551829286,0.5153611321002245,1.8319999999999936,onboard_gps,3,6,8.669000626,1.29e-43,0.449999988,0.509999991,0.539999962,True
245,data/raw/zurich_mav_sample/MAV_Images/00245.jpg,00245.jpg,15124053,47.3843618,8.5451942,466.742,1.1956109551829286,0.5153611321002245,1.8319999999999936,onboard_gps,3,6,8.669000626,1.29e-43,0.449999988,0.509999991,0.539999962,True
246,data/raw/zurich_mav_sample/MAV_Images/00246.jpg,00246.jpg,15157386,47.3843618,8.5451942,466.742,1.1956109551829286,0.5153611321002245,1.8319999999999936,onboard_gps,3,6,8.669000626,1.29e-43,0.449999988,0.509999991,0.539999962,True
247,data/raw/zurich_mav_sample/MAV_Images/00247.jpg,00247.jpg,15185446,47.3843632,8.5451955,466.524,1.2946418339270167,0.6703749448060989,1.613999999999976,onboard_gps,3,6,8.634000778,1.29e-43,0.759999991,0.529999971,0.560000002,True
248,data/raw/zurich_mav_sample/MAV_Images/00248.jpg,00248.jpg,15218779,47.3843632,8.5451955,466.524,1.2946418339270167,0.6703749448060989,1.613999999999976,onboard_gps,3,6,8.634000778,1.29e-43,0.759999991,0.529999971,0.560000002,True
249,data/raw/zurich_mav_sample/MAV_Images/00249.jpg,00249.jpg,15252112,47.3843632,8.5451955,466.524,1.2946418339270167,0.6703749448060989,1.613999999999976,onboard_gps,3,6,8.634000778,1.29e-43,0.759999991,0.529999971,0.560000002,True
250,data/raw/zurich_mav_sample/MAV_Images/00250.jpg,00250.jpg,15285445,47.3843632,8.5451955,466.524,1.2946418339270167,0.6703749448060989,1.613999999999976,onboard_gps,3,6,8.634000778,1.29e-43,0.759999991,0.529999971,0.560000002,True
251,data/raw/zurich_mav_sample/MAV_Images/00251.jpg,00251.jpg,15318778,47.3843632,8.5451955,466.524,1.2946418339270167,0.6703749448060989,1.613999999999976,onboard_gps,3,6,8.634000778,1.29e-43,0.759999991,0.529999971,0.560000002,True
252,data/raw/zurich_mav_sample/MAV_Images/00252.jpg,00252.jpg,15352111,47.3843632,8.5451955,466.524,1.2946418339270167,0.6703749448060989,1.613999999999976,onboard_gps,3,6,8.634000778,1.29e-43,0.759999991,0.529999971,0.560000002,True
253,data/raw/zurich_mav_sample/MAV_Images/00253.jpg,00253.jpg,15387279,47.384363,8.5451954,466.561,1.2869641475263052,0.6481923200190067,1.6509999999999536,onboard_gps,3,6,8.600000382,1.29e-43,0.370000005,0.469999999,0.550000012,True
254,data/raw/zurich_mav_sample/MAV_Images/00254.jpg,00254.jpg,15420612,47.384363,8.5451954,466.561,1.2869641475263052,0.6481923200190067,1.6509999999999536,onboard_gps,3,6,8.600000382,1.29e-43,0.370000005,0.469999999,0.550000012,True
255,data/raw/zurich_mav_sample/MAV_Images/00255.jpg,00255.jpg,15453945,47.384363,8.5451954,466.561,1.2869641475263052,0.6481923200190067,1.6509999999999536,onboard_gps,3,6,8.600000382,1.29e-43,0.370000005,0.469999999,0.550000012,True
256,data/raw/zurich_mav_sample/MAV_Images/00256.jpg,00256.jpg,15487278,47.384363,8.5451954,466.561,1.2869641475263052,0.6481923200190067,1.6509999999999536,onboard_gps,3,6,8.600000382,1.29e-43,0.370000005,0.469999999,0.550000012,True
257,data/raw/zurich_mav_sample/MAV_Images/00257.jpg,00257.jpg,15520611,47.384363,8.5451954,466.561,1.2869641475263052,0.6481923200190067,1.6509999999999536,onboard_gps,3,6,8.600000382,1.29e-43,0.370000005,0.469999999,0.550000012,True
258,data/raw/zurich_mav_sample/MAV_Images/00258.jpg,00258.jpg,15553944,47.384363,8.5451954,466.561,1.2869641475263052,0.6481923200190067,1.6509999999999536,onboard_gps,3,6,8.600000382,1.29e-43,0.370000005,0.469999999,0.550000012,True
259,data/raw/zurich_mav_sample/MAV_Images/00259.jpg,00259.jpg,15585104,47.3843626,8.5451957,466.728,1.3093480007955804,0.6036066133528948,1.817999999999984,onboard_gps,3,6,8.562000275,1.29e-43,0.379999995,0.680000007,0.340000004,True
260,data/raw/zurich_mav_sample/MAV_Images/00260.jpg,00260.jpg,15618437,47.3843626,8.5451957,466.728,1.3093480007955804,0.6036066133528948,1.817999999999984,onboard_gps,3,6,8.562000275,1.29e-43,0.379999995,0.680000007,0.340000004,True
261,data/raw/zurich_mav_sample/MAV_Images/00261.jpg,00261.jpg,15651770,47.3843626,8.5451957,466.728,1.3093480007955804,0.6036066133528948,1.817999999999984,onboard_gps,3,6,8.562000275,1.29e-43,0.379999995,0.680000007,0.340000004,True
262,data/raw/zurich_mav_sample/MAV_Images/00262.jpg,00262.jpg,15685103,47.3843626,8.5451957,466.728,1.3093480007955804,0.6036066133528948,1.817999999999984,onboard_gps,3,6,8.562000275,1.29e-43,0.379999995,0.680000007,0.340000004,True
263,data/raw/zurich_mav_sample/MAV_Images/00263.jpg,00263.jpg,15718436,47.3843626,8.5451957,466.728,1.3093480007955804,0.6036066133528948,1.817999999999984,onboard_gps,3,6,8.562000275,1.29e-43,0.379999995,0.680000007,0.340000004,True
264,data/raw/zurich_mav_sample/MAV_Images/00264.jpg,00264.jpg,15751769,47.3843626,8.5451957,466.728,1.3093480007955804,0.6036066133528948,1.817999999999984,onboard_gps,3,6,8.562000275,1.29e-43,0.379999995,0.680000007,0.340000004,True
265,data/raw/zurich_mav_sample/MAV_Images/00265.jpg,00265.jpg,15786962,47.3843626,8.5451955,466.691,1.2942523102392445,0.6036947993561625,1.780999999999949,onboard_gps,3,6,8.525000572,1.29e-43,0.259999991,0.199999988,0.409999996,True
266,data/raw/zurich_mav_sample/MAV_Images/00266.jpg,00266.jpg,15820295,47.3843626,8.5451955,466.691,1.2942523102392445,0.6036947993561625,1.780999999999949,onboard_gps,3,6,8.525000572,1.29e-43,0.259999991,0.199999988,0.409999996,True
267,data/raw/zurich_mav_sample/MAV_Images/00267.jpg,00267.jpg,15853628,47.3843626,8.5451955,466.691,1.2942523102392445,0.6036947993561625,1.780999999999949,onboard_gps,3,6,8.525000572,1.29e-43,0.259999991,0.199999988,0.409999996,True
268,data/raw/zurich_mav_sample/MAV_Images/00268.jpg,00268.jpg,15886961,47.3843626,8.5451955,466.691,1.2942523102392445,0.6036947993561625,1.780999999999949,onboard_gps,3,6,8.525000572,1.29e-43,0.259999991,0.199999988,0.409999996,True
269,data/raw/zurich_mav_sample/MAV_Images/00269.jpg,00269.jpg,15920294,47.3843626,8.5451955,466.691,1.2942523102392445,0.6036947993561625,1.780999999999949,onboard_gps,3,6,8.525000572,1.29e-43,0.259999991,0.199999988,0.409999996,True
270,data/raw/zurich_mav_sample/MAV_Images/00270.jpg,00270.jpg,15953627,47.3843626,8.5451955,466.691,1.2942523102392445,0.6036947993561625,1.780999999999949,onboard_gps,3,6,8.525000572,1.29e-43,0.259999991,0.199999988,0.409999996,True
271,data/raw/zurich_mav_sample/MAV_Images/00271.jpg,00271.jpg,15983557,47.3843626,8.5451949,466.695,1.2489652385702357,0.6039593508467078,1.7849999999999682,onboard_gps,3,6,8.487000465,1.29e-43,0.25,0.07,0.319999993,True
272,data/raw/zurich_mav_sample/MAV_Images/00272.jpg,00272.jpg,16016890,47.3843626,8.5451949,466.695,1.2489652385702357,0.6039593508467078,1.7849999999999682,onboard_gps,3,6,8.487000465,1.29e-43,0.25,0.07,0.319999993,True
273,data/raw/zurich_mav_sample/MAV_Images/00273.jpg,00273.jpg,16050223,47.3843626,8.5451949,466.695,1.2489652385702357,0.6039593508467078,1.7849999999999682,onboard_gps,3,6,8.487000465,1.29e-43,0.25,0.07,0.319999993,True
274,data/raw/zurich_mav_sample/MAV_Images/00274.jpg,00274.jpg,16083556,47.3843626,8.5451949,466.695,1.2489652385702357,0.6039593508467078,1.7849999999999682,onboard_gps,3,6,8.487000465,1.29e-43,0.25,0.07,0.319999993,True
275,data/raw/zurich_mav_sample/MAV_Images/00275.jpg,00275.jpg,16116889,47.3843626,8.5451949,466.695,1.2489652385702357,0.6039593508467078,1.7849999999999682,onboard_gps,3,6,8.487000465,1.29e-43,0.25,0.07,0.319999993,True
276,data/raw/zurich_mav_sample/MAV_Images/00276.jpg,00276.jpg,16150222,47.3843626,8.5451949,466.695,1.2489652385702357,0.6039593508467078,1.7849999999999682,onboard_gps,3,6,8.487000465,1.29e-43,0.25,0.07,0.319999993,True
277,data/raw/zurich_mav_sample/MAV_Images/00277.jpg,00277.jpg,16191395,47.3843628,8.5451942,466.748,1.1962601632112635,0.6264947094023228,1.8379999999999652,onboard_gps,3,6,8.447999954,1.29e-43,0.299999982,-0.079999998,0.089999996,True
278,data/raw/zurich_mav_sample/MAV_Images/00278.jpg,00278.jpg,16224728,47.3843628,8.5451942,466.748,1.1962601632112635,0.6264947094023228,1.8379999999999652,onboard_gps,3,6,8.447999954,1.29e-43,0.299999982,-0.079999998,0.089999996,True
279,data/raw/zurich_mav_sample/MAV_Images/00279.jpg,00279.jpg,16258061,47.3843628,8.5451942,466.748,1.1962601632112635,0.6264947094023228,1.8379999999999652,onboard_gps,3,6,8.447999954,1.29e-43,0.299999982,-0.079999998,0.089999996,True
280,data/raw/zurich_mav_sample/MAV_Images/00280.jpg,00280.jpg,16291394,47.3843628,8.5451942,466.748,1.1962601632112635,0.6264947094023228,1.8379999999999652,onboard_gps,3,6,8.447999954,1.29e-43,0.299999982,-0.079999998,0.089999996,True
281,data/raw/zurich_mav_sample/MAV_Images/00281.jpg,00281.jpg,16324727,47.3843628,8.5451942,466.748,1.1962601632112635,0.6264947094023228,1.8379999999999652,onboard_gps,3,6,8.447999954,1.29e-43,0.299999982,-0.079999998,0.089999996,True
282,data/raw/zurich_mav_sample/MAV_Images/00282.jpg,00282.jpg,16358060,47.3843628,8.5451942,466.748,1.1962601632112635,0.6264947094023228,1.8379999999999652,onboard_gps,3,6,8.447999954,1.29e-43,0.299999982,-0.079999998,0.089999996,True
283,data/raw/zurich_mav_sample/MAV_Images/00283.jpg,00283.jpg,16388182,47.3843628,8.5451934,466.734,1.135877401335165,0.6268474478274584,1.8239999999999557,onboard_gps,3,6,8.409000397,1.29e-43,0.159999996,-0.039999999,0.219999999,True
284,data/raw/zurich_mav_sample/MAV_Images/00284.jpg,00284.jpg,16421515,47.3843628,8.5451934,466.734,1.135877401335165,0.6268474478274584,1.8239999999999557,onboard_gps,3,6,8.409000397,1.29e-43,0.159999996,-0.039999999,0.219999999,True
285,data/raw/zurich_mav_sample/MAV_Images/00285.jpg,00285.jpg,16454848,47.3843628,8.5451934,466.734,1.135877401335165,0.6268474478274584,1.8239999999999557,onboard_gps,3,6,8.409000397,1.29e-43,0.159999996,-0.039999999,0.219999999,True
286,data/raw/zurich_mav_sample/MAV_Images/00286.jpg,00286.jpg,16488181,47.3843628,8.5451934,466.734,1.135877401335165,0.6268474478274584,1.8239999999999557,onboard_gps,3,6,8.409000397,1.29e-43,0.159999996,-0.039999999,0.219999999,True
287,data/raw/zurich_mav_sample/MAV_Images/00287.jpg,00287.jpg,16521514,47.3843628,8.5451934,466.734,1.135877401335165,0.6268474478274584,1.8239999999999557,onboard_gps,3,6,8.409000397,1.29e-43,0.159999996,-0.039999999,0.219999999,True
288,data/raw/zurich_mav_sample/MAV_Images/00288.jpg,00288.jpg,16554847,47.3843628,8.5451934,466.734,1.135877401335165,0.6268474478274584,1.8239999999999557,onboard_gps,3,6,8.409000397,1.29e-43,0.159999996,-0.039999999,0.219999999,True
289,data/raw/zurich_mav_sample/MAV_Images/00289.jpg,00289.jpg,16590050,47.384362,8.5451927,466.891,1.082523116376251,0.5382492328062654,1.9809999999999943,onboard_gps,3,6,8.36700058,1.29e-43,0.089999996,0.219999999,0.099999994,True
290,data/raw/zurich_mav_sample/MAV_Images/00290.jpg,00290.jpg,16623383,47.384362,8.5451927,466.891,1.082523116376251,0.5382492328062654,1.9809999999999943,onboard_gps,3,6,8.36700058,1.29e-43,0.089999996,0.219999999,0.099999994,True
291,data/raw/zurich_mav_sample/MAV_Images/00291.jpg,00291.jpg,16656716,47.384362,8.5451927,466.891,1.082523116376251,0.5382492328062654,1.9809999999999943,onboard_gps,3,6,8.36700058,1.29e-43,0.089999996,0.219999999,0.099999994,True
292,data/raw/zurich_mav_sample/MAV_Images/00292.jpg,00292.jpg,16690049,47.384362,8.5451927,466.891,1.082523116376251,0.5382492328062654,1.9809999999999943,onboard_gps,3,6,8.36700058,1.29e-43,0.089999996,0.219999999,0.099999994,True
293,data/raw/zurich_mav_sample/MAV_Images/00293.jpg,00293.jpg,16723382,47.384362,8.5451927,466.891,1.082523116376251,0.5382492328062654,1.9809999999999943,onboard_gps,3,6,8.36700058,1.29e-43,0.089999996,0.219999999,0.099999994,True
294,data/raw/zurich_mav_sample/MAV_Images/00294.jpg,00294.jpg,16756715,47.384362,8.5451927,466.891,1.082523116376251,0.5382492328062654,1.9809999999999943,onboard_gps,3,6,8.36700058,1.29e-43,0.089999996,0.219999999,0.099999994,True
295,data/raw/zurich_mav_sample/MAV_Images/00295.jpg,00295.jpg,16784751,47.3843624,8.5451925,466.766,1.0676871099276468,0.5827908469364047,1.8559999999999943,onboard_gps,3,6,8.328000069,1.29e-43,0.189999998,0.039999999,0.140000001,True
296,data/raw/zurich_mav_sample/MAV_Images/00296.jpg,00296.jpg,16818084,47.3843624,8.5451925,466.766,1.0676871099276468,0.5827908469364047,1.8559999999999943,onboard_gps,3,6,8.328000069,1.29e-43,0.189999998,0.039999999,0.140000001,True
297,data/raw/zurich_mav_sample/MAV_Images/00297.jpg,00297.jpg,16851417,47.3843624,8.5451925,466.766,1.0676871099276468,0.5827908469364047,1.8559999999999943,onboard_gps,3,6,8.328000069,1.29e-43,0.189999998,0.039999999,0.140000001,True
298,data/raw/zurich_mav_sample/MAV_Images/00298.jpg,00298.jpg,16884750,47.3843624,8.5451925,466.766,1.0676871099276468,0.5827908469364047,1.8559999999999943,onboard_gps,3,6,8.328000069,1.29e-43,0.189999998,0.039999999,0.140000001,True
299,data/raw/zurich_mav_sample/MAV_Images/00299.jpg,00299.jpg,16918083,47.3843624,8.5451925,466.766,1.0676871099276468,0.5827908469364047,1.8559999999999943,onboard_gps,3,6,8.328000069,1.29e-43,0.189999998,0.039999999,0.140000001,True
300,data/raw/zurich_mav_sample/MAV_Images/00300.jpg,00300.jpg,16951416,47.3843624,8.5451925,466.766,1.0676871099276468,0.5827908469364047,1.8559999999999943,onboard_gps,3,6,8.328000069,1.29e-43,0.189999998,0.039999999,0.140000001,True
301,data/raw/zurich_mav_sample/MAV_Images/00301.jpg,00301.jpg,16989655,47.3843622,8.5451917,466.789,1.007174505153671,0.5609168699011207,1.8789999999999625,onboard_gps,3,6,8.286000252,1.29e-43,0.119999997,-0.099999994,-0.099999994,True
302,data/raw/zurich_mav_sample/MAV_Images/00302.jpg,00302.jpg,17022988,47.3843622,8.5451917,466.789,1.007174505153671,0.5609168699011207,1.8789999999999625,onboard_gps,3,6,8.286000252,1.29e-43,0.119999997,-0.099999994,-0.099999994,True
303,data/raw/zurich_mav_sample/MAV_Images/00303.jpg,00303.jpg,17056321,47.3843622,8.5451917,466.789,1.007174505153671,0.5609168699011207,1.8789999999999625,onboard_gps,3,6,8.286000252,1.29e-43,0.119999997,-0.099999994,-0.099999994,True
304,data/raw/zurich_mav_sample/MAV_Images/00304.jpg,00304.jpg,17089654,47.3843622,8.5451917,466.789,1.007174505153671,0.5609168699011207,1.8789999999999625,onboard_gps,3,6,8.286000252,1.29e-43,0.119999997,-0.099999994,-0.099999994,True
305,data/raw/zurich_mav_sample/MAV_Images/00305.jpg,00305.jpg,17122987,47.3843622,8.5451917,466.789,1.007174505153671,0.5609168699011207,1.8789999999999625,onboard_gps,3,6,8.286000252,1.29e-43,0.119999997,-0.099999994,-0.099999994,True
306,data/raw/zurich_mav_sample/MAV_Images/00306.jpg,00306.jpg,17156320,47.3843622,8.5451917,466.789,1.007174505153671,0.5609168699011207,1.8789999999999625,onboard_gps,3,6,8.286000252,1.29e-43,0.119999997,-0.099999994,-0.099999994,True
307,data/raw/zurich_mav_sample/MAV_Images/00307.jpg,00307.jpg,17187411,47.3843616,8.5451908,466.795,0.938854369451292,0.4946335554122925,1.884999999999991,onboard_gps,3,6,8.237000465,1.29e-43,-0.079999998,-0.089999996,0.189999998,True
308,data/raw/zurich_mav_sample/MAV_Images/00308.jpg,00308.jpg,17220744,47.3843616,8.5451908,466.795,0.938854369451292,0.4946335554122925,1.884999999999991,onboard_gps,3,6,8.237000465,1.29e-43,-0.079999998,-0.089999996,0.189999998,True
309,data/raw/zurich_mav_sample/MAV_Images/00309.jpg,00309.jpg,17254077,47.3843616,8.5451908,466.795,0.938854369451292,0.4946335554122925,1.884999999999991,onboard_gps,3,6,8.237000465,1.29e-43,-0.079999998,-0.089999996,0.189999998,True
310,data/raw/zurich_mav_sample/MAV_Images/00310.jpg,00310.jpg,17287410,47.3843616,8.5451908,466.795,0.938854369451292,0.4946335554122925,1.884999999999991,onboard_gps,3,6,8.237000465,1.29e-43,-0.079999998,-0.089999996,0.189999998,True
311,data/raw/zurich_mav_sample/MAV_Images/00311.jpg,00311.jpg,17320743,47.3843616,8.5451908,466.795,0.938854369451292,0.4946335554122925,1.884999999999991,onboard_gps,3,6,8.237000465,1.29e-43,-0.079999998,-0.089999996,0.189999998,True
312,data/raw/zurich_mav_sample/MAV_Images/00312.jpg,00312.jpg,17354076,47.3843616,8.5451908,466.795,0.938854369451292,0.4946335554122925,1.884999999999991,onboard_gps,3,6,8.237000465,1.29e-43,-0.079999998,-0.089999996,0.189999998,True
313,data/raw/zurich_mav_sample/MAV_Images/00313.jpg,00313.jpg,17391383,47.3843612,8.5451906,466.75,0.9234989932738245,0.4502683095633983,1.839999999999975,onboard_gps,3,6,8.190000534,1.29e-43,-0.029999999,0.02,0.209999993,True
314,data/raw/zurich_mav_sample/MAV_Images/00314.jpg,00314.jpg,17424716,47.3843612,8.5451906,466.75,0.9234989932738245,0.4502683095633983,1.839999999999975,onboard_gps,3,6,8.190000534,1.29e-43,-0.029999999,0.02,0.209999993,True
315,data/raw/zurich_mav_sample/MAV_Images/00315.jpg,00315.jpg,17458049,47.3843612,8.5451906,466.75,0.9234989932738245,0.4502683095633983,1.839999999999975,onboard_gps,3,6,8.190000534,1.29e-43,-0.029999999,0.02,0.209999993,True
316,data/raw/zurich_mav_sample/MAV_Images/00316.jpg,00316.jpg,17491382,47.3843612,8.5451906,466.75,0.9234989932738245,0.4502683095633983,1.839999999999975,onboard_gps,3,6,8.190000534,1.29e-43,-0.029999999,0.02,0.209999993,True
317,data/raw/zurich_mav_sample/MAV_Images/00317.jpg,00317.jpg,17524715,47.3843612,8.5451906,466.75,0.9234989932738245,0.4502683095633983,1.839999999999975,onboard_gps,3,6,8.190000534,1.29e-43,-0.029999999,0.02,0.209999993,True
318,data/raw/zurich_mav_sample/MAV_Images/00318.jpg,00318.jpg,17558048,47.3843612,8.5451906,466.75,0.9234989932738245,0.4502683095633983,1.839999999999975,onboard_gps,3,6,8.190000534,1.29e-43,-0.029999999,0.02,0.209999993,True
319,data/raw/zurich_mav_sample/MAV_Images/00319.jpg,00319.jpg,17588112,47.384361,8.5451905,466.749,0.9158213051850908,0.4280856857076287,1.8389999999999984,onboard_gps,3,6,8.147000313,1.29e-43,0.109999999,0.159999996,0.199999988,True
320,data/raw/zurich_mav_sample/MAV_Images/00320.jpg,00320.jpg,17621445,47.384361,8.5451905,466.749,0.9158213051850908,0.4280856857076287,1.8389999999999984,onboard_gps,3,6,8.147000313,1.29e-43,0.109999999,0.159999996,0.199999988,True
321,data/raw/zurich_mav_sample/MAV_Images/00321.jpg,00321.jpg,17654778,47.384361,8.5451905,466.749,0.9158213051850908,0.4280856857076287,1.8389999999999984,onboard_gps,3,6,8.147000313,1.29e-43,0.109999999,0.159999996,0.199999988,True
322,data/raw/zurich_mav_sample/MAV_Images/00322.jpg,00322.jpg,17688111,47.384361,8.5451905,466.749,0.9158213051850908,0.4280856857076287,1.8389999999999984,onboard_gps,3,6,8.147000313,1.29e-43,0.109999999,0.159999996,0.199999988,True
323,data/raw/zurich_mav_sample/MAV_Images/00323.jpg,00323.jpg,17721444,47.384361,8.5451905,466.749,0.9158213051850908,0.4280856857076287,1.8389999999999984,onboard_gps,3,6,8.147000313,1.29e-43,0.109999999,0.159999996,0.199999988,True
324,data/raw/zurich_mav_sample/MAV_Images/00324.jpg,00324.jpg,17754777,47.384361,8.5451905,466.749,0.9158213051850908,0.4280856857076287,1.8389999999999984,onboard_gps,3,6,8.147000313,1.29e-43,0.109999999,0.159999996,0.199999988,True
325,data/raw/zurich_mav_sample/MAV_Images/00325.jpg,00325.jpg,17784803,47.3843603,8.5451897,466.809,0.8549840910127386,0.3506449218839407,1.899000000000001,onboard_gps,3,6,8.105000496,1.29e-43,-0.039999999,0.269999981,0.140000001,True
326,data/raw/zurich_mav_sample/MAV_Images/00326.jpg,00326.jpg,17818136,47.3843603,8.5451897,466.809,0.8549840910127386,0.3506449218839407,1.899000000000001,onboard_gps,3,6,8.105000496,1.29e-43,-0.039999999,0.269999981,0.140000001,True
327,data/raw/zurich_mav_sample/MAV_Images/00327.jpg,00327.jpg,17851469,47.3843603,8.5451897,466.809,0.8549840910127386,0.3506449218839407,1.899000000000001,onboard_gps,3,6,8.105000496,1.29e-43,-0.039999999,0.269999981,0.140000001,True
328,data/raw/zurich_mav_sample/MAV_Images/00328.jpg,00328.jpg,17884802,47.3843603,8.5451897,466.809,0.8549840910127386,0.3506449218839407,1.899000000000001,onboard_gps,3,6,8.105000496,1.29e-43,-0.039999999,0.269999981,0.140000001,True
329,data/raw/zurich_mav_sample/MAV_Images/00329.jpg,00329.jpg,17918135,47.3843603,8.5451897,466.809,0.8549840910127386,0.3506449218839407,1.899000000000001,onboard_gps,3,6,8.105000496,1.29e-43,-0.039999999,0.269999981,0.140000001,True
330,data/raw/zurich_mav_sample/MAV_Images/00330.jpg,00330.jpg,17951468,47.3843603,8.5451897,466.809,0.8549840910127386,0.3506449218839407,1.899000000000001,onboard_gps,3,6,8.105000496,1.29e-43,-0.039999999,0.269999981,0.140000001,True
331,data/raw/zurich_mav_sample/MAV_Images/00331.jpg,00331.jpg,17985701,47.3843595,8.5451878,466.886,0.7110556508996524,0.2625758228823542,1.975999999999999,onboard_gps,3,6,8.063000679,1.29e-43,-0.01,-0.149999991,0.140000001,True
332,data/raw/zurich_mav_sample/MAV_Images/00332.jpg,00332.jpg,18019034,47.3843595,8.5451878,466.886,0.7110556508996524,0.2625758228823542,1.975999999999999,onboard_gps,3,6,8.063000679,1.29e-43,-0.01,-0.149999991,0.140000001,True
333,data/raw/zurich_mav_sample/MAV_Images/00333.jpg,00333.jpg,18052367,47.3843595,8.5451878,466.886,0.7110556508996524,0.2625758228823542,1.975999999999999,onboard_gps,3,6,8.063000679,1.29e-43,-0.01,-0.149999991,0.140000001,True
334,data/raw/zurich_mav_sample/MAV_Images/00334.jpg,00334.jpg,18085700,47.3843595,8.5451878,466.886,0.7110556508996524,0.2625758228823542,1.975999999999999,onboard_gps,3,6,8.063000679,1.29e-43,-0.01,-0.149999991,0.140000001,True
335,data/raw/zurich_mav_sample/MAV_Images/00335.jpg,00335.jpg,18119033,47.3843595,8.5451878,466.886,0.7110556508996524,0.2625758228823542,1.975999999999999,onboard_gps,3,6,8.063000679,1.29e-43,-0.01,-0.149999991,0.140000001,True
336,data/raw/zurich_mav_sample/MAV_Images/00336.jpg,00336.jpg,18152366,47.3843595,8.5451878,466.886,0.7110556508996524,0.2625758228823542,1.975999999999999,onboard_gps,3,6,8.063000679,1.29e-43,-0.01,-0.149999991,0.140000001,True
337,data/raw/zurich_mav_sample/MAV_Images/00337.jpg,00337.jpg,18192591,47.3843588,8.5451868,466.871,0.635122740699444,0.1852232459932565,1.960999999999956,onboard_gps,3,6,8.024000168,1.29e-43,-0.179999992,0.029999999,0.07,True
338,data/raw/zurich_mav_sample/MAV_Images/00338.jpg,00338.jpg,18225924,47.3843588,8.5451868,466.871,0.635122740699444,0.1852232459932565,1.960999999999956,onboard_gps,3,6,8.024000168,1.29e-43,-0.179999992,0.029999999,0.07,True
339,data/raw/zurich_mav_sample/MAV_Images/00339.jpg,00339.jpg,18259257,47.3843588,8.5451868,466.871,0.635122740699444,0.1852232459932565,1.960999999999956,onboard_gps,3,6,8.024000168,1.29e-43,-0.179999992,0.029999999,0.07,True
340,data/raw/zurich_mav_sample/MAV_Images/00340.jpg,00340.jpg,18292590,47.3843588,8.5451868,466.871,0.635122740699444,0.1852232459932565,1.960999999999956,onboard_gps,3,6,8.024000168,1.29e-43,-0.179999992,0.029999999,0.07,True
341,data/raw/zurich_mav_sample/MAV_Images/00341.jpg,00341.jpg,18325923,47.3843588,8.5451868,466.871,0.635122740699444,0.1852232459932565,1.960999999999956,onboard_gps,3,6,8.024000168,1.29e-43,-0.179999992,0.029999999,0.07,True
342,data/raw/zurich_mav_sample/MAV_Images/00342.jpg,00342.jpg,18359256,47.3843588,8.5451868,466.871,0.635122740699444,0.1852232459932565,1.960999999999956,onboard_gps,3,6,8.024000168,1.29e-43,-0.179999992,0.029999999,0.07,True
343,data/raw/zurich_mav_sample/MAV_Images/00343.jpg,00343.jpg,18384222,47.3843582,8.5451855,466.856,0.5366112127085216,0.1191163072362542,1.9459999999999693,onboard_gps,3,6,7.993000507,1.29e-43,-0.119999997,-0.149999991,-0.02,True
344,data/raw/zurich_mav_sample/MAV_Images/00344.jpg,00344.jpg,18417555,47.3843582,8.5451855,466.856,0.5366112127085216,0.1191163072362542,1.9459999999999693,onboard_gps,3,6,7.993000507,1.29e-43,-0.119999997,-0.149999991,-0.02,True
345,data/raw/zurich_mav_sample/MAV_Images/00345.jpg,00345.jpg,18450888,47.3843582,8.5451855,466.856,0.5366112127085216,0.1191163072362542,1.9459999999999693,onboard_gps,3,6,7.993000507,1.29e-43,-0.119999997,-0.149999991,-0.02,True
346,data/raw/zurich_mav_sample/MAV_Images/00346.jpg,00346.jpg,18484221,47.3843582,8.5451855,466.856,0.5366112127085216,0.1191163072362542,1.9459999999999693,onboard_gps,3,6,7.993000507,1.29e-43,-0.119999997,-0.149999991,-0.02,True
347,data/raw/zurich_mav_sample/MAV_Images/00347.jpg,00347.jpg,18517554,47.3843582,8.5451855,466.856,0.5366112127085216,0.1191163072362542,1.9459999999999693,onboard_gps,3,6,7.993000507,1.29e-43,-0.119999997,-0.149999991,-0.02,True
348,data/raw/zurich_mav_sample/MAV_Images/00348.jpg,00348.jpg,18550887,47.3843582,8.5451855,466.856,0.5366112127085216,0.1191163072362542,1.9459999999999693,onboard_gps,3,6,7.993000507,1.29e-43,-0.119999997,-0.149999991,-0.02,True
349,data/raw/zurich_mav_sample/MAV_Images/00349.jpg,00349.jpg,18588175,47.3843587,8.5451869,466.716,0.6426056644995697,0.1740657957270741,1.8059999999999832,onboard_gps,3,6,7.963000298,1.29e-43,0.0,0.159999996,-0.149999991,True
350,data/raw/zurich_mav_sample/MAV_Images/00350.jpg,00350.jpg,18621508,47.3843587,8.5451869,466.716,0.6426056644995697,0.1740657957270741,1.8059999999999832,onboard_gps,3,6,7.963000298,1.29e-43,0.0,0.159999996,-0.149999991,True
