token,sources,scenes,failure_groups,selection_priority_score,recommended_role,phog_error_m,lsd_error_m,oracle_top50_error_m,anchor_top1_error_m,best_any_stream_error_m,best_stream
614,"s4c6,s7b4",agricultural_open_field,"candidate_pool_failure,pool_failure_or_far_ambiguity",250,hardest_failure,2389.2387812642114,1838.901562375016,299.5658202069394,1892.0315694482745,119.5105684372932,center
631,"s4c6,s7b4",agricultural_open_field,"candidate_pool_failure,pool_failure_or_far_ambiguity",250,hardest_failure,2416.0874741806747,392.711689792674,172.518609182532,898.6969321131197,171.39795021579445,resize
626,s7b4,agricultural_open_field,pool_failure_or_far_ambiguity,170,hardest_failure,,,,868.7298550940312,202.7203143198335,center
636,s7b4,agricultural_open_field,pool_failure_or_far_ambiguity,170,hardest_failure,,,,767.2763006718008,139.05244287858756,center
641,s7b4,agricultural_open_field,pool_failure_or_far_ambiguity,170,hardest_failure,,,,791.6985908172256,107.84975345420816,resize
67,"s4c6,s7b4",mixed_urban_natural,"candidate_pool_failure,non_anchor_rescue",135,hero_candidate,1448.174892187096,1029.637601726114,251.31967992334023,2215.68595243916,8.48284855639311,resize
387,"s4c6,s7b4",forest_canopy,"candidate_pool_failure,near_pool_miss_40_100m",125,hardest_failure,1889.0252539995129,1007.5835985539868,945.3051082906984,354.94121578048646,45.95811957410671,center
653,"s4c6,s7b4",water_wetland,"candidate_pool_failure,near_pool_miss_40_100m",125,hardest_failure,1415.8173459911295,1086.7336229188195,462.83052012042737,806.4163124267833,63.654578232604045,resize
794,"s4c6,s7b4",water_wetland,"candidate_pool_failure,near_pool_miss_40_100m",125,hardest_failure,3001.155104355888,350.27954718769814,350.27954718769814,560.5918361433577,83.45339633204394,center
963,"s4c6,s7b4",mixed_urban_natural,"candidate_pool_failure,near_pool_miss_40_100m",125,hardest_failure,1502.9656075869937,485.1262633542988,144.58224024311232,747.4733049380794,52.56451272407397,center
971,"s4c6,s7b4",mixed_urban_natural,"candidate_pool_failure,near_pool_miss_40_100m",125,hardest_failure,952.8332840430222,894.0192820357336,295.2176792210381,1531.4524440003368,56.94891777228062,center
1024,"s4c6,s7b4",mixed_urban_natural,"candidate_pool_failure,near_pool_miss_40_100m",125,hardest_failure,1985.3949093318915,1763.2202759250763,207.49336468103115,1131.1198967336195,48.61666069903707,resize
606,s7b4,agricultural_open_field,near_pool_miss_40_100m,115,hardest_failure,,,,2023.268516092353,43.08892851359237,center
611,s7b4,agricultural_open_field,near_pool_miss_40_100m,115,hardest_failure,,,,877.4695273239146,91.01698890630736,resize
616,s7b4,agricultural_open_field,near_pool_miss_40_100m,115,hardest_failure,,,,1145.0679665443752,78.20045946143044,resize
621,s7b4,agricultural_open_field,near_pool_miss_40_100m,115,hardest_failure,,,,956.4492993521372,82.30279620331399,resize
646,s7b4,agricultural_open_field,near_pool_miss_40_100m,115,hardest_failure,,,,791.6543648992547,71.83123580960996,resize
651,s7b4,agricultural_open_field,near_pool_miss_40_100m,115,hardest_failure,,,,798.2834059692977,58.365770990424096,resize
396,s7b4,forest_canopy,pool_failure_or_far_ambiguity,100,hardest_failure,,,,2013.0300419904672,105.70188841039186,resize
581,s7b4,urban,pool_failure_or_far_ambiguity,100,hardest_failure,,,,514.2324575712901,189.6317166974437,center
601,s7b4,urban,pool_failure_or_far_ambiguity,100,hardest_failure,,,,1992.7746331295737,104.7427993256877,resize
533,"s4c6,s7b4",urban,"lsd_rescue,non_anchor_rescue",85,hero_candidate,893.2910867525937,26.18788031439546,26.18788031439546,1140.6304036031063,26.187916486636286,resize
50,"s4c6,s7b4",mixed_urban_natural,"anchor_success,candidate_pool_failure",80,hardest_failure,1960.460294517748,706.5548399831097,315.7433073230828,5.751441947321595,5.751441947321595,center
58,"s4c6,s7b4",mixed_urban_natural,"anchor_success,candidate_pool_failure",80,hardest_failure,1516.572667479234,2345.18383541135,118.81239870240591,9.81053083384826,9.81053083384826,center
74,"s4c6,s7b4",mixed_urban_natural,"anchor_success,candidate_pool_failure",80,hardest_failure,1542.2541621295356,927.1417155095544,166.4748832889475,2691.957903339808,10.671731277176905,center
117,"s4c6,s7b4",mixed_urban_natural,"anchor_success,candidate_pool_failure",80,hardest_failure,1386.2605545590088,411.9649409473276,411.9649409473276,457.30126374426686,38.47736056429648,center
288,"s4c6,s7b4",mixed_urban_natural,"anchor_success,candidate_pool_failure",80,hardest_failure,2272.0638908026585,1651.9205477613184,296.5591011046969,69.8710249587073,27.86426477383707,center
300,"s4c6,s7b4",mixed_urban_natural,"anchor_success,candidate_pool_failure",80,hardest_failure,2020.897433535386,2020.897433535386,366.6980566895445,855.2473613428875,9.035155176652056,center
326,"s4c6,s7b4",forest_canopy,"anchor_success,candidate_pool_failure",80,hardest_failure,1665.2554156950437,1658.4776770949609,150.93924362983591,46.79344521496926,14.226421925036822,center
336,"s4c6,s7b4",forest_canopy,"anchor_success,candidate_pool_failure",80,hardest_failure,2980.891696815693,1376.6047487872795,206.74293020304265,648.9444399218615,24.535294061136803,center
350,"s4c6,s7b4",forest_canopy,"anchor_success,candidate_pool_failure",80,hardest_failure,2817.234996455406,1734.498125471012,348.4270576371318,1271.7570377540471,21.202992196536936,center
366,"s4c6,s7b4",forest_canopy,"anchor_success,candidate_pool_failure",80,hardest_failure,1704.4675685992272,1669.5464339740909,638.0462027798397,1242.136080621504,25.364286335895653,center
405,"s4c6,s7b4",forest_canopy,"anchor_success,candidate_pool_failure",80,hardest_failure,1638.7561701088057,2011.0637802481665,119.20360563108468,2238.987302091381,9.013451704379763,center
421,"s4c6,s7b4",forest_canopy,"anchor_success,candidate_pool_failure",80,hardest_failure,2143.358909314933,1227.4034631031634,509.89514955829424,20.631033313254967,17.107215212804835,center
450,"s4c6,s7b4",forest_canopy,"anchor_success,candidate_pool_failure",80,hardest_failure,352.3369422017206,1234.3774936461573,352.3369422017206,359.85586243593605,4.729224158810898,center
474,"s4c6,s7b4",forest_canopy,"anchor_success,candidate_pool_failure",80,hardest_failure,2439.226688264143,727.4789473424308,181.47233991919367,74.45207841533234,8.012284351203501,center
503,"s4c6,s7b4",forest_canopy,"anchor_success,candidate_pool_failure",80,hardest_failure,1816.1017078345512,528.3862445495192,528.3862445495192,31.25350202423707,4.883082042178407,center
573,"s4c6,s7b4",urban,"anchor_success,candidate_pool_failure",80,hardest_failure,2179.301483589029,2172.6080006027173,739.2537292126083,1076.3902453903747,16.47511138760155,center
577,"s4c6,s7b4",urban,"anchor_success,candidate_pool_failure",80,hardest_failure,1949.416349465337,1949.416349465337,717.5719916346494,1804.2580098593453,14.931511700847771,center
591,"s4c6,s7b4",urban,"anchor_success,candidate_pool_failure",80,hardest_failure,505.1976200807544,2462.6491957635576,293.2170619555476,1886.5831535848229,11.35811203042754,resize
662,"s4c6,s7b4",water_wetland,"anchor_success,candidate_pool_failure",80,hardest_failure,1819.3299381571749,381.16211205263295,250.4481330448639,841.1433256289968,4.813689525890805,center
679,"s4c6,s7b4",water_wetland,"anchor_success,candidate_pool_failure",80,hardest_failure,2266.73857584922,1753.1964400540949,286.6723308605701,731.5058531000211,2.753539811239256,center
768,"s4c6,s7b4",water_wetland,"anchor_success,candidate_pool_failure",80,hardest_failure,1303.295146628829,152.3012470422227,141.42573612605077,29.60649741526517,14.814926479966868,center
781,"s4c6,s7b4",water_wetland,"anchor_success,candidate_pool_failure",80,hardest_failure,1172.9196152970314,624.5819022960344,265.4349903834407,766.7476271238492,10.28323323374064,center
808,"s4c6,s7b4",water_wetland,"anchor_success,candidate_pool_failure",80,hardest_failure,2826.261069676493,1903.717318533707,220.9834206336602,300.279139104012,11.5835762904337,center
820,"s4c6,s7b4",water_wetland,"anchor_success,candidate_pool_failure",80,hardest_failure,2621.53188913288,784.3332202518379,313.0319402972384,674.8933108798733,34.59025817348051,center
833,"s4c6,s7b4",water_wetland,"anchor_success,candidate_pool_failure",80,hardest_failure,2930.854928469407,2930.854928469407,240.26522400074177,103.6002438029853,11.538933105325755,center
844,"s4c6,s7b4",water_wetland,"anchor_success,candidate_pool_failure",80,hardest_failure,1286.916177562328,1725.9496355445897,430.9381636052902,1619.499883247198,12.990233580035056,center
952,"s4c6,s7b4",mixed_urban_natural,"anchor_success,candidate_pool_failure",80,hardest_failure,2627.96613800913,2661.5494341969884,259.88454778394475,980.8775569170464,33.536628002507975,center
1034,"s4c6,s7b4",mixed_urban_natural,"anchor_success,candidate_pool_failure",80,hardest_failure,1589.5955997197332,623.8775845535448,623.8775845535448,662.9538311678398,15.24728266222514,center
1,"s4c6,s7b4",mixed_urban_natural,"lsd_rescue,near_pool_miss_40_100m",75,hardest_failure,2672.693485404899,15.072437260842536,15.072437260842536,1114.9141527269762,47.08621180579595,center
269,"s4c6,s7b4",mixed_urban_natural,"lsd_destroyed_phog_success,non_anchor_rescue",55,hero_candidate,7.532041265892122,803.6803916276192,7.532041265892122,983.1776019382988,34.95922456851512,resize
406,s7b4,forest_canopy,non_anchor_rescue,55,hero_candidate,,,,1250.6074869544495,16.786589000886746,resize
434,"s4c6,s7b4",forest_canopy,"non_anchor_rescue,weak_pool_near_candidate",55,hero_candidate,1868.2082212474063,239.6545761729081,75.55291917806296,560.165531747896,8.984021297953621,resize
461,s7b4,forest_canopy,non_anchor_rescue,55,hero_candidate,,,,1476.820628443938,36.64843621899468,resize
656,s7b4,water_wetland,non_anchor_rescue,55,hero_candidate,,,,822.2023932775569,36.28315371928027,resize
921,s7b4,mixed_urban_natural,non_anchor_rescue,55,hero_candidate,,,,321.4155682471429,26.23155903338337,resize
926,s7b4,mixed_urban_natural,non_anchor_rescue,55,hero_candidate,,,,1365.8984041137794,25.513926308612504,resize
931,s7b4,mixed_urban_natural,non_anchor_rescue,55,hero_candidate,,,,55.34384599269117,28.314989894906063,resize
946,"s4c6,s7b4",mixed_urban_natural,"non_anchor_rescue,stable_success",55,hero_candidate,22.59965687530778,22.59965687530778,22.59965687530778,499.5150713353832,34.74706989910654,resize
1021,s7b4,mixed_urban_natural,non_anchor_rescue,55,hero_candidate,,,,1210.541199673015,20.47774707855957,resize
11,s7b4,mixed_urban_natural,near_pool_miss_40_100m,45,supporting_failure_case,,,,616.4263018329551,40.17780726422097,resize
121,s7b4,mixed_urban_natural,near_pool_miss_40_100m,45,supporting_failure_case,,,,860.3806078783351,56.50711867143675,resize
251,s7b4,mixed_urban_natural,near_pool_miss_40_100m,45,supporting_failure_case,,,,1615.8361205991343,94.20590357436592,center
256,s7b4,mixed_urban_natural,near_pool_miss_40_100m,45,supporting_failure_case,,,,161.15988625402974,64.63082038003618,center
259,"s4c6,s7b4",mixed_urban_natural,"near_pool_miss_40_100m,stable_success",45,supporting_failure_case,19.85008059081389,19.85008059081389,19.85008059081389,1058.599748863579,40.987456814923846,resize
271,s7b4,mixed_urban_natural,near_pool_miss_40_100m,45,supporting_failure_case,,,,999.0562079097476,70.97663468411079,resize
281,s7b4,mixed_urban_natural,near_pool_miss_40_100m,45,supporting_failure_case,,,,706.3318795334677,69.24032686920734,center
386,s7b4,forest_canopy,near_pool_miss_40_100m,45,supporting_failure_case,,,,1755.442624354566,48.49570620660709,center
391,s7b4,forest_canopy,near_pool_miss_40_100m,45,supporting_failure_case,,,,361.4619304741427,46.355114604604886,resize
401,s7b4,forest_canopy,near_pool_miss_40_100m,45,supporting_failure_case,,,,1260.083155793501,46.33694480038417,center
536,s7b4,urban,near_pool_miss_40_100m,45,supporting_failure_case,,,,119.5640238759307,41.80335505939775,resize
681,s7b4,water_wetland,near_pool_miss_40_100m,45,supporting_failure_case,,,,90.36464136689884,47.58258430101179,center
786,s7b4,water_wetland,near_pool_miss_40_100m,45,supporting_failure_case,,,,1265.233388353595,42.41839292595787,center
791,s7b4,water_wetland,near_pool_miss_40_100m,45,supporting_failure_case,,,,1124.3439556449036,76.14302200441578,center
796,s7b4,water_wetland,near_pool_miss_40_100m,45,supporting_failure_case,,,,1139.7128105612508,95.63105507825318,resize
821,s7b4,water_wetland,near_pool_miss_40_100m,45,supporting_failure_case,,,,664.479440415039,43.87775371009512,center
951,s7b4,mixed_urban_natural,near_pool_miss_40_100m,45,supporting_failure_case,,,,666.891530820757,76.71169268946107,center
956,s7b4,mixed_urban_natural,near_pool_miss_40_100m,45,supporting_failure_case,,,,715.7943599573041,80.15351770739709,center
961,s7b4,mixed_urban_natural,near_pool_miss_40_100m,45,supporting_failure_case,,,,51.04790286700834,51.04790286700834,center
966,s7b4,mixed_urban_natural,near_pool_miss_40_100m,45,supporting_failure_case,,,,1235.1830594214673,57.529091009819886,center
1011,s7b4,mixed_urban_natural,near_pool_miss_40_100m,45,supporting_failure_case,,,,1091.4511758239612,43.846290874865694,center
1015,"s4c6,s7b4",mixed_urban_natural,"near_pool_miss_40_100m,selection_failure_correct_in_pool",45,supporting_failure_case,1184.921590682784,1184.921590682784,23.22839645619862,1066.105785365984,96.23632251625702,resize
1016,s7b4,mixed_urban_natural,near_pool_miss_40_100m,45,supporting_failure_case,,,,1060.0761192312052,54.11150023902263,resize
1026,s7b4,mixed_urban_natural,near_pool_miss_40_100m,45,supporting_failure_case,,,,1168.445475932448,41.992244833266525,resize
60,"s4c6,s7b4",mixed_urban_natural,"anchor_success,lsd_rescue",30,supporting_failure_case,1519.6257671506526,17.847210672668822,17.847210672668822,17.847235324284885,17.847235324284885,center
90,"s4c6,s7b4",mixed_urban_natural,"anchor_success,lsd_rescue",30,supporting_failure_case,3211.489396191173,23.237158108933578,23.237158108933578,17.1632719560477,17.1632719560477,center
166,"s4c6,s7b4",mixed_urban_natural,"anchor_success,lsd_rescue",30,supporting_failure_case,730.3870700644611,25.740994645618564,25.740994645618564,25.74103020058672,20.5898331799023,center
310,"s4c6,s7b4",forest_canopy,"anchor_success,lsd_rescue",30,supporting_failure_case,2555.297600259051,15.110351947969876,15.110351947969876,31.540269501361863,15.110372819275886,center
482,"s4c6,s7b4",forest_canopy,"anchor_success,lsd_rescue",30,supporting_failure_case,909.0270244041124,37.35161251150576,13.126117977540291,307.1016794575415,23.630375328259344,center
760,"s4c6,s7b4",water_wetland,"anchor_success,lsd_rescue",30,supporting_failure_case,1163.4691968958805,23.20260520669548,19.46792077246785,30.098616938913104,19.46794766270112,center
886,"s4c6,s7b4",mixed_urban_natural,"anchor_success,lsd_rescue",30,supporting_failure_case,254.6038215302732,18.57554066973097,18.57554066973097,50.94894963263035,18.575566327357407,center
927,"s4c6,s7b4",mixed_urban_natural,"anchor_success,lsd_rescue",30,supporting_failure_case,1449.8774826424487,30.0308220672608,30.0308220672608,1371.8961741521498,37.56622306278606,center
990,"s4c6,s7b4",mixed_urban_natural,"anchor_success,lsd_rescue",30,supporting_failure_case,1638.1540256423496,22.57078829934072,22.57078829934072,57.9746876781087,22.57081947543621,center
6,s7b4,mixed_urban_natural,anchor_success,0,supporting_failure_case,,,,640.4921796846993,12.262617224032272,center
16,s7b4,mixed_urban_natural,anchor_success,0,supporting_failure_case,,,,1152.3415249331977,15.307403070435582,center
21,s7b4,mixed_urban_natural,anchor_success,0,supporting_failure_case,,,,1476.6675655719257,35.93485571853286,center
26,s7b4,mixed_urban_natural,anchor_success,0,supporting_failure_case,,,,29.005372837197708,20.526915323003703,center
31,s7b4,mixed_urban_natural,anchor_success,0,supporting_failure_case,,,,11.74350308054015,11.74350308054015,center
36,s7b4,mixed_urban_natural,anchor_success,0,supporting_failure_case,,,,51.909551038457934,5.350554710134559,center
40,"s4c6,s7b4",mixed_urban_natural,"anchor_success,stable_success",0,supporting_failure_case,12.433470075565795,12.433470075565795,12.433470075565795,12.433487249405625,12.433487249405625,center
41,s7b4,mixed_urban_natural,anchor_success,0,supporting_failure_case,,,,23.934168354034064,12.406578903656724,center
46,s7b4,mixed_urban_natural,anchor_success,0,supporting_failure_case,,,,18.667901895561297,17.57370111194292,center
51,s7b4,mixed_urban_natural,anchor_success,0,supporting_failure_case,,,,11.381155301295788,11.381155301295788,center
56,s7b4,mixed_urban_natural,anchor_success,0,supporting_failure_case,,,,29.03867078718236,6.721247144676574,center
61,s7b4,mixed_urban_natural,anchor_success,0,supporting_failure_case,,,,29.61089454578912,29.02944377167308,center
66,s7b4,mixed_urban_natural,anchor_success,0,supporting_failure_case,,,,637.4951929052056,18.08377789366144,center
71,s7b4,mixed_urban_natural,anchor_success,0,supporting_failure_case,,,,11.144605943225368,11.144605943225368,center
76,s7b4,mixed_urban_natural,anchor_success,0,supporting_failure_case,,,,28.419712175537224,8.831512753609758,center
79,"s4c6,s7b4",mixed_urban_natural,"anchor_success,selection_failure_correct_in_pool",0,supporting_failure_case,958.9556441295272,958.9556441295272,21.13219983838755,31.74251537188141,16.464245251750977,center
81,s7b4,mixed_urban_natural,anchor_success,0,supporting_failure_case,,,,29.56361596246992,16.763974196951615,center
86,s7b4,mixed_urban_natural,anchor_success,0,supporting_failure_case,,,,24.51902058908105,19.66862744620543,center
91,s7b4,mixed_urban_natural,anchor_success,0,supporting_failure_case,,,,14.093254895921186,14.093254895921186,center
96,s7b4,mixed_urban_natural,anchor_success,0,supporting_failure_case,,,,56.07127947578572,16.16288978679333,center
100,"s4c6,s7b4",mixed_urban_natural,"anchor_success,stable_success",0,supporting_failure_case,20.692325852243,20.692325852243,20.692325852243,20.69235443369937,16.376958373629183,center
101,s7b4,mixed_urban_natural,anchor_success,0,supporting_failure_case,,,,26.852777579561984,22.558110900992823,center
106,s7b4,mixed_urban_natural,anchor_success,0,supporting_failure_case,,,,54.27453872996816,18.50764519521632,center
107,"s4c6,s7b4",mixed_urban_natural,"anchor_success,selection_failure_correct_in_pool",0,supporting_failure_case,1119.7144470258745,1119.7144470258745,23.320008386014507,55.28957962955093,21.662760730319448,center
111,s7b4,mixed_urban_natural,anchor_success,0,supporting_failure_case,,,,52.912735932543896,17.02207585113172,center
116,s7b4,mixed_urban_natural,anchor_success,0,supporting_failure_case,,,,1307.726171352295,28.670637302316035,center
126,s7b4,mixed_urban_natural,anchor_success,0,supporting_failure_case,,,,310.07525739300286,35.951121018033504,center
129,"s4c6,s7b4",mixed_urban_natural,"anchor_success,selection_failure_correct_in_pool",0,supporting_failure_case,211.91783012332223,310.61293114300105,16.66488872626882,287.7497958179088,16.66491174479303,center
131,s7b4,mixed_urban_natural,anchor_success,0,supporting_failure_case,,,,353.0053434939604,17.71332608271357,resize
136,s7b4,mixed_urban_natural,anchor_success,0,supporting_failure_case,,,,2318.086334132641,19.217497831625163,center
139,"s4c6,s7b4",mixed_urban_natural,"anchor_success,stable_success",0,supporting_failure_case,19.47232333316969,19.47232333316969,19.47232333316969,2344.5318326793413,19.4723502294846,center
141,s7b4,mixed_urban_natural,anchor_success,0,supporting_failure_case,,,,1219.5160120461774,15.321822410258337,center
146,s7b4,mixed_urban_natural,anchor_success,0,supporting_failure_case,,,,2375.992760901223,21.897395052246505,center
151,s7b4,mixed_urban_natural,anchor_success,0,supporting_failure_case,,,,108.2902060277804,24.94902164483869,center
156,s7b4,mixed_urban_natural,anchor_success,0,supporting_failure_case,,,,63.34545795596389,22.18780999579307,center
161,s7b4,mixed_urban_natural,anchor_success,0,supporting_failure_case,,,,20.79413234580037,16.282531394551338,center
171,s7b4,mixed_urban_natural,anchor_success,0,supporting_failure_case,,,,37.86305050819872,14.961733158081351,center
176,s7b4,mixed_urban_natural,anchor_success,0,supporting_failure_case,,,,20.76034858022308,20.76034858022308,center
181,s7b4,mixed_urban_natural,anchor_success,0,supporting_failure_case,,,,17.488963617003776,17.488963617003776,center
186,s7b4,mixed_urban_natural,anchor_success,0,supporting_failure_case,,,,43.544502643213285,13.738835219851254,center
191,s7b4,mixed_urban_natural,anchor_success,0,supporting_failure_case,,,,38.19346398062769,11.81719138527214,center
196,s7b4,mixed_urban_natural,anchor_success,0,supporting_failure_case,,,,21.724994556056032,20.460989489467,center
201,s7b4,mixed_urban_natural,anchor_success,0,supporting_failure_case,,,,11.849489574332788,11.849489574332788,center
206,s7b4,mixed_urban_natural,anchor_success,0,supporting_failure_case,,,,12.872010954436028,12.872010954436028,center
211,s7b4,mixed_urban_natural,anchor_success,0,supporting_failure_case,,,,18.47616017754608,18.47616017754608,center
216,s7b4,mixed_urban_natural,anchor_success,0,supporting_failure_case,,,,15.115565045659066,15.115565045659066,center
221,s7b4,mixed_urban_natural,anchor_success,0,supporting_failure_case,,,,56.81676185768065,13.580942116600443,center
226,s7b4,mixed_urban_natural,anchor_success,0,supporting_failure_case,,,,1678.9722758552762,13.973165947584768,center
231,s7b4,mixed_urban_natural,anchor_success,0,supporting_failure_case,,,,1627.743244783955,13.799927385260265,center
236,s7b4,mixed_urban_natural,anchor_success,0,supporting_failure_case,,,,317.5159992014917,5.271813032039927,center
241,s7b4,mixed_urban_natural,anchor_success,0,supporting_failure_case,,,,395.80365169235193,10.67818539542328,center
246,s7b4,mixed_urban_natural,anchor_success,0,supporting_failure_case,,,,33.330891866556286,9.072375143845315,center
261,s7b4,mixed_urban_natural,anchor_success,0,supporting_failure_case,,,,154.09352820705627,31.848055452260965,center
266,s7b4,mixed_urban_natural,anchor_success,0,supporting_failure_case,,,,139.35118475730613,8.731840272672745,center
276,"s4c6,s7b4",mixed_urban_natural,"anchor_success,selection_failure_correct_in_pool",0,supporting_failure_case,595.6549828821225,1607.5899516328188,2.0813950320417844,667.3772732806058,2.081397906987045,center
286,s7b4,mixed_urban_natural,anchor_success,0,supporting_failure_case,,,,668.6906048801119,38.94744713639636,center
291,s7b4,mixed_urban_natural,anchor_success,0,supporting_failure_case,,,,996.4754151598024,26.017675096954143,center
296,s7b4,mixed_urban_natural,anchor_success,0,supporting_failure_case,,,,851.832205059896,32.103976275786486,center
301,s7b4,mixed_urban_natural,anchor_success,0,supporting_failure_case,,,,857.7304584139547,15.625142778391265,center
306,s7b4,forest_canopy,anchor_success,0,supporting_failure_case,,,,24.63321715326557,12.28034920000559,center
311,s7b4,forest_canopy,anchor_success,0,supporting_failure_case,,,,28.35076310615856,7.139590752604365,center
316,s7b4,forest_canopy,anchor_success,0,supporting_failure_case,,,,921.5157897564384,18.6166103065612,center
321,s7b4,forest_canopy,anchor_success,0,supporting_failure_case,,,,944.6078531128308,8.451162504419017,center
331,s7b4,forest_canopy,anchor_success,0,supporting_failure_case,,,,12.973010594695568,12.973010594695568,center
341,s7b4,forest_canopy,anchor_success,0,supporting_failure_case,,,,1087.5256086015136,14.551322999271251,center
346,s7b4,forest_canopy,anchor_success,0,supporting_failure_case,,,,683.908777627287,16.38472430732366,center
351,s7b4,forest_canopy,anchor_success,0,supporting_failure_case,,,,1192.8828584669009,22.40584895062162,center
356,s7b4,forest_canopy,anchor_success,0,supporting_failure_case,,,,1202.2764759656743,15.644144729183104,center
361,s7b4,forest_canopy,anchor_success,0,supporting_failure_case,,,,33.43295828754151,14.7432521594046,center
371,s7b4,forest_canopy,anchor_success,0,supporting_failure_case,,,,1342.3242399395465,17.646725210235402,center
376,s7b4,forest_canopy,anchor_success,0,supporting_failure_case,,,,1157.6995128113167,12.808013436850455,center
381,s7b4,forest_canopy,anchor_success,0,supporting_failure_case,,,,12.86407045597632,12.86407045597632,center
411,s7b4,forest_canopy,anchor_success,0,supporting_failure_case,,,,87.15477715797378,9.07977077931199,resize
416,s7b4,forest_canopy,anchor_success,0,supporting_failure_case,,,,30.30617236171556,9.291432496022136,center
426,s7b4,forest_canopy,anchor_success,0,supporting_failure_case,,,,623.1451745864985,39.00396408425671,center
431,s7b4,forest_canopy,anchor_success,0,supporting_failure_case,,,,560.8892433267262,9.59373401399508,center
436,s7b4,forest_canopy,anchor_success,0,supporting_failure_case,,,,551.2414417116823,18.284220681469424,resize
441,s7b4,forest_canopy,anchor_success,0,supporting_failure_case,,,,481.9429394210511,8.745462598836982,center
446,s7b4,forest_canopy,anchor_success,0,supporting_failure_case,,,,452.9819113888986,6.058221583632133,center
451,s7b4,forest_canopy,anchor_success,0,supporting_failure_case,,,,357.34358985119854,12.54996972062168,center
456,s7b4,forest_canopy,anchor_success,0,supporting_failure_case,,,,34.1754381751757,10.960824318770378,center
466,s7b4,forest_canopy,anchor_success,0,supporting_failure_case,,,,87.33962320810502,27.72032849455015,center
471,s7b4,forest_canopy,anchor_success,0,supporting_failure_case,,,,62.97937039908961,8.585134955986748,center
476,s7b4,forest_canopy,anchor_success,0,supporting_failure_case,,,,65.3072777942977,16.63336230920177,resize
481,s7b4,forest_canopy,anchor_success,0,supporting_failure_case,,,,31.276269938933257,12.454954732670435,center
486,s7b4,forest_canopy,anchor_success,0,supporting_failure_case,,,,47.24101586300556,29.973850969642776,center
491,s7b4,forest_canopy,anchor_success,0,supporting_failure_case,,,,40.88321419810784,27.682705772755376,center
494,"s4c6,s7b4",forest_canopy,"anchor_success,lsd_destroyed_phog_success",0,supporting_failure_case,28.82899963966286,2031.4437514184715,28.82899963966286,395.5567708903884,7.587440325083261,center
496,s7b4,forest_canopy,anchor_success,0,supporting_failure_case,,,,212.08748802987665,17.74059940497522,center
501,s7b4,forest_canopy,anchor_success,0,supporting_failure_case,,,,66.57823327982736,8.677938848938416,center
506,s7b4,urban,anchor_success,0,supporting_failure_case,,,,44.992358601928416,4.475975620298918,center
511,s7b4,urban,anchor_success,0,supporting_failure_case,,,,12.65272380408526,12.65272380408526,center
516,"s4c6,s7b4",urban,"anchor_success,stable_success",0,supporting_failure_case,11.41069826575302,11.41069826575302,11.41069826575302,39.327497683707165,11.410714026880578,center
521,s7b4,urban,anchor_success,0,supporting_failure_case,,,,49.01362132666815,4.158574158711404,center
526,s7b4,urban,anchor_success,0,supporting_failure_case,,,,37.09733974035884,16.9289794464646,center
531,s7b4,urban,anchor_success,0,supporting_failure_case,,,,81.10013667756749,33.65907745778748,center
541,s7b4,urban,anchor_success,0,supporting_failure_case,,,,1476.3245703117452,17.303643592621164,center
546,"s4c6,s7b4",urban,"anchor_success,selection_failure_correct_in_pool",0,supporting_failure_case,170.55953629253642,205.4692727167489,4.344291767632046,4.3442977682233685,4.3442977682233685,center
551,s7b4,urban,anchor_success,0,supporting_failure_case,,,,19.29197274888629,17.80431127352059,center
556,s7b4,urban,anchor_success,0,supporting_failure_case,,,,28.765284422622624,7.233960447605734,center
561,s7b4,urban,anchor_success,0,supporting_failure_case,,,,238.2419937081548,7.008818015506182,center
564,"s4c6,s7b4",urban,"anchor_success,weak_pool_near_candidate",0,supporting_failure_case,1606.1345610612675,588.5735803701591,78.62824428411253,38.75686511626368,7.008818015506182,center
566,s7b4,urban,anchor_success,0,supporting_failure_case,,,,1427.040007261071,6.715924060348221,center
571,s7b4,urban,anchor_success,0,supporting_failure_case,,,,1426.1765288678343,18.08342584448459,center
576,s7b4,urban,anchor_success,0,supporting_failure_case,,,,1775.4921683932398,15.86072019105726,center
586,s7b4,urban,anchor_success,0,supporting_failure_case,,,,1836.994047556937,13.622300353880243,center
596,s7b4,urban,anchor_success,0,supporting_failure_case,,,,1935.641098647768,18.894663791575667,center
661,s7b4,water_wetland,anchor_success,0,supporting_failure_case,,,,1764.4048028564937,11.73452578893064,center
666,s7b4,water_wetland,anchor_success,0,supporting_failure_case,,,,112.62580795548472,15.561330458326951,center
671,s7b4,water_wetland,anchor_success,0,supporting_failure_case,,,,527.184560953073,6.789186729195829,center
676,s7b4,water_wetland,anchor_success,0,supporting_failure_case,,,,416.4472842657439,3.9992827628086256,center
686,s7b4,water_wetland,anchor_success,0,supporting_failure_case,,,,67.84662523460253,22.45290577449545,center
691,s7b4,water_wetland,anchor_success,0,supporting_failure_case,,,,4.643806444041287,4.643806444041287,center
694,"s4c6,s7b4",water_wetland,"anchor_success,selection_failure_correct_in_pool",0,supporting_failure_case,725.4185466862718,1553.8583659376886,29.20291559367931,5.716258163650636,5.716258163650636,center
696,s7b4,water_wetland,anchor_success,0,supporting_failure_case,,,,29.296791865871874,5.670951564113122,center
701,s7b4,water_wetland,anchor_success,0,supporting_failure_case,,,,51.6939501199403,16.819082699102523,center
706,s7b4,water_wetland,anchor_success,0,supporting_failure_case,,,,40.17484289881138,9.584042143069292,center
710,"s4c6,s7b4",water_wetland,"anchor_success,selection_failure_correct_in_pool",0,supporting_failure_case,2253.846134570804,960.8947705923636,24.03710076634506,70.90301924348391,12.68187006271626,center
711,s7b4,water_wetland,anchor_success,0,supporting_failure_case,,,,90.05631777022828,20.88572524899289,center
716,s7b4,water_wetland,anchor_success,0,supporting_failure_case,,,,35.43129278373001,14.713625924201988,center
721,s7b4,water_wetland,anchor_success,0,supporting_failure_case,,,,13.448549653510144,13.448549653510144,center
726,s7b4,water_wetland,anchor_success,0,supporting_failure_case,,,,18.42826580787181,18.42826580787181,center
731,"s4c6,s7b4",water_wetland,"anchor_success,stable_success",0,supporting_failure_case,25.95024506105812,31.082507545186893,25.055578298393712,25.055612906626447,18.30510505561542,center
736,s7b4,water_wetland,anchor_success,0,supporting_failure_case,,,,13.343500267181888,13.343500267181888,center
741,s7b4,water_wetland,anchor_success,0,supporting_failure_case,,,,96.02615609319834,14.615576909851294,center
746,"s4c6,s7b4",water_wetland,"anchor_success,stable_success",0,supporting_failure_case,28.3488833200298,28.3488833200298,27.289444895658967,77.66445353670343,21.26049500848888,center
751,s7b4,water_wetland,anchor_success,0,supporting_failure_case,,,,33.891685520408,16.218759880360665,center
756,s7b4,water_wetland,anchor_success,0,supporting_failure_case,,,,13.631988459089117,13.631988459089117,center
761,s7b4,water_wetland,anchor_success,0,supporting_failure_case,,,,50.76946479681197,17.36219388419595,center
766,s7b4,water_wetland,anchor_success,0,supporting_failure_case,,,,40.69967105190392,8.205949422479867,center
771,s7b4,water_wetland,anchor_success,0,supporting_failure_case,,,,63.89737767852287,16.625329690309353,center
776,s7b4,water_wetland,anchor_success,0,supporting_failure_case,,,,80.78020936908213,6.6436212149452265,center
801,s7b4,water_wetland,anchor_success,0,supporting_failure_case,,,,212.17658250435025,23.455544778009447,resize
806,s7b4,water_wetland,anchor_success,0,supporting_failure_case,,,,9.819790360308986,9.819790360308986,center
811,s7b4,water_wetland,anchor_success,0,supporting_failure_case,,,,328.28736667281214,12.748654236046065,center
816,s7b4,water_wetland,anchor_success,0,supporting_failure_case,,,,255.51463016564503,28.252171060854973,center
826,s7b4,water_wetland,anchor_success,0,supporting_failure_case,,,,50.11327089181302,14.953488212164435,center
831,s7b4,water_wetland,anchor_success,0,supporting_failure_case,,,,126.72469026028476,17.640646763878667,center
836,s7b4,water_wetland,anchor_success,0,supporting_failure_case,,,,68.3957580653936,11.947374828476011,center
841,s7b4,water_wetland,anchor_success,0,supporting_failure_case,,,,1601.3546900849844,13.51044757002661,center
846,s7b4,water_wetland,anchor_success,0,supporting_failure_case,,,,1632.3795216033836,18.899424224753883,center
851,s7b4,water_wetland,anchor_success,0,supporting_failure_case,,,,1361.1191330159577,18.39768887494472,center
856,s7b4,water_wetland,anchor_success,0,supporting_failure_case,,,,1355.516399427781,18.065900309657817,center
861,s7b4,mixed_urban_natural,anchor_success,0,supporting_failure_case,,,,1380.9549627350411,8.829569762993676,center
866,s7b4,mixed_urban_natural,anchor_success,0,supporting_failure_case,,,,1442.1562756839376,11.667107558037856,center
871,s7b4,mixed_urban_natural,anchor_success,0,supporting_failure_case,,,,2060.72498415121,14.799010542516807,center
874,"s4c6,s7b4",mixed_urban_natural,"anchor_success,stable_success",0,supporting_failure_case,31.14777683593874,18.228112771313647,18.228112771313647,25.536215269115704,18.22813794905199,center
876,s7b4,mixed_urban_natural,anchor_success,0,supporting_failure_case,,,,23.701488270530408,16.285682405399573,center
881,s7b4,mixed_urban_natural,anchor_success,0,supporting_failure_case,,,,38.3700266294273,14.12375205407051,center
891,s7b4,mixed_urban_natural,anchor_success,0,supporting_failure_case,,,,26.582973166623034,26.582973166623034,center
896,s7b4,mixed_urban_natural,anchor_success,0,supporting_failure_case,,,,15.712069779102205,15.712069779102205,center
901,s7b4,mixed_urban_natural,anchor_success,0,supporting_failure_case,,,,28.979455146267767,8.00563572809395,center
905,"s4c6,s7b4",mixed_urban_natural,"anchor_success,stable_success",0,supporting_failure_case,15.897900427790166,15.897900427790166,15.897900427790166,20.96989079425475,15.897922386904568,center
906,s7b4,mixed_urban_natural,anchor_success,0,supporting_failure_case,,,,6.51829275265421,6.51829275265421,center
911,s7b4,mixed_urban_natural,anchor_success,0,supporting_failure_case,,,,30.54235279363681,13.573189048528205,center
914,"s4c6,s7b4",mixed_urban_natural,"anchor_success,selection_failure_correct_in_pool",0,supporting_failure_case,77.2055850651526,665.394205514291,29.40073200289781,77.20569170578992,13.056943666098263,center
916,s7b4,mixed_urban_natural,anchor_success,0,supporting_failure_case,,,,1268.3780047382304,22.87561746450714,center
936,s7b4,mixed_urban_natural,anchor_success,0,supporting_failure_case,,,,1093.763389858988,25.42255671622956,center
937,"s4c6,s7b4",mixed_urban_natural,"anchor_success,weak_pool_near_candidate",0,supporting_failure_case,849.8890174430359,792.6576573802224,94.7062768939703,1088.0054044733677,26.15735031592081,center
941,s7b4,mixed_urban_natural,anchor_success,0,supporting_failure_case,,,,836.8295310047968,22.29303077261682,center
976,s7b4,mixed_urban_natural,anchor_success,0,supporting_failure_case,,,,1085.571444658434,34.55852161308276,center
981,s7b4,mixed_urban_natural,anchor_success,0,supporting_failure_case,,,,89.25494605424107,20.38601430423985,center
986,s7b4,mixed_urban_natural,anchor_success,0,supporting_failure_case,,,,58.7022427679543,24.202541973584665,center
991,s7b4,mixed_urban_natural,anchor_success,0,supporting_failure_case,,,,847.6679583157236,18.67307302937558,center
996,s7b4,mixed_urban_natural,anchor_success,0,supporting_failure_case,,,,254.3147446042583,30.33691794942355,center
1001,s7b4,mixed_urban_natural,anchor_success,0,supporting_failure_case,,,,55.39592191016538,6.486118479131156,center
1003,"s4c6,s7b4",mixed_urban_natural,"anchor_success,stable_success",0,supporting_failure_case,24.36253769145157,24.36253769145157,24.36253769145157,292.9509167392372,13.024734800617498,center
1006,s7b4,mixed_urban_natural,anchor_success,0,supporting_failure_case,,,,317.05863187500984,14.191039061779383,center
1031,s7b4,mixed_urban_natural,anchor_success,0,supporting_failure_case,,,,452.24822464814383,28.665043173786472,center
