token,primary_scene,anchor_stream,anchor_hit_at_100,anchor_top1_error_m,anchor_best_error_m_available,anchor_best_rank_available,center_present,center_hit_at_100,center_top1_error_m_x,center_best_error_m_available,center_best_rank_available,resize_present,resize_hit_at_100,resize_top1_error_m_x,resize_best_error_m_available,resize_best_rank_available,any_stream_hit_at_100,rescued_by_non_anchor_at_100,rescue_streams_at_100,best_stream_available,best_error_any_stream_available_m,best_rank_any_stream_available,best_tile_any_stream_available,dino_failure_group,classical_failure_group,phog_top1_error_m,lsd_top1_error_m,oracle_best_top50_error_m,phog_top1_tile_id,lsd_top1_tile_id,oracle_best_top50_tile_id,rot_best_error_m,rot_best_angle_deg,uav_junction_count,uav_luma_lsd_line_count,selection_gap_to_oracle_m,center_top1_tile_id,center_top1_error_m_y,center_top1_rank,center_top1_sat_path,center_best_tile_id,center_best_error_m,center_best_rank,center_best_sat_path,resize_top1_tile_id,resize_top1_error_m_y,resize_top1_rank,resize_top1_sat_path,resize_best_tile_id,resize_best_error_m,resize_best_rank,resize_best_sat_path,query_image_path_from_manifest,query_image_path,s7b4_visual_panel_path,s4c4c_panel_path,has_s7b4_visual_panel,has_s4c4c_panel,has_classical_record,classical_failed,dino_success_any,dino_center_success,dino_resize_success,dino_resize_rescue,dino_unresolved,near_pool_miss,pool_failure_or_far_ambiguity,agricultural_open_field,orientation_range,classical_fail_dino_success,recommended_role,selection_priority_score
794,water_wetland,center,False,560.5918361433577,83.45339633204394,34,True,False,560.5918361433577,83.45339633204394,34,True,False,490.85787104166815,83.45339633204394,2,False,False,,center,83.45339633204394,34,4284,near_pool_miss_40_100m,candidate_pool_failure,3001.155104355888,350.27954718769814,350.27954718769814,8112.0,3666.0,3666.0,,,31.0,103.0,0.0,2156,560.5918361433577,1,/Users/harishprabhu/Documents/drone-localisation/data/raw/satloc/part_1/Satellite Data/sat_image_ref/02156.jpg,4284,83.45339633204394,34,/Users/harishprabhu/Documents/drone-localisation/data/raw/satloc/part_1/Satellite Data/sat_image_ref/04284.jpg,2406,490.85787104166815,1,/Users/harishprabhu/Documents/drone-localisation/data/raw/satloc/part_1/Satellite Data/sat_image_ref/02406.jpg,4284,83.45339633204394,2,/Users/harishprabhu/Documents/drone-localisation/data/raw/satloc/part_1/Satellite Data/sat_image_ref/04284.jpg,/Users/harishprabhu/Documents/drone-localisation/data/raw/satloc/part_1/UAV Data/traj01/794@211199@112.811357@28.295615.png,/Users/harishprabhu/Documents/drone-localisation/data/raw/satloc/part_1/UAV Data/traj01/794@211199@112.811357@28.295615.png,/Users/harishprabhu/Documents/drone-localisation/outputs/satloc/figures/s7b_failure_rescue/visual_diagnostics/center_resize_k32_img224_top100/s7b4_visual_token_0794_water_wetland.png,,True,False,True,True,False,False,False,False,True,True,False,False,False,False,near_miss_multitile,108.0
1015,mixed_urban_natural,center,False,1066.105785365984,231.0359769331189,20,True,False,1066.105785365984,231.0359769331189,20,True,False,1036.8086530057765,96.23632251625702,76,False,False,,resize,96.23632251625702,76,4798,near_pool_miss_40_100m,selection_failure_correct_in_pool,1184.921590682784,1184.921590682784,23.22839645619862,8189.0,8189.0,4671.0,,,15.0,82.0,1161.693194226585,2520,1066.105785365984,1,/Users/harishprabhu/Documents/drone-localisation/data/raw/satloc/part_1/Satellite Data/sat_image_ref/02520.jpg,3794,231.03597693311892,20,/Users/harishprabhu/Documents/drone-localisation/data/raw/satloc/part_1/Satellite Data/sat_image_ref/03794.jpg,2521,1036.8086530057765,1,/Users/harishprabhu/Documents/drone-localisation/data/raw/satloc/part_1/Satellite Data/sat_image_ref/02521.jpg,4798,96.23632251625702,76,/Users/harishprabhu/Documents/drone-localisation/data/raw/satloc/part_1/Satellite Data/sat_image_ref/04798.jpg,/Users/harishprabhu/Documents/drone-localisation/data/raw/satloc/part_1/UAV Data/traj01/1015@141133@112.816335@28.294566.png,/Users/harishprabhu/Documents/drone-localisation/data/raw/satloc/part_1/UAV Data/traj01/1015@141133@112.816335@28.294566.png,/Users/harishprabhu/Documents/drone-localisation/outputs/satloc/figures/s7b_failure_rescue/visual_diagnostics/center_resize_k32_img224_top100/s7b4_visual_token_1015_mixed_urban_natural.png,,True,False,True,True,False,False,False,False,True,True,False,False,False,False,near_miss_multitile,108.0
387,forest_canopy,center,False,354.94121578048646,45.95811957410671,26,True,False,354.94121578048646,45.95811957410671,26,True,False,1625.958730178921,59.79906377868341,56,False,False,,center,45.95811957410671,26,6543,near_pool_miss_40_100m,candidate_pool_failure,1889.0252539995129,1007.5835985539868,945.3051082906984,6847.0,5194.0,4150.0,1007.5835985539868,0.0,3.0,71.0,62.2784902632884,6408,354.94121578048646,1,/Users/harishprabhu/Documents/drone-localisation/data/raw/satloc/part_1/Satellite Data/sat_image_ref/06408.jpg,6543,45.95811957410671,26,/Users/harishprabhu/Documents/drone-localisation/data/raw/satloc/part_1/Satellite Data/sat_image_ref/06543.jpg,1310,1625.958730178921,1,/Users/harishprabhu/Documents/drone-localisation/data/raw/satloc/part_1/Satellite Data/sat_image_ref/01310.jpg,6544,59.79906377868341,56,/Users/harishprabhu/Documents/drone-localisation/data/raw/satloc/part_1/Satellite Data/sat_image_ref/06544.jpg,/Users/harishprabhu/Documents/drone-localisation/data/raw/satloc/part_1/UAV Data/traj01/387@95089@112.815310@28.289247.png,/Users/harishprabhu/Documents/drone-localisation/data/raw/satloc/part_1/UAV Data/traj01/387@95089@112.815310@28.289247.png,,,False,False,True,True,False,False,False,False,True,True,False,False,False,False,near_miss_multitile,90.0
653,water_wetland,center,False,806.4163124267833,143.9356290182649,54,True,False,806.4163124267833,143.9356290182649,54,True,False,1825.6344543406149,63.654578232604045,32,False,False,,resize,63.654578232604045,32,3425,near_pool_miss_40_100m,candidate_pool_failure,1415.8173459911295,1086.7336229188195,462.83052012042737,5766.0,407.0,2665.0,,,24.0,80.0,623.9031027983922,2156,806.4163124267833,1,/Users/harishprabhu/Documents/drone-localisation/data/raw/satloc/part_1/Satellite Data/sat_image_ref/02156.jpg,3799,143.9356290182649,54,/Users/harishprabhu/Documents/drone-localisation/data/raw/satloc/part_1/Satellite Data/sat_image_ref/03799.jpg,7134,1825.6344543406149,1,/Users/harishprabhu/Documents/drone-localisation/data/raw/satloc/part_1/Satellite Data/sat_image_ref/07134.jpg,3425,63.654578232604045,32,/Users/harishprabhu/Documents/drone-localisation/data/raw/satloc/part_1/Satellite Data/sat_image_ref/03425.jpg,/Users/harishprabhu/Documents/drone-localisation/data/raw/satloc/part_1/UAV Data/traj01/653@70066@112.818492@28.297511.png,/Users/harishprabhu/Documents/drone-localisation/data/raw/satloc/part_1/UAV Data/traj01/653@70066@112.818492@28.297511.png,,,False,False,True,True,False,False,False,False,True,True,False,False,False,False,near_miss_multitile,90.0
963,mixed_urban_natural,center,False,747.4733049380794,52.56451272407397,99,True,False,747.4733049380794,52.56451272407397,99,True,False,1427.315276493899,52.56451272407397,6,False,False,,center,52.56451272407397,99,4541,near_pool_miss_40_100m,candidate_pool_failure,1502.9656075869937,485.1262633542988,144.58224024311232,2627.0,3050.0,4915.0,,,1.0,51.0,340.5440231111865,2776,747.4733049380794,1,/Users/harishprabhu/Documents/drone-localisation/data/raw/satloc/part_1/Satellite Data/sat_image_ref/02776.jpg,4541,52.56451272407397,99,/Users/harishprabhu/Documents/drone-localisation/data/raw/satloc/part_1/Satellite Data/sat_image_ref/04541.jpg,7007,1427.315276493899,1,/Users/harishprabhu/Documents/drone-localisation/data/raw/satloc/part_1/Satellite Data/sat_image_ref/07007.jpg,4541,52.56451272407397,6,/Users/harishprabhu/Documents/drone-localisation/data/raw/satloc/part_1/Satellite Data/sat_image_ref/04541.jpg,/Users/harishprabhu/Documents/drone-localisation/data/raw/satloc/part_1/UAV Data/traj01/963@89084@112.815157@28.294785.png,/Users/harishprabhu/Documents/drone-localisation/data/raw/satloc/part_1/UAV Data/traj01/963@89084@112.815157@28.294785.png,,,False,False,True,True,False,False,False,False,True,True,False,False,False,False,near_miss_multitile,90.0
971,mixed_urban_natural,center,False,1531.4524440003368,56.94891777228062,63,True,False,1531.4524440003368,56.94891777228062,63,True,False,989.5180696643824,91.18892114033802,8,False,False,,center,56.94891777228062,63,5043,near_pool_miss_40_100m,candidate_pool_failure,952.8332840430222,894.0192820357336,295.2176792210381,4016.0,5193.0,3793.0,,,14.0,62.0,598.8016028146955,763,1531.4524440003368,1,/Users/harishprabhu/Documents/drone-localisation/data/raw/satloc/part_1/Satellite Data/sat_image_ref/00763.jpg,5043,56.94891777228062,63,/Users/harishprabhu/Documents/drone-localisation/data/raw/satloc/part_1/Satellite Data/sat_image_ref/05043.jpg,2521,989.5180696643824,1,/Users/harishprabhu/Documents/drone-localisation/data/raw/satloc/part_1/Satellite Data/sat_image_ref/02521.jpg,5167,91.18892114033802,8,/Users/harishprabhu/Documents/drone-localisation/data/raw/satloc/part_1/Satellite Data/sat_image_ref/05167.jpg,/Users/harishprabhu/Documents/drone-localisation/data/raw/satloc/part_1/UAV Data/traj01/971@97091@112.815175@28.293917.png,/Users/harishprabhu/Documents/drone-localisation/data/raw/satloc/part_1/UAV Data/traj01/971@97091@112.815175@28.293917.png,,,False,False,True,True,False,False,False,False,True,True,False,False,False,False,near_miss_multitile,90.0
1024,mixed_urban_natural,center,False,1131.1198967336195,56.19752823678269,98,True,False,1131.1198967336195,56.19752823678269,98,True,False,1256.9774915200742,48.61666069903707,42,False,False,,resize,48.61666069903707,42,4172,near_pool_miss_40_100m,candidate_pool_failure,1985.3949093318915,1763.2202759250763,207.49336468103115,7098.0,6875.0,3791.0,,,2.0,43.0,1555.7269112440451,7688,1131.1198967336195,1,/Users/harishprabhu/Documents/drone-localisation/data/raw/satloc/part_1/Satellite Data/sat_image_ref/07688.jpg,4046,56.19752823678269,98,/Users/harishprabhu/Documents/drone-localisation/data/raw/satloc/part_1/Satellite Data/sat_image_ref/04046.jpg,8065,1256.9774915200742,1,/Users/harishprabhu/Documents/drone-localisation/data/raw/satloc/part_1/Satellite Data/sat_image_ref/08065.jpg,4172,48.61666069903707,42,/Users/harishprabhu/Documents/drone-localisation/data/raw/satloc/part_1/Satellite Data/sat_image_ref/04172.jpg,/Users/harishprabhu/Documents/drone-localisation/data/raw/satloc/part_1/UAV Data/traj01/1024@150141@112.816322@28.295441.png,/Users/harishprabhu/Documents/drone-localisation/data/raw/satloc/part_1/UAV Data/traj01/1024@150141@112.816322@28.295441.png,,,False,False,True,True,False,False,False,False,True,True,False,False,False,False,near_miss_multitile,90.0
606,agricultural_open_field,center,False,2023.268516092353,43.08892851359237,21,True,False,2023.268516092353,43.08892851359237,21,True,False,2001.1566210561748,111.52223705245562,64,False,False,,center,43.08892851359237,21,3060,near_pool_miss_40_100m,,,,,,,,,,,,,5364,2023.268516092353,1,/Users/harishprabhu/Documents/drone-localisation/data/raw/satloc/part_1/Satellite Data/sat_image_ref/05364.jpg,3060,43.08892851359237,21,/Users/harishprabhu/Documents/drone-localisation/data/raw/satloc/part_1/Satellite Data/sat_image_ref/03060.jpg,5488,2001.1566210561748,1,/Users/harishprabhu/Documents/drone-localisation/data/raw/satloc/part_1/Satellite Data/sat_image_ref/05488.jpg,2811,111.52223705245562,64,/Users/harishprabhu/Documents/drone-localisation/data/raw/satloc/part_1/Satellite Data/sat_image_ref/02811.jpg,/Users/harishprabhu/Documents/drone-localisation/data/raw/satloc/part_1/UAV Data/traj01/606@23021@112.820983@28.298350.png,/Users/harishprabhu/Documents/drone-localisation/data/raw/satloc/part_1/UAV Data/traj01/606@23021@112.820983@28.298350.png,/Users/harishprabhu/Documents/drone-localisation/outputs/satloc/figures/s7b_failure_rescue/visual_diagnostics/center_resize_k32_img224_top100/s7b4_visual_token_0606_agricultural_open_field.png,,True,False,False,False,False,False,False,False,True,True,False,True,False,False,hardest_failure,83.0
611,agricultural_open_field,center,False,877.4695273239146,304.9202340651194,95,True,False,877.4695273239146,304.9202340651194,95,True,False,1929.388157715068,91.01698890630736,31,False,False,,resize,91.01698890630736,31,3185,near_pool_miss_40_100m,,,,,,,,,,,,,1287,877.4695273239146,1,/Users/harishprabhu/Documents/drone-localisation/data/raw/satloc/part_1/Satellite Data/sat_image_ref/01287.jpg,4185,304.9202340651194,95,/Users/harishprabhu/Documents/drone-localisation/data/raw/satloc/part_1/Satellite Data/sat_image_ref/04185.jpg,1878,1929.3881577150676,1,/Users/harishprabhu/Documents/drone-localisation/data/raw/satloc/part_1/Satellite Data/sat_image_ref/01878.jpg,3185,91.01698890630736,31,/Users/harishprabhu/Documents/drone-localisation/data/raw/satloc/part_1/Satellite Data/sat_image_ref/03185.jpg,/Users/harishprabhu/Documents/drone-localisation/data/raw/satloc/part_1/UAV Data/traj01/611@28026@112.820486@28.298245.png,/Users/harishprabhu/Documents/drone-localisation/data/raw/satloc/part_1/UAV Data/traj01/611@28026@112.820486@28.298245.png,/Users/harishprabhu/Documents/drone-localisation/outputs/satloc/figures/s7b_failure_rescue/visual_diagnostics/center_resize_k32_img224_top100/s7b4_visual_token_0611_agricultural_open_field.png,,True,False,False,False,False,False,False,False,True,True,False,True,False,False,hardest_failure,83.0
616,agricultural_open_field,center,False,1145.0679665443752,287.99298784709345,23,True,False,1145.0679665443752,287.99298784709345,23,True,False,1145.0679665443752,78.20045946143044,83,False,False,,resize,78.20045946143044,83,2930,near_pool_miss_40_100m,,,,,,,,,,,,,6451,1145.0679665443752,1,/Users/harishprabhu/Documents/drone-localisation/data/raw/satloc/part_1/Satellite Data/sat_image_ref/06451.jpg,4183,287.99298784709345,23,/Users/harishprabhu/Documents/drone-localisation/data/raw/satloc/part_1/Satellite Data/sat_image_ref/04183.jpg,6451,1145.0679665443752,1,/Users/harishprabhu/Documents/drone-localisation/data/raw/satloc/part_1/Satellite Data/sat_image_ref/06451.jpg,2930,78.20045946143044,83,/Users/harishprabhu/Documents/drone-localisation/data/raw/satloc/part_1/Satellite Data/sat_image_ref/02930.jpg,/Users/harishprabhu/Documents/drone-localisation/data/raw/satloc/part_1/UAV Data/traj01/616@33031@112.819989@28.298140.png,/Users/harishprabhu/Documents/drone-localisation/data/raw/satloc/part_1/UAV Data/traj01/616@33031@112.819989@28.298140.png,/Users/harishprabhu/Documents/drone-localisation/outputs/satloc/figures/s7b_failure_rescue/visual_diagnostics/center_resize_k32_img224_top100/s7b4_visual_token_0616_agricultural_open_field.png,,True,False,False,False,False,False,False,False,True,True,False,True,False,False,hardest_failure,83.0
621,agricultural_open_field,center,False,956.4492993521372,126.5259441671768,86,True,False,956.4492993521372,126.5259441671768,86,True,False,1166.3458971593247,82.30279620331399,75,False,False,,resize,82.30279620331399,75,2930,near_pool_miss_40_100m,,,,,,,,,,,,,6070,956.4492993521372,1,/Users/harishprabhu/Documents/drone-localisation/data/raw/satloc/part_1/Satellite Data/sat_image_ref/06070.jpg,3058,126.5259441671768,86,/Users/harishprabhu/Documents/drone-localisation/data/raw/satloc/part_1/Satellite Data/sat_image_ref/03058.jpg,6451,1166.3458971593247,1,/Users/harishprabhu/Documents/drone-localisation/data/raw/satloc/part_1/Satellite Data/sat_image_ref/06451.jpg,2930,82.30279620331399,75,/Users/harishprabhu/Documents/drone-localisation/data/raw/satloc/part_1/Satellite Data/sat_image_ref/02930.jpg,/Users/harishprabhu/Documents/drone-localisation/data/raw/satloc/part_1/UAV Data/traj01/621@38035@112.819492@28.298035.png,/Users/harishprabhu/Documents/drone-localisation/data/raw/satloc/part_1/UAV Data/traj01/621@38035@112.819492@28.298035.png,/Users/harishprabhu/Documents/drone-localisation/outputs/satloc/figures/s7b_failure_rescue/visual_diagnostics/center_resize_k32_img224_top100/s7b4_visual_token_0621_agricultural_open_field.png,,True,False,False,False,False,False,False,False,True,True,False,True,False,False,hardest_failure,83.0
646,agricultural_open_field,center,False,791.6543648992547,170.1750426619666,93,True,False,791.6543648992547,170.1750426619666,93,True,False,1396.1382414391032,71.83123580960996,77,False,False,,resize,71.83123580960996,77,3425,near_pool_miss_40_100m,,,,,,,,,,,,,2156,791.6543648992547,1,/Users/harishprabhu/Documents/drone-localisation/data/raw/satloc/part_1/Satellite Data/sat_image_ref/02156.jpg,3799,170.1750426619666,93,/Users/harishprabhu/Documents/drone-localisation/data/raw/satloc/part_1/Satellite Data/sat_image_ref/03799.jpg,7942,1396.1382414391032,1,/Users/harishprabhu/Documents/drone-localisation/data/raw/satloc/part_1/Satellite Data/sat_image_ref/07942.jpg,3425,71.83123580960996,77,/Users/harishprabhu/Documents/drone-localisation/data/raw/satloc/part_1/Satellite Data/sat_image_ref/03425.jpg,/Users/harishprabhu/Documents/drone-localisation/data/raw/satloc/part_1/UAV Data/traj01/646@63059@112.818486@28.297819.png,/Users/harishprabhu/Documents/drone-localisation/data/raw/satloc/part_1/UAV Data/traj01/646@63059@112.818486@28.297819.png,/Users/harishprabhu/Documents/drone-localisation/outputs/satloc/figures/s7b_failure_rescue/visual_diagnostics/center_resize_k32_img224_top100/s7b4_visual_token_0646_agricultural_open_field.png,,True,False,False,False,False,False,False,False,True,True,False,True,False,False,hardest_failure,83.0
651,agricultural_open_field,center,False,798.2834059692977,158.03241389409936,85,True,False,798.2834059692977,158.03241389409936,85,True,False,1349.523190416787,58.365770990424096,81,False,False,,resize,58.365770990424096,81,3176,near_pool_miss_40_100m,,,,,,,,,,,,,2156,798.2834059692977,1,/Users/harishprabhu/Documents/drone-localisation/data/raw/satloc/part_1/Satellite Data/sat_image_ref/02156.jpg,3799,158.03241389409936,85,/Users/harishprabhu/Documents/drone-localisation/data/raw/satloc/part_1/Satellite Data/sat_image_ref/03799.jpg,7817,1349.523190416787,1,/Users/harishprabhu/Documents/drone-localisation/data/raw/satloc/part_1/Satellite Data/sat_image_ref/07817.jpg,3176,58.365770990424096,81,/Users/harishprabhu/Documents/drone-localisation/data/raw/satloc/part_1/Satellite Data/sat_image_ref/03176.jpg,/Users/harishprabhu/Documents/drone-localisation/data/raw/satloc/part_1/UAV Data/traj01/651@68064@112.818490@28.297680.png,/Users/harishprabhu/Documents/drone-localisation/data/raw/satloc/part_1/UAV Data/traj01/651@68064@112.818490@28.297680.png,/Users/harishprabhu/Documents/drone-localisation/outputs/satloc/figures/s7b_failure_rescue/visual_diagnostics/center_resize_k32_img224_top100/s7b4_visual_token_0651_agricultural_open_field.png,,True,False,False,False,False,False,False,False,True,True,False,True,False,False,hardest_failure,83.0
251,mixed_urban_natural,center,False,1615.8361205991343,94.20590357436592,69,True,False,1615.8361205991343,94.20590357436592,69,True,False,871.2323393032829,249.45898985722528,91,False,False,,center,94.20590357436592,69,3147,near_pool_miss_40_100m,,,,,,,,,,,,,313,1615.8361205991343,1,/Users/harishprabhu/Documents/drone-localisation/data/raw/satloc/part_1/Satellite Data/sat_image_ref/00313.jpg,3147,94.20590357436592,69,/Users/harishprabhu/Documents/drone-localisation/data/raw/satloc/part_1/Satellite Data/sat_image_ref/03147.jpg,1877,871.2323393032829,1,/Users/harishprabhu/Documents/drone-localisation/data/raw/satloc/part_1/Satellite Data/sat_image_ref/01877.jpg,4019,249.45898985722528,91,/Users/harishprabhu/Documents/drone-localisation/data/raw/satloc/part_1/Satellite Data/sat_image_ref/04019.jpg,/Users/harishprabhu/Documents/drone-localisation/data/raw/satloc/part_1/UAV Data/traj01/251@250236@112.808556@28.297555.png,/Users/harishprabhu/Documents/drone-localisation/data/raw/satloc/part_1/UAV Data/traj01/251@250236@112.808556@28.297555.png,/Users/harishprabhu/Documents/drone-localisation/outputs/satloc/figures/s7b_failure_rescue/visual_diagnostics/center_resize_k32_img224_top100/s7b4_visual_token_0251_mixed_urban_natural.png,,True,False,False,False,False,False,False,False,True,True,False,False,False,False,near_miss_multitile,53.0
256,mixed_urban_natural,center,False,161.15988625402974,64.63082038003618,29,True,False,161.15988625402974,64.63082038003618,29,True,False,899.5255148436561,64.63082038003618,24,False,False,,center,64.63082038003618,29,3775,near_pool_miss_40_100m,,,,,,,,,,,,,4021,161.15988625402974,1,/Users/harishprabhu/Documents/drone-localisation/data/raw/satloc/part_1/Satellite Data/sat_image_ref/04021.jpg,3775,64.63082038003618,29,/Users/harishprabhu/Documents/drone-localisation/data/raw/satloc/part_1/Satellite Data/sat_image_ref/03775.jpg,1877,899.5255148436561,1,/Users/harishprabhu/Documents/drone-localisation/data/raw/satloc/part_1/Satellite Data/sat_image_ref/01877.jpg,3775,64.63082038003618,24,/Users/harishprabhu/Documents/drone-localisation/data/raw/satloc/part_1/Satellite Data/sat_image_ref/03775.jpg,/Users/harishprabhu/Documents/drone-localisation/data/raw/satloc/part_1/UAV Data/traj01/256@255240@112.808559@28.297050.png,/Users/harishprabhu/Documents/drone-localisation/data/raw/satloc/part_1/UAV Data/traj01/256@255240@112.808559@28.297050.png,/Users/harishprabhu/Documents/drone-localisation/outputs/satloc/figures/s7b_failure_rescue/visual_diagnostics/center_resize_k32_img224_top100/s7b4_visual_token_0256_mixed_urban_natural.png,,True,False,False,False,False,False,False,False,True,True,False,False,False,False,near_miss_multitile,53.0
271,mixed_urban_natural,center,False,999.0562079097476,141.7228055840051,35,True,False,999.0562079097476,141.7228055840051,35,True,False,211.7777723804689,70.97663468411079,10,False,False,,resize,70.97663468411079,10,4147,near_pool_miss_40_100m,,,,,,,,,,,,,1753,999.0562079097476,1,/Users/harishprabhu/Documents/drone-localisation/data/raw/satloc/part_1/Satellite Data/sat_image_ref/01753.jpg,4647,141.7228055840051,35,/Users/harishprabhu/Documents/drone-localisation/data/raw/satloc/part_1/Satellite Data/sat_image_ref/04647.jpg,4778,211.7777723804689,1,/Users/harishprabhu/Documents/drone-localisation/data/raw/satloc/part_1/Satellite Data/sat_image_ref/04778.jpg,4147,70.97663468411079,10,/Users/harishprabhu/Documents/drone-localisation/data/raw/satloc/part_1/Satellite Data/sat_image_ref/04147.jpg,/Users/harishprabhu/Documents/drone-localisation/data/raw/satloc/part_1/UAV Data/traj01/271@270255@112.808564@28.295482.png,/Users/harishprabhu/Documents/drone-localisation/data/raw/satloc/part_1/UAV Data/traj01/271@270255@112.808564@28.295482.png,/Users/harishprabhu/Documents/drone-localisation/outputs/satloc/figures/s7b_failure_rescue/visual_diagnostics/center_resize_k32_img224_top100/s7b4_visual_token_0271_mixed_urban_natural.png,,True,False,False,False,False,False,False,False,True,True,False,False,False,False,near_miss_multitile,53.0
281,mixed_urban_natural,center,False,706.3318795334677,69.24032686920734,6,True,False,706.3318795334677,69.24032686920734,6,True,False,568.0966151910201,69.24032686920734,7,False,False,,center,69.24032686920734,6,4647,near_pool_miss_40_100m,,,,,,,,,,,,,5004,706.3318795334677,1,/Users/harishprabhu/Documents/drone-localisation/data/raw/satloc/part_1/Satellite Data/sat_image_ref/05004.jpg,4647,69.24032686920734,6,/Users/harishprabhu/Documents/drone-localisation/data/raw/satloc/part_1/Satellite Data/sat_image_ref/04647.jpg,2767,568.0966151910201,1,/Users/harishprabhu/Documents/drone-localisation/data/raw/satloc/part_1/Satellite Data/sat_image_ref/02767.jpg,4647,69.24032686920734,7,/Users/harishprabhu/Documents/drone-localisation/data/raw/satloc/part_1/Satellite Data/sat_image_ref/04647.jpg,/Users/harishprabhu/Documents/drone-localisation/data/raw/satloc/part_1/UAV Data/traj01/281@280264@112.808557@28.294462.png,/Users/harishprabhu/Documents/drone-localisation/data/raw/satloc/part_1/UAV Data/traj01/281@280264@112.808557@28.294462.png,/Users/harishprabhu/Documents/drone-localisation/outputs/satloc/figures/s7b_failure_rescue/visual_diagnostics/center_resize_k32_img224_top100/s7b4_visual_token_0281_mixed_urban_natural.png,,True,False,False,False,False,False,False,False,True,True,False,False,False,False,near_miss_multitile,53.0
791,water_wetland,center,False,1124.3439556449036,76.14302200441578,69,True,False,1124.3439556449036,76.14302200441578,69,True,False,638.9454564316167,76.14302200441578,38,False,False,,center,76.14302200441578,69,4284,near_pool_miss_40_100m,,,,,,,,,,,,,4875,1124.3439556449036,1,/Users/harishprabhu/Documents/drone-localisation/data/raw/satloc/part_1/Satellite Data/sat_image_ref/04875.jpg,4284,76.14302200441578,69,/Users/harishprabhu/Documents/drone-localisation/data/raw/satloc/part_1/Satellite Data/sat_image_ref/04284.jpg,2273,638.9454564316167,1,/Users/harishprabhu/Documents/drone-localisation/data/raw/satloc/part_1/Satellite Data/sat_image_ref/02273.jpg,4284,76.14302200441578,38,/Users/harishprabhu/Documents/drone-localisation/data/raw/satloc/part_1/Satellite Data/sat_image_ref/04284.jpg,/Users/harishprabhu/Documents/drone-localisation/data/raw/satloc/part_1/UAV Data/traj01/791@208196@112.811359@28.295301.png,/Users/harishprabhu/Documents/drone-localisation/data/raw/satloc/part_1/UAV Data/traj01/791@208196@112.811359@28.295301.png,/Users/harishprabhu/Documents/drone-localisation/outputs/satloc/figures/s7b_failure_rescue/visual_diagnostics/center_resize_k32_img224_top100/s7b4_visual_token_0791_water_wetland.png,,True,False,False,False,False,False,False,False,True,True,False,False,False,False,near_miss_multitile,53.0
796,water_wetland,center,False,1139.7128105612508,173.03460993617276,97,True,False,1139.7128105612508,173.03460993617276,97,True,False,588.2529401722093,95.63105507825318,41,False,False,,resize,95.63105507825318,41,4284,near_pool_miss_40_100m,,,,,,,,,,,,,2128,1139.7128105612508,1,/Users/harishprabhu/Documents/drone-localisation/data/raw/satloc/part_1/Satellite Data/sat_image_ref/02128.jpg,4411,173.03460993617276,97,/Users/harishprabhu/Documents/drone-localisation/data/raw/satloc/part_1/Satellite Data/sat_image_ref/04411.jpg,2273,588.2529401722093,1,/Users/harishprabhu/Documents/drone-localisation/data/raw/satloc/part_1/Satellite Data/sat_image_ref/02273.jpg,4284,95.63105507825318,41,/Users/harishprabhu/Documents/drone-localisation/data/raw/satloc/part_1/Satellite Data/sat_image_ref/04284.jpg,/Users/harishprabhu/Documents/drone-localisation/data/raw/satloc/part_1/UAV Data/traj01/796@213201@112.811353@28.295825.png,/Users/harishprabhu/Documents/drone-localisation/data/raw/satloc/part_1/UAV Data/traj01/796@213201@112.811353@28.295825.png,/Users/harishprabhu/Documents/drone-localisation/outputs/satloc/figures/s7b_failure_rescue/visual_diagnostics/center_resize_k32_img224_top100/s7b4_visual_token_0796_water_wetland.png,,True,False,False,False,False,False,False,False,True,True,False,False,False,False,near_miss_multitile,53.0
951,mixed_urban_natural,center,False,666.891530820757,76.71169268946107,98,True,False,666.891530820757,76.71169268946107,98,True,False,1532.9279119545658,76.71169268946107,42,False,False,,center,76.71169268946107,98,3794,near_pool_miss_40_100m,,,,,,,,,,,,,2155,666.891530820757,1,/Users/harishprabhu/Documents/drone-localisation/data/raw/satloc/part_1/Satellite Data/sat_image_ref/02155.jpg,3794,76.71169268946107,98,/Users/harishprabhu/Documents/drone-localisation/data/raw/satloc/part_1/Satellite Data/sat_image_ref/03794.jpg,7509,1532.9279119545658,1,/Users/harishprabhu/Documents/drone-localisation/data/raw/satloc/part_1/Satellite Data/sat_image_ref/07509.jpg,3794,76.71169268946107,42,/Users/harishprabhu/Documents/drone-localisation/data/raw/satloc/part_1/Satellite Data/sat_image_ref/03794.jpg,/Users/harishprabhu/Documents/drone-localisation/data/raw/satloc/part_1/UAV Data/traj01/951@77072@112.815136@28.296091.png,/Users/harishprabhu/Documents/drone-localisation/data/raw/satloc/part_1/UAV Data/traj01/951@77072@112.815136@28.296091.png,/Users/harishprabhu/Documents/drone-localisation/outputs/satloc/figures/s7b_failure_rescue/visual_diagnostics/center_resize_k32_img224_top100/s7b4_visual_token_0951_mixed_urban_natural.png,,True,False,False,False,False,False,False,False,True,True,False,False,False,False,near_miss_multitile,53.0
956,mixed_urban_natural,center,False,715.7943599573041,80.15351770739709,17,True,False,715.7943599573041,80.15351770739709,17,True,False,639.4226981379263,126.03463426894058,59,False,False,,center,80.15351770739709,17,3917,near_pool_miss_40_100m,,,,,,,,,,,,,2651,715.7943599573041,1,/Users/harishprabhu/Documents/drone-localisation/data/raw/satloc/part_1/Satellite Data/sat_image_ref/02651.jpg,3917,80.15351770739709,17,/Users/harishprabhu/Documents/drone-localisation/data/raw/satloc/part_1/Satellite Data/sat_image_ref/03917.jpg,2159,639.4226981379263,1,/Users/harishprabhu/Documents/drone-localisation/data/raw/satloc/part_1/Satellite Data/sat_image_ref/02159.jpg,3794,126.03463426894058,59,/Users/harishprabhu/Documents/drone-localisation/data/raw/satloc/part_1/Satellite Data/sat_image_ref/03794.jpg,/Users/harishprabhu/Documents/drone-localisation/data/raw/satloc/part_1/UAV Data/traj01/956@82077@112.815145@28.295546.png,/Users/harishprabhu/Documents/drone-localisation/data/raw/satloc/part_1/UAV Data/traj01/956@82077@112.815145@28.295546.png,/Users/harishprabhu/Documents/drone-localisation/outputs/satloc/figures/s7b_failure_rescue/visual_diagnostics/center_resize_k32_img224_top100/s7b4_visual_token_0956_mixed_urban_natural.png,,True,False,False,False,False,False,False,False,True,True,False,False,False,False,near_miss_multitile,53.0
1,mixed_urban_natural,center,False,1114.9141527269762,47.08621180579595,74,True,False,1114.9141527269762,47.08621180579595,74,True,False,532.0523168504577,64.27392095000113,88,False,False,,center,47.08621180579595,74,3419,near_pool_miss_40_100m,lsd_rescue,2672.693485404899,15.072437260842536,15.072437260842536,8237.0,3545.0,3545.0,15.072437260842536,0.0,20.0,92.0,0.0,4765,1114.9141527269762,1,/Users/harishprabhu/Documents/drone-localisation/data/raw/satloc/part_1/Satellite Data/sat_image_ref/04765.jpg,3419,47.08621180579595,74,/Users/harishprabhu/Documents/drone-localisation/data/raw/satloc/part_1/Satellite Data/sat_image_ref/03419.jpg,2532,532.0523168504577,1,/Users/harishprabhu/Documents/drone-localisation/data/raw/satloc/part_1/Satellite Data/sat_image_ref/02532.jpg,3547,64.27392095000113,88,/Users/harishprabhu/Documents/drone-localisation/data/raw/satloc/part_1/Satellite Data/sat_image_ref/03547.jpg,/Users/harishprabhu/Documents/drone-localisation/data/raw/satloc/part_1/UAV Data/traj01/1@0@112.816130@28.297316.png,/Users/harishprabhu/Documents/drone-localisation/data/raw/satloc/part_1/UAV Data/traj01/1@0@112.816130@28.297316.png,,/Users/harishprabhu/Documents/drone-localisation/outputs/satloc/figures/s4c_macrocontour_phog_chamfer/s4c4_vector_skeleton/s4c4c_luma_lsd_rerank/s4c4c_token0001_luma_lsd_panel_top5.png,False,True,True,False,False,False,False,False,True,True,False,False,False,False,near_miss_multitile,47.0
11,mixed_urban_natural,center,False,616.4263018329551,75.05517989862484,98,True,False,616.4263018329551,75.05517989862484,98,True,False,1131.9987856496437,40.17780726422097,21,False,False,,resize,40.17780726422097,21,3294,near_pool_miss_40_100m,,,,,,,,,,,,,2155,616.4263018329551,1,/Users/harishprabhu/Documents/drone-localisation/data/raw/satloc/part_1/Satellite Data/sat_image_ref/02155.jpg,3293,75.05517989862484,98,/Users/harishprabhu/Documents/drone-localisation/data/raw/satloc/part_1/Satellite Data/sat_image_ref/03293.jpg,4765,1131.9987856496437,1,/Users/harishprabhu/Documents/drone-localisation/data/raw/satloc/part_1/Satellite Data/sat_image_ref/04765.jpg,3294,40.17780726422097,21,/Users/harishprabhu/Documents/drone-localisation/data/raw/satloc/part_1/Satellite Data/sat_image_ref/03294.jpg,/Users/harishprabhu/Documents/drone-localisation/data/raw/satloc/part_1/UAV Data/traj01/11@10009@112.816112@28.297802.png,/Users/harishprabhu/Documents/drone-localisation/data/raw/satloc/part_1/UAV Data/traj01/11@10009@112.816112@28.297802.png,,,False,False,False,False,False,False,False,False,True,True,False,False,False,False,near_miss_multitile,35.0
121,mixed_urban_natural,center,False,860.3806078783351,218.38687725525853,86,True,False,860.3806078783351,218.38687725525853,86,True,False,1038.3780494779817,56.50711867143675,22,False,False,,resize,56.50711867143675,22,657,near_pool_miss_40_100m,,,,,,,,,,,,,383,860.3806078783351,1,/Users/harishprabhu/Documents/drone-localisation/data/raw/satloc/part_1/Satellite Data/sat_image_ref/00383.jpg,1037,218.38687725525853,86,/Users/harishprabhu/Documents/drone-localisation/data/raw/satloc/part_1/Satellite Data/sat_image_ref/01037.jpg,753,1038.3780494779817,1,/Users/harishprabhu/Documents/drone-localisation/data/raw/satloc/part_1/Satellite Data/sat_image_ref/00753.jpg,657,56.50711867143675,22,/Users/harishprabhu/Documents/drone-localisation/data/raw/satloc/part_1/Satellite Data/sat_image_ref/00657.jpg,/Users/harishprabhu/Documents/drone-localisation/data/raw/satloc/part_1/UAV Data/traj01/121@120113@112.811652@28.304885.png,/Users/harishprabhu/Documents/drone-localisation/data/raw/satloc/part_1/UAV Data/traj01/121@120113@112.811652@28.304885.png,,,False,False,False,False,False,False,False,False,True,True,False,False,False,False,near_miss_multitile,35.0
259,mixed_urban_natural,center,False,1058.599748863579,73.50906377151306,97,True,False,1058.599748863579,73.50906377151306,97,True,False,137.14463185252987,40.987456814923846,20,False,False,,resize,40.987456814923846,20,3775,near_pool_miss_40_100m,stable_success,19.85008059081389,19.85008059081389,19.85008059081389,3774.0,3774.0,3774.0,,,36.0,120.0,0.0,5177,1058.599748863579,1,/Users/harishprabhu/Documents/drone-localisation/data/raw/satloc/part_1/Satellite Data/sat_image_ref/05177.jpg,3776,73.50906377151306,97,/Users/harishprabhu/Documents/drone-localisation/data/raw/satloc/part_1/Satellite Data/sat_image_ref/03776.jpg,4021,137.14463185252987,1,/Users/harishprabhu/Documents/drone-localisation/data/raw/satloc/part_1/Satellite Data/sat_image_ref/04021.jpg,3775,40.987456814923846,20,/Users/harishprabhu/Documents/drone-localisation/data/raw/satloc/part_1/Satellite Data/sat_image_ref/03775.jpg,/Users/harishprabhu/Documents/drone-localisation/data/raw/satloc/part_1/UAV Data/traj01/259@258243@112.808561@28.296746.png,/Users/harishprabhu/Documents/drone-localisation/data/raw/satloc/part_1/UAV Data/traj01/259@258243@112.808561@28.296746.png,,,False,False,True,False,False,False,False,False,True,True,False,False,False,False,near_miss_multitile,35.0
386,forest_canopy,center,False,1755.442624354566,48.49570620660709,57,True,False,1755.442624354566,48.49570620660709,57,True,False,1086.052865090608,55.38624099027822,2,False,False,,center,48.49570620660709,57,6543,near_pool_miss_40_100m,,,,,,,,,,,,,898,1755.442624354566,1,/Users/harishprabhu/Documents/drone-localisation/data/raw/satloc/part_1/Satellite Data/sat_image_ref/00898.jpg,6543,48.49570620660709,57,/Users/harishprabhu/Documents/drone-localisation/data/raw/satloc/part_1/Satellite Data/sat_image_ref/06543.jpg,4144,1086.052865090608,1,/Users/harishprabhu/Documents/drone-localisation/data/raw/satloc/part_1/Satellite Data/sat_image_ref/04144.jpg,6666,55.38624099027822,2,/Users/harishprabhu/Documents/drone-localisation/data/raw/satloc/part_1/Satellite Data/sat_image_ref/06666.jpg,/Users/harishprabhu/Documents/drone-localisation/data/raw/satloc/part_1/UAV Data/traj01/386@94088@112.815187@28.289246.png,/Users/harishprabhu/Documents/drone-localisation/data/raw/satloc/part_1/UAV Data/traj01/386@94088@112.815187@28.289246.png,,,False,False,False,False,False,False,False,False,True,True,False,False,False,False,near_miss_multitile,35.0
391,forest_canopy,center,False,361.4619304741427,63.469742034219486,4,True,False,361.4619304741427,63.469742034219486,4,True,False,1143.1518379508425,46.355114604604886,89,False,False,,resize,46.355114604604886,89,6544,near_pool_miss_40_100m,,,,,,,,,,,,,6534,361.4619304741427,1,/Users/harishprabhu/Documents/drone-localisation/data/raw/satloc/part_1/Satellite Data/sat_image_ref/06534.jpg,6543,63.469742034219486,4,/Users/harishprabhu/Documents/drone-localisation/data/raw/satloc/part_1/Satellite Data/sat_image_ref/06543.jpg,7888,1143.1518379508425,1,/Users/harishprabhu/Documents/drone-localisation/data/raw/satloc/part_1/Satellite Data/sat_image_ref/07888.jpg,6544,46.355114604604886,89,/Users/harishprabhu/Documents/drone-localisation/data/raw/satloc/part_1/Satellite Data/sat_image_ref/06544.jpg,/Users/harishprabhu/Documents/drone-localisation/data/raw/satloc/part_1/UAV Data/traj01/391@99093@112.815799@28.289251.png,/Users/harishprabhu/Documents/drone-localisation/data/raw/satloc/part_1/UAV Data/traj01/391@99093@112.815799@28.289251.png,,,False,False,False,False,False,False,False,False,True,True,False,False,False,False,near_miss_multitile,35.0
401,forest_canopy,center,False,1260.083155793501,46.33694480038417,47,True,False,1260.083155793501,46.33694480038417,47,True,False,139.8445557765343,46.33694480038417,19,False,False,,center,46.33694480038417,47,6674,near_pool_miss_40_100m,,,,,,,,,,,,,4765,1260.083155793501,1,/Users/harishprabhu/Documents/drone-localisation/data/raw/satloc/part_1/Satellite Data/sat_image_ref/04765.jpg,6674,46.33694480038417,47,/Users/harishprabhu/Documents/drone-localisation/data/raw/satloc/part_1/Satellite Data/sat_image_ref/06674.jpg,6426,139.8445557765343,1,/Users/harishprabhu/Documents/drone-localisation/data/raw/satloc/part_1/Satellite Data/sat_image_ref/06426.jpg,6674,46.33694480038417,19,/Users/harishprabhu/Documents/drone-localisation/data/raw/satloc/part_1/Satellite Data/sat_image_ref/06674.jpg,/Users/harishprabhu/Documents/drone-localisation/data/raw/satloc/part_1/UAV Data/traj01/401@109102@112.817022@28.289260.png,/Users/harishprabhu/Documents/drone-localisation/data/raw/satloc/part_1/UAV Data/traj01/401@109102@112.817022@28.289260.png,,,False,False,False,False,False,False,False,False,True,True,False,False,False,False,near_miss_multitile,35.0
536,urban,center,False,119.5640238759307,45.69795413948543,34,True,False,119.5640238759307,45.69795413948543,34,True,False,558.5688167883292,41.80335505939775,99,False,False,,resize,41.80335505939775,99,3316,near_pool_miss_40_100m,,,,,,,,,,,,,3818,119.5640238759307,1,/Users/harishprabhu/Documents/drone-localisation/data/raw/satloc/part_1/Satellite Data/sat_image_ref/03818.jpg,3565,45.69795413948543,34,/Users/harishprabhu/Documents/drone-localisation/data/raw/satloc/part_1/Satellite Data/sat_image_ref/03565.jpg,4455,558.5688167883292,1,/Users/harishprabhu/Documents/drone-localisation/data/raw/satloc/part_1/Satellite Data/sat_image_ref/04455.jpg,3316,41.80335505939775,99,/Users/harishprabhu/Documents/drone-localisation/data/raw/satloc/part_1/Satellite Data/sat_image_ref/03316.jpg,/Users/harishprabhu/Documents/drone-localisation/data/raw/satloc/part_1/UAV Data/traj01/536@244230@112.823559@28.297448.png,/Users/harishprabhu/Documents/drone-localisation/data/raw/satloc/part_1/UAV Data/traj01/536@244230@112.823559@28.297448.png,,,False,False,False,False,False,False,False,False,True,True,False,False,False,False,near_miss_multitile,35.0
681,water_wetland,center,False,90.36464136689884,47.58258430101179,9,True,False,90.36464136689884,47.58258430101179,9,True,False,1226.5361620725944,47.58258430101179,10,False,False,,center,47.58258430101179,9,4802,near_pool_miss_40_100m,,,,,,,,,,,,,4928,90.36464136689884,1,/Users/harishprabhu/Documents/drone-localisation/data/raw/satloc/part_1/Satellite Data/sat_image_ref/04928.jpg,4802,47.58258430101179,9,/Users/harishprabhu/Documents/drone-localisation/data/raw/satloc/part_1/Satellite Data/sat_image_ref/04802.jpg,2521,1226.5361620725944,1,/Users/harishprabhu/Documents/drone-localisation/data/raw/satloc/part_1/Satellite Data/sat_image_ref/02521.jpg,4802,47.58258430101179,10,/Users/harishprabhu/Documents/drone-localisation/data/raw/satloc/part_1/Satellite Data/sat_image_ref/04802.jpg,/Users/harishprabhu/Documents/drone-localisation/data/raw/satloc/part_1/UAV Data/traj01/681@98092@112.818534@28.294483.png,/Users/harishprabhu/Documents/drone-localisation/data/raw/satloc/part_1/UAV Data/traj01/681@98092@112.818534@28.294483.png,,,False,False,False,False,False,False,False,False,True,True,False,False,False,False,near_miss_multitile,35.0
786,water_wetland,center,False,1265.233388353595,42.41839292595787,58,True,False,1265.233388353595,42.41839292595787,58,True,False,803.9488724206228,78.8967445638855,82,False,False,,center,42.41839292595787,58,4533,near_pool_miss_40_100m,,,,,,,,,,,,,4818,1265.233388353595,1,/Users/harishprabhu/Documents/drone-localisation/data/raw/satloc/part_1/Satellite Data/sat_image_ref/04818.jpg,4533,42.41839292595787,58,/Users/harishprabhu/Documents/drone-localisation/data/raw/satloc/part_1/Satellite Data/sat_image_ref/04533.jpg,6424,803.9488724206228,1,/Users/harishprabhu/Documents/drone-localisation/data/raw/satloc/part_1/Satellite Data/sat_image_ref/06424.jpg,4409,78.8967445638855,82,/Users/harishprabhu/Documents/drone-localisation/data/raw/satloc/part_1/Satellite Data/sat_image_ref/04409.jpg,/Users/harishprabhu/Documents/drone-localisation/data/raw/satloc/part_1/UAV Data/traj01/786@203191@112.811365@28.294793.png,/Users/harishprabhu/Documents/drone-localisation/data/raw/satloc/part_1/UAV Data/traj01/786@203191@112.811365@28.294793.png,,,False,False,False,False,False,False,False,False,True,True,False,False,False,False,near_miss_multitile,35.0
821,water_wetland,center,False,664.479440415039,43.87775371009512,29,True,False,664.479440415039,43.87775371009512,29,True,False,1412.569298891235,89.4282154697763,73,False,False,,center,43.87775371009512,29,3156,near_pool_miss_40_100m,,,,,,,,,,,,,898,664.479440415039,1,/Users/harishprabhu/Documents/drone-localisation/data/raw/satloc/part_1/Satellite Data/sat_image_ref/00898.jpg,3156,43.87775371009512,29,/Users/harishprabhu/Documents/drone-localisation/data/raw/satloc/part_1/Satellite Data/sat_image_ref/03156.jpg,7007,1412.569298891235,1,/Users/harishprabhu/Documents/drone-localisation/data/raw/satloc/part_1/Satellite Data/sat_image_ref/07007.jpg,2780,89.4282154697763,73,/Users/harishprabhu/Documents/drone-localisation/data/raw/satloc/part_1/Satellite Data/sat_image_ref/02780.jpg,/Users/harishprabhu/Documents/drone-localisation/data/raw/satloc/part_1/UAV Data/traj01/821@238224@112.811307@28.298471.png,/Users/harishprabhu/Documents/drone-localisation/data/raw/satloc/part_1/UAV Data/traj01/821@238224@112.811307@28.298471.png,,,False,False,False,False,False,False,False,False,True,True,False,False,False,False,near_miss_multitile,35.0
961,mixed_urban_natural,center,False,51.04790286700834,51.04790286700834,1,True,False,51.04790286700834,51.04790286700834,1,True,False,992.12841185073,51.04790286700834,14,False,False,,center,51.04790286700834,1,4416,near_pool_miss_40_100m,,,,,,,,,,,,,4416,51.04790286700834,1,/Users/harishprabhu/Documents/drone-localisation/data/raw/satloc/part_1/Satellite Data/sat_image_ref/04416.jpg,4416,51.04790286700834,1,/Users/harishprabhu/Documents/drone-localisation/data/raw/satloc/part_1/Satellite Data/sat_image_ref/04416.jpg,5320,992.12841185073,1,/Users/harishprabhu/Documents/drone-localisation/data/raw/satloc/part_1/Satellite Data/sat_image_ref/05320.jpg,4416,51.04790286700834,14,/Users/harishprabhu/Documents/drone-localisation/data/raw/satloc/part_1/Satellite Data/sat_image_ref/04416.jpg,/Users/harishprabhu/Documents/drone-localisation/data/raw/satloc/part_1/UAV Data/traj01/961@87082@112.815154@28.295002.png,/Users/harishprabhu/Documents/drone-localisation/data/raw/satloc/part_1/UAV Data/traj01/961@87082@112.815154@28.295002.png,,,False,False,False,False,False,False,False,False,True,True,False,False,False,False,near_miss_multitile,35.0
966,mixed_urban_natural,center,False,1235.1830594214673,57.529091009819886,57,True,False,1235.1830594214673,57.529091009819886,57,True,False,978.2062287957976,167.62819213239794,90,False,False,,center,57.529091009819886,57,4541,near_pool_miss_40_100m,,,,,,,,,,,,,8065,1235.1830594214673,1,/Users/harishprabhu/Documents/drone-localisation/data/raw/satloc/part_1/Satellite Data/sat_image_ref/08065.jpg,4541,57.529091009819886,57,/Users/harishprabhu/Documents/drone-localisation/data/raw/satloc/part_1/Satellite Data/sat_image_ref/04541.jpg,5320,978.2062287957976,1,/Users/harishprabhu/Documents/drone-localisation/data/raw/satloc/part_1/Satellite Data/sat_image_ref/05320.jpg,4413,167.62819213239794,90,/Users/harishprabhu/Documents/drone-localisation/data/raw/satloc/part_1/Satellite Data/sat_image_ref/04413.jpg,/Users/harishprabhu/Documents/drone-localisation/data/raw/satloc/part_1/UAV Data/traj01/966@92086@112.815162@28.294459.png,/Users/harishprabhu/Documents/drone-localisation/data/raw/satloc/part_1/UAV Data/traj01/966@92086@112.815162@28.294459.png,,,False,False,False,False,False,False,False,False,True,True,False,False,False,False,near_miss_multitile,35.0
1011,mixed_urban_natural,center,False,1091.4511758239612,43.846290874865694,84,True,False,1091.4511758239612,43.846290874865694,84,True,False,1062.8367182989675,43.846290874865694,12,False,False,,center,43.846290874865694,84,4797,near_pool_miss_40_100m,,,,,,,,,,,,,2520,1091.4511758239612,1,/Users/harishprabhu/Documents/drone-localisation/data/raw/satloc/part_1/Satellite Data/sat_image_ref/02520.jpg,4797,43.846290874865694,84,/Users/harishprabhu/Documents/drone-localisation/data/raw/satloc/part_1/Satellite Data/sat_image_ref/04797.jpg,2521,1062.8367182989675,1,/Users/harishprabhu/Documents/drone-localisation/data/raw/satloc/part_1/Satellite Data/sat_image_ref/02521.jpg,4797,43.846290874865694,12,/Users/harishprabhu/Documents/drone-localisation/data/raw/satloc/part_1/Satellite Data/sat_image_ref/04797.jpg,/Users/harishprabhu/Documents/drone-localisation/data/raw/satloc/part_1/UAV Data/traj01/1011@137129@112.816340@28.294159.png,/Users/harishprabhu/Documents/drone-localisation/data/raw/satloc/part_1/UAV Data/traj01/1011@137129@112.816340@28.294159.png,,,False,False,False,False,False,False,False,False,True,True,False,False,False,False,near_miss_multitile,35.0
1016,mixed_urban_natural,center,False,1060.0761192312052,178.6779585783886,54,True,False,1060.0761192312052,178.6779585783886,54,True,False,1030.6142564722131,54.11150023902263,41,False,False,,resize,54.11150023902263,41,4672,near_pool_miss_40_100m,,,,,,,,,,,,,2520,1060.0761192312052,1,/Users/harishprabhu/Documents/drone-localisation/data/raw/satloc/part_1/Satellite Data/sat_image_ref/02520.jpg,3920,178.6779585783886,54,/Users/harishprabhu/Documents/drone-localisation/data/raw/satloc/part_1/Satellite Data/sat_image_ref/03920.jpg,2521,1030.6142564722131,1,/Users/harishprabhu/Documents/drone-localisation/data/raw/satloc/part_1/Satellite Data/sat_image_ref/02521.jpg,4672,54.11150023902263,41,/Users/harishprabhu/Documents/drone-localisation/data/raw/satloc/part_1/Satellite Data/sat_image_ref/04672.jpg,/Users/harishprabhu/Documents/drone-localisation/data/raw/satloc/part_1/UAV Data/traj01/1016@142134@112.816333@28.294665.png,/Users/harishprabhu/Documents/drone-localisation/data/raw/satloc/part_1/UAV Data/traj01/1016@142134@112.816333@28.294665.png,,,False,False,False,False,False,False,False,False,True,True,False,False,False,False,near_miss_multitile,35.0
1026,mixed_urban_natural,center,False,1168.445475932448,72.86613641966358,46,True,False,1168.445475932448,72.86613641966358,46,True,False,290.1400303504972,41.992244833266525,80,False,False,,resize,41.992244833266525,80,4045,near_pool_miss_40_100m,,,,,,,,,,,,,7906,1168.445475932448,1,/Users/harishprabhu/Documents/drone-localisation/data/raw/satloc/part_1/Satellite Data/sat_image_ref/07906.jpg,3920,72.86613641966358,46,/Users/harishprabhu/Documents/drone-localisation/data/raw/satloc/part_1/Satellite Data/sat_image_ref/03920.jpg,4538,290.1400303504972,1,/Users/harishprabhu/Documents/drone-localisation/data/raw/satloc/part_1/Satellite Data/sat_image_ref/04538.jpg,4045,41.992244833266525,80,/Users/harishprabhu/Documents/drone-localisation/data/raw/satloc/part_1/Satellite Data/sat_image_ref/04045.jpg,/Users/harishprabhu/Documents/drone-localisation/data/raw/satloc/part_1/UAV Data/traj01/1026@152143@112.816320@28.295640.png,/Users/harishprabhu/Documents/drone-localisation/data/raw/satloc/part_1/UAV Data/traj01/1026@152143@112.816320@28.295640.png,,,False,False,False,False,False,False,False,False,True,True,False,False,False,False,near_miss_multitile,35.0
