frame_index,sequence_frame_id,query_id,token0_id,timestamp_s,image_path,relative_x_m,relative_y_m,estimated_map_x,estimated_map_y,estimated_lat,estimated_lon,map_aligned_available,map_lock_event,confidence_score,accepted_correction,correction_source,dino_top1_tile_id,dino_top1_score,orb_selected_tile_id,orb_score,orb_inliers,runtime_relative_ms,runtime_retrieval_ms,runtime_rerank_ms,localization_state,map_state_trust,bootstrap_backend,temporal_authority,active_map_state_event_index,active_map_state_source_query
0,1,1,1,0.0,outputs/demo_runs/blind_recorded_flight_final_001/frames/blind_query_1fps/blind_frame_00000_srcframe_000000.jpg,,,,,,,False,False,17.70416889811805,False,,sat_000197,0.9147368669509888,sat_000409,16.30416889811805,9,,,,PROVISIONAL_ABSOLUTE_LOCK,PROVISIONAL,minimum_confident_v2,minimum_confident_v2_state_timeline,,
1,2,2,2,1.0,outputs/demo_runs/blind_recorded_flight_final_001/frames/blind_query_1fps/blind_frame_00001_srcframe_000030.jpg,,,,,,,False,False,16.673416681491958,False,,sat_000197,0.9146283268928528,sat_000179,15.873416681491957,9,,,,PROVISIONAL_ABSOLUTE_LOCK,PROVISIONAL,minimum_confident_v2,minimum_confident_v2_state_timeline,,
2,3,3,3,2.0,outputs/demo_runs/blind_recorded_flight_final_001/frames/blind_query_1fps/blind_frame_00002_srcframe_000060.jpg,,,,,,,False,False,17.867856757865493,False,,sat_000197,0.9080928564071656,sat_000159,16.167856757865493,9,,,,PROVISIONAL_ABSOLUTE_LOCK,PROVISIONAL,minimum_confident_v2,minimum_confident_v2_state_timeline,,
3,4,4,4,3.0,outputs/demo_runs/blind_recorded_flight_final_001/frames/blind_query_1fps/blind_frame_00003_srcframe_000090.jpg,,,,,,,False,False,17.678732548198884,False,,sat_000197,0.9091562628746032,sat_000370,16.478732548198884,9,,,,PROVISIONAL_ABSOLUTE_LOCK,PROVISIONAL,minimum_confident_v2,minimum_confident_v2_state_timeline,,
4,5,5,5,4.0,outputs/demo_runs/blind_recorded_flight_final_001/frames/blind_query_1fps/blind_frame_00004_srcframe_000120.jpg,,,,,,,False,False,28.138717446354285,False,,sat_000197,0.8993459939956665,sat_000178,26.43871744635429,18,,,,PROVISIONAL_ABSOLUTE_LOCK,PROVISIONAL,minimum_confident_v2,minimum_confident_v2_state_timeline,,
5,6,6,6,5.0,outputs/demo_runs/blind_recorded_flight_final_001/frames/blind_query_1fps/blind_frame_00005_srcframe_000150.jpg,,,,,,,False,False,24.783818821522,False,,sat_000197,0.8938198089599609,sat_000179,23.483818821522,18,,,,PROVISIONAL_ABSOLUTE_LOCK,PROVISIONAL,minimum_confident_v2,minimum_confident_v2_state_timeline,,
6,7,7,7,6.0,outputs/demo_runs/blind_recorded_flight_final_001/frames/blind_query_1fps/blind_frame_00006_srcframe_000180.jpg,,,,,,,False,False,21.97986880013707,False,,sat_000197,0.8960537314414978,sat_000178,20.379868800137068,13,,,,PROVISIONAL_ABSOLUTE_LOCK,PROVISIONAL,minimum_confident_v2,minimum_confident_v2_state_timeline,,
7,8,8,8,7.0,outputs/demo_runs/blind_recorded_flight_final_001/frames/blind_query_1fps/blind_frame_00007_srcframe_000210.jpg,,,,,,,False,False,14.365723421066786,False,,sat_000159,0.8957239985466003,sat_000178,12.865723421066786,6,,,,PROVISIONAL_ABSOLUTE_LOCK,PROVISIONAL,minimum_confident_v2,minimum_confident_v2_state_timeline,,
8,9,9,9,8.0,outputs/demo_runs/blind_recorded_flight_final_001/frames/blind_query_1fps/blind_frame_00008_srcframe_000240.jpg,,,,,,,False,False,16.22150021220837,False,,sat_000159,0.8878140449523926,sat_000007,15.521500212208368,8,,,,PROVISIONAL_ABSOLUTE_LOCK,PROVISIONAL,minimum_confident_v2,minimum_confident_v2_state_timeline,,
9,10,10,10,9.0,outputs/demo_runs/blind_recorded_flight_final_001/frames/blind_query_1fps/blind_frame_00009_srcframe_000270.jpg,,,,,,,False,False,15.469250899979906,False,,sat_000198,0.8968588709831238,sat_000198,13.469250899979906,7,,,,PROVISIONAL_ABSOLUTE_LOCK,PROVISIONAL,minimum_confident_v2,minimum_confident_v2_state_timeline,,
10,11,11,11,10.0,outputs/demo_runs/blind_recorded_flight_final_001/frames/blind_query_1fps/blind_frame_00010_srcframe_000300.jpg,,,,,,,False,False,15.261297631675887,False,,sat_000198,0.9013288021087646,sat_000179,13.961297631675889,7,,,,PROVISIONAL_ABSOLUTE_LOCK,PROVISIONAL,minimum_confident_v2,minimum_confident_v2_state_timeline,,
11,12,12,12,11.0,outputs/demo_runs/blind_recorded_flight_final_001/frames/blind_query_1fps/blind_frame_00011_srcframe_000330.jpg,,,,,,,False,False,15.186752541372552,False,,sat_000198,0.8988066911697388,sat_000370,15.086752541372553,8,,,,PROVISIONAL_ABSOLUTE_LOCK,PROVISIONAL,minimum_confident_v2,minimum_confident_v2_state_timeline,,
12,13,13,13,12.0,outputs/demo_runs/blind_recorded_flight_final_001/frames/blind_query_1fps/blind_frame_00012_srcframe_000360.jpg,,,,,,,False,False,15.963959220459843,False,,sat_000141,0.8958373069763184,sat_000198,14.063959220459845,7,,,,PROVISIONAL_ABSOLUTE_LOCK,PROVISIONAL,minimum_confident_v2,minimum_confident_v2_state_timeline,,
13,14,14,14,13.0,outputs/demo_runs/blind_recorded_flight_final_001/frames/blind_query_1fps/blind_frame_00013_srcframe_000390.jpg,,,,,,,False,False,15.111025055000274,False,,sat_000141,0.8930008411407471,sat_000141,13.111025055000274,7,,,,PROVISIONAL_ABSOLUTE_LOCK,PROVISIONAL,minimum_confident_v2,minimum_confident_v2_state_timeline,,
14,15,15,15,14.0,outputs/demo_runs/blind_recorded_flight_final_001/frames/blind_query_1fps/blind_frame_00014_srcframe_000420.jpg,,,,,,,False,False,17.224987855206404,False,,sat_000141,0.8906248807907104,sat_000121,16.624987855206403,9,,,,PROVISIONAL_ABSOLUTE_LOCK,PROVISIONAL,minimum_confident_v2,minimum_confident_v2_state_timeline,,
15,16,16,16,15.0,outputs/demo_runs/blind_recorded_flight_final_001/frames/blind_query_1fps/blind_frame_00015_srcframe_000450.jpg,,,,,,,False,False,17.528698534903995,False,,sat_000141,0.8847895860671997,sat_000176,15.628698534903997,9,,,,PROVISIONAL_ABSOLUTE_LOCK,PROVISIONAL,minimum_confident_v2,minimum_confident_v2_state_timeline,,
16,17,17,17,16.0,outputs/demo_runs/blind_recorded_flight_final_001/frames/blind_query_1fps/blind_frame_00016_srcframe_000480.jpg,,,,,,,False,False,15.326777157030437,False,,sat_000141,0.8944340944290161,sat_000293,14.126777157030435,7,,,,PROVISIONAL_ABSOLUTE_LOCK,PROVISIONAL,minimum_confident_v2,minimum_confident_v2_state_timeline,,
17,18,18,18,17.0,outputs/demo_runs/blind_recorded_flight_final_001/frames/blind_query_1fps/blind_frame_00017_srcframe_000509.jpg,,,,,,,False,False,16.754450576492168,False,,sat_000141,0.8987153768539429,sat_000355,15.45445057649217,8,,,,PROVISIONAL_ABSOLUTE_LOCK,PROVISIONAL,minimum_confident_v2,minimum_confident_v2_state_timeline,,
18,19,19,19,18.0,outputs/demo_runs/blind_recorded_flight_final_001/frames/blind_query_1fps/blind_frame_00018_srcframe_000539.jpg,,,,,,,False,False,15.536491240871936,False,,sat_000141,0.9005104303359985,sat_000121,14.336491240871936,8,,,,PROVISIONAL_ABSOLUTE_LOCK,PROVISIONAL,minimum_confident_v2,minimum_confident_v2_state_timeline,,
19,20,20,20,19.0,outputs/demo_runs/blind_recorded_flight_final_001/frames/blind_query_1fps/blind_frame_00019_srcframe_000569.jpg,,,,,,,False,False,15.238643467986574,False,,sat_000141,0.896274745464325,sat_000198,13.338643467986572,7,,,,PROVISIONAL_ABSOLUTE_LOCK,PROVISIONAL,minimum_confident_v2,minimum_confident_v2_state_timeline,,
20,21,21,21,20.0,outputs/demo_runs/blind_recorded_flight_final_001/frames/blind_query_1fps/blind_frame_00020_srcframe_000599.jpg,,,,,,,False,False,15.039226522225386,False,,sat_000198,0.8958131074905396,sat_000179,13.339226522225388,7,,,,PROVISIONAL_ABSOLUTE_LOCK,PROVISIONAL,minimum_confident_v2,minimum_confident_v2_state_timeline,,
21,22,22,22,21.0,outputs/demo_runs/blind_recorded_flight_final_001/frames/blind_query_1fps/blind_frame_00021_srcframe_000629.jpg,,,,,,,False,False,15.623467275613285,False,,sat_000198,0.8914333581924438,sat_000065,14.623467275613285,8,,,,PROVISIONAL_ABSOLUTE_LOCK,PROVISIONAL,minimum_confident_v2,minimum_confident_v2_state_timeline,,
22,23,23,23,22.0,outputs/demo_runs/blind_recorded_flight_final_001/frames/blind_query_1fps/blind_frame_00022_srcframe_000659.jpg,,,,,,,False,False,14.79318861507581,False,,sat_000198,0.8858569860458374,sat_000009,13.29318861507581,7,,,,PROVISIONAL_ABSOLUTE_LOCK,PROVISIONAL,minimum_confident_v2,minimum_confident_v2_state_timeline,,
23,24,24,24,23.0,outputs/demo_runs/blind_recorded_flight_final_001/frames/blind_query_1fps/blind_frame_00023_srcframe_000689.jpg,,,,,,,False,False,14.764610556601289,False,,sat_000008,0.8958297967910767,sat_000227,13.464610556601288,7,,,,PROVISIONAL_ABSOLUTE_LOCK,PROVISIONAL,minimum_confident_v2,minimum_confident_v2_state_timeline,,
24,25,25,25,24.0,outputs/demo_runs/blind_recorded_flight_final_001/frames/blind_query_1fps/blind_frame_00024_srcframe_000719.jpg,,,,,,,False,False,15.124604212241929,False,,sat_000198,0.9013606905937196,sat_000046,13.424604212241928,7,,,,PROVISIONAL_ABSOLUTE_LOCK,PROVISIONAL,minimum_confident_v2,minimum_confident_v2_state_timeline,,
25,26,26,26,25.0,outputs/demo_runs/blind_recorded_flight_final_001/frames/blind_query_1fps/blind_frame_00025_srcframe_000749.jpg,,,,,,,False,False,16.075728684725892,False,,sat_000198,0.8931208848953247,sat_000065,14.375728684725892,8,,,,PROVISIONAL_ABSOLUTE_LOCK,PROVISIONAL,minimum_confident_v2,minimum_confident_v2_state_timeline,,
26,27,27,27,26.0,outputs/demo_runs/blind_recorded_flight_final_001/frames/blind_query_1fps/blind_frame_00026_srcframe_000779.jpg,,,,,,,False,False,16.314827470700497,False,,sat_000198,0.8863310813903809,sat_000008,14.414827470700498,7,,,,PROVISIONAL_ABSOLUTE_LOCK,PROVISIONAL,minimum_confident_v2,minimum_confident_v2_state_timeline,,
27,28,28,28,27.0,outputs/demo_runs/blind_recorded_flight_final_001/frames/blind_query_1fps/blind_frame_00027_srcframe_000809.jpg,,,,,,,False,False,16.377816322269602,False,,sat_000198,0.8890674114227295,sat_000046,14.677816322269605,8,,,,PROVISIONAL_ABSOLUTE_LOCK,PROVISIONAL,minimum_confident_v2,minimum_confident_v2_state_timeline,,
28,29,29,29,28.0,outputs/demo_runs/blind_recorded_flight_final_001/frames/blind_query_1fps/blind_frame_00028_srcframe_000839.jpg,,,,,,,False,False,17.952109955572727,False,,sat_000008,0.8930859565734863,sat_000008,15.952109955572729,9,,,,PROVISIONAL_ABSOLUTE_LOCK,PROVISIONAL,minimum_confident_v2,minimum_confident_v2_state_timeline,,
29,30,30,30,29.0,outputs/demo_runs/blind_recorded_flight_final_001/frames/blind_query_1fps/blind_frame_00029_srcframe_000869.jpg,-1.93106147553506,589.6869526911147,581150.1233434061,6068174.063591993,54.743342714647675,25.26034244493152,True,True,18.50736517329609,True,minimum_confident_v2_acquisition,sat_000008,0.8939876556396484,sat_000046,16.807365173296095,10,,,,PROVISIONAL_ABSOLUTE_LOCK,PROVISIONAL,minimum_confident_v2,minimum_confident_v2_state_timeline,0.0,30.0
30,31,31,31,30.0,outputs/demo_runs/blind_recorded_flight_final_001/frames/blind_query_1fps/blind_frame_00030_srcframe_000899.jpg,-2.0690928467110785,602.3549030305885,581149.985312035,6068186.731542332,54.74345653097343,25.260343835377732,True,False,17.005754422157448,False,,sat_000008,0.8965359330177307,sat_000198,15.205754422157447,9,,,,PROVISIONAL_ABSOLUTE_LOCK,PROVISIONAL,minimum_confident_v2,minimum_confident_v2_state_timeline,0.0,30.0
31,32,32,32,31.0,outputs/demo_runs/blind_recorded_flight_final_001/frames/blind_query_1fps/blind_frame_00031_srcframe_000929.jpg,-1.8216289657400964,609.0833305641744,581150.2327759159,6068193.459969866,54.74351693136093,25.260349554578802,True,False,15.94977708813917,False,,sat_000008,0.8993760347366333,sat_000096,14.94977708813917,8,,,,PROVISIONAL_ABSOLUTE_LOCK,PROVISIONAL,minimum_confident_v2,minimum_confident_v2_state_timeline,0.0,30.0
32,33,33,33,32.0,outputs/demo_runs/blind_recorded_flight_final_001/frames/blind_query_1fps/blind_frame_00032_srcframe_000959.jpg,-2.071726445877683,621.0173229534672,581149.9826784357,6068205.393962256,54.74362417274891,25.26034900028049,True,False,17.893370302459477,False,,sat_000008,0.8958519101142883,sat_000008,15.893370302459475,9,,,,PROVISIONAL_ABSOLUTE_LOCK,PROVISIONAL,minimum_confident_v2,minimum_confident_v2_state_timeline,0.0,30.0
33,34,34,34,33.0,outputs/demo_runs/blind_recorded_flight_final_001/frames/blind_query_1fps/blind_frame_00033_srcframe_000989.jpg,-2.4329187071685743,636.4346674464189,581149.6214861745,6068220.811306749,54.74376272242309,25.26034769269105,True,False,16.787946328860198,False,,sat_000008,0.8959009051322937,sat_000008,14.787946328860198,8,,,,PROVISIONAL_ABSOLUTE_LOCK,PROVISIONAL,minimum_confident_v2,minimum_confident_v2_state_timeline,0.0,30.0
34,35,35,35,34.0,outputs/demo_runs/blind_recorded_flight_final_001/frames/blind_query_1fps/blind_frame_00034_srcframe_001019.jpg,-2.7382860997818947,654.4387340221779,581149.3161187819,6068238.815373324,54.743924499169125,25.26034797345932,True,False,15.342256241991931,False,,sat_000008,0.8975186347961426,sat_000065,13.442256241991933,7,,,,PROVISIONAL_ABSOLUTE_LOCK,PROVISIONAL,minimum_confident_v2,minimum_confident_v2_state_timeline,0.0,30.0
35,36,36,36,35.0,outputs/demo_runs/blind_recorded_flight_final_001/frames/blind_query_1fps/blind_frame_00035_srcframe_001049.jpg,-3.2661266129413016,674.5722931918086,581148.7882782688,6068258.948932494,54.74410544068246,25.2603453938997,True,False,14.690470287085873,False,,sat_000065,0.8927260637283325,sat_000020,13.290470287085872,7,,,,PROVISIONAL_ABSOLUTE_LOCK,PROVISIONAL,minimum_confident_v2,minimum_confident_v2_state_timeline,0.0,30.0
36,37,37,37,36.0,outputs/demo_runs/blind_recorded_flight_final_001/frames/blind_query_1fps/blind_frame_00036_srcframe_001079.jpg,-3.8106473536963903,696.6776866729864,581148.243757528,6068281.054325975,54.74430409753315,25.260343105380386,True,False,15.571170771824113,False,,sat_000008,0.8839366436004639,sat_000009,14.171170771824112,8,,,,PROVISIONAL_ABSOLUTE_LOCK,PROVISIONAL,minimum_confident_v2,minimum_confident_v2_state_timeline,0.0,30.0
37,38,38,38,37.0,outputs/demo_runs/blind_recorded_flight_final_001/frames/blind_query_1fps/blind_frame_00037_srcframe_001109.jpg,-4.088952418258484,719.6417959854809,581147.9654524634,6068304.018435287,54.744510425112786,25.260345189998226,True,False,15.968025467820867,False,,sat_000198,0.8859694600105286,sat_000001,14.568025467820869,7,,,,PROVISIONAL_ABSOLUTE_LOCK,PROVISIONAL,minimum_confident_v2,minimum_confident_v2_state_timeline,0.0,30.0
38,39,39,39,38.0,outputs/demo_runs/blind_recorded_flight_final_001/frames/blind_query_1fps/blind_frame_00038_srcframe_001139.jpg,-4.49647069221202,742.9838333141535,581147.5579341894,6068327.360472616,54.74472016840056,25.26034537374097,True,False,15.332042237289684,False,,sat_000198,0.8847968578338623,sat_000046,13.532042237289682,7,,,,PROVISIONAL_ABSOLUTE_LOCK,PROVISIONAL,minimum_confident_v2,minimum_confident_v2_state_timeline,0.0,30.0
39,40,40,40,39.0,outputs/demo_runs/blind_recorded_flight_final_001/frames/blind_query_1fps/blind_frame_00039_srcframe_001169.jpg,-4.925121208173719,766.7734404360225,581147.1292836735,6068351.150079738,54.74493393553412,25.260345354226892,True,False,15.830418726320149,False,,sat_000198,0.8729524612426758,sat_000046,13.930418726320148,7,,,,PROVISIONAL_ABSOLUTE_LOCK,PROVISIONAL,minimum_confident_v2,minimum_confident_v2_state_timeline,0.0,30.0
40,41,41,41,40.0,outputs/demo_runs/blind_recorded_flight_final_001/frames/blind_query_1fps/blind_frame_00040_srcframe_001199.jpg,-5.333569507253056,791.1535457900216,581146.7208353744,6068375.530185092,54.745153003743965,25.260345813146692,True,False,15.838686311317668,False,,sat_000198,0.8659378290176392,sat_000009,14.038686311317669,7,,,,PROVISIONAL_ABSOLUTE_LOCK,PROVISIONAL,minimum_confident_v2,minimum_confident_v2_state_timeline,0.0,30.0
41,42,42,42,41.0,outputs/demo_runs/blind_recorded_flight_final_001/frames/blind_query_1fps/blind_frame_00041_srcframe_001229.jpg,-4.220090196770472,810.0701686790734,581147.8343146848,6068394.446807981,54.7453227488103,25.260368379827238,True,False,16.943526517293893,False,,sat_000198,0.8569879531860352,sat_000007,16.143526517293893,9,,,,PROVISIONAL_ABSOLUTE_LOCK,PROVISIONAL,minimum_confident_v2,minimum_confident_v2_state_timeline,0.0,30.0
42,43,43,43,42.0,outputs/demo_runs/blind_recorded_flight_final_001/frames/blind_query_1fps/blind_frame_00042_srcframe_001259.jpg,4.471185205492647,820.2311366926489,581156.5255900872,6068404.607775995,54.745412620307,25.260506169186016,True,False,15.184873229405312,False,,sat_000198,0.8614526987075806,sat_000179,13.784873229405312,7,,,,PROVISIONAL_ABSOLUTE_LOCK,PROVISIONAL,minimum_confident_v2,minimum_confident_v2_state_timeline,0.0,30.0
43,44,44,44,43.0,outputs/demo_runs/blind_recorded_flight_final_001/frames/blind_query_1fps/blind_frame_00043_srcframe_001289.jpg,18.654675403045257,826.7059419763292,581170.7090802847,6068411.082581278,54.74546849289445,25.260728211695895,True,False,16.27662332941668,False,,sat_000198,0.8362020254135132,sat_000028,14.47662332941668,8,,,,PROVISIONAL_ABSOLUTE_LOCK,PROVISIONAL,minimum_confident_v2,minimum_confident_v2_state_timeline,0.0,30.0
44,45,45,45,44.0,outputs/demo_runs/blind_recorded_flight_final_001/frames/blind_query_1fps/blind_frame_00044_srcframe_001319.jpg,36.7288805972035,831.2344753671202,581188.7832854788,6068415.611114669,54.74550625384029,25.261010125251715,True,False,15.416437163096214,False,,sat_000028,0.8147329092025757,sat_000064,14.116437163096212,7,,,,PROVISIONAL_ABSOLUTE_LOCK,PROVISIONAL,minimum_confident_v2,minimum_confident_v2_state_timeline,0.0,30.0
45,46,46,46,45.0,outputs/demo_runs/blind_recorded_flight_final_001/frames/blind_query_1fps/blind_frame_00045_srcframe_001349.jpg,56.911090763339935,834.3654060353919,581208.965495645,6068418.742045337,54.74553111925257,25.26132438151603,True,False,14.518713831880952,False,,sat_000151,0.7896908521652222,sat_000151,12.518713831880952,6,,,,PROVISIONAL_ABSOLUTE_LOCK,PROVISIONAL,minimum_confident_v2,minimum_confident_v2_state_timeline,0.0,30.0
46,47,47,47,46.0,outputs/demo_runs/blind_recorded_flight_final_001/frames/blind_query_1fps/blind_frame_00046_srcframe_001379.jpg,78.58278075917325,836.7948709495636,581230.6371856409,6068421.171510251,54.74554944208023,25.261661570400392,True,False,15.450702763556428,False,,sat_000341,0.8191769123077393,sat_000342,13.950702763556428,7,,,,PROVISIONAL_ABSOLUTE_LOCK,PROVISIONAL,minimum_confident_v2,minimum_confident_v2_state_timeline,0.0,30.0
47,48,48,48,47.0,outputs/demo_runs/blind_recorded_flight_final_001/frames/blind_query_1fps/blind_frame_00047_srcframe_001409.jpg,101.24419085724686,838.6837777600252,581253.298595739,6068423.060417062,54.7455627482972,25.262013976617666,True,False,14.952141197935228,False,,sat_000341,0.829201877117157,sat_000044,13.852141197935229,6,,,,PROVISIONAL_ABSOLUTE_LOCK,PROVISIONAL,minimum_confident_v2,minimum_confident_v2_state_timeline,0.0,30.0
48,49,49,49,48.0,outputs/demo_runs/blind_recorded_flight_final_001/frames/blind_query_1fps/blind_frame_00048_srcframe_001439.jpg,125.03039514319656,840.0444191965037,581277.0848000249,6068424.421058498,54.745571126360936,25.26238370086949,True,False,15.45345365233856,False,,sat_000341,0.8478323221206665,sat_000041,14.65345365233856,8,,,,PROVISIONAL_ABSOLUTE_LOCK,PROVISIONAL,minimum_confident_v2,minimum_confident_v2_state_timeline,0.0,30.0
49,50,50,50,49.0,outputs/demo_runs/blind_recorded_flight_final_001/frames/blind_query_1fps/blind_frame_00049_srcframe_001469.jpg,149.2642555956763,841.2144398210567,581301.3186604773,6068425.591079123,54.74557771860205,25.26276032303175,True,False,17.174093034052294,False,,sat_000341,0.8555320501327515,sat_000152,15.974093034052292,9,,,,PROVISIONAL_ABSOLUTE_LOCK,PROVISIONAL,minimum_confident_v2,minimum_confident_v2_state_timeline,0.0,30.0
50,51,51,51,50.0,outputs/demo_runs/blind_recorded_flight_final_001/frames/blind_query_1fps/blind_frame_00050_srcframe_001499.jpg,173.8662556581982,842.0405865042312,581325.9206605399,6068426.417225806,54.74558116117271,25.2631425655036,True,False,16.178099962455093,False,,sat_000187,0.8655062913894653,sat_000187,14.178099962455091,7,,,,PROVISIONAL_ABSOLUTE_LOCK,PROVISIONAL,minimum_confident_v2,minimum_confident_v2_state_timeline,0.0,30.0
51,52,52,52,51.0,outputs/demo_runs/blind_recorded_flight_final_001/frames/blind_query_1fps/blind_frame_00051_srcframe_001528.jpg,197.7507221680713,842.8041088067657,581349.8051270497,6068427.180748109,54.745584156084206,25.263513648890434,True,False,15.03045291031008,False,,sat_000049,0.8875848054885864,sat_000444,14.13045291031008,7,,,,PROVISIONAL_ABSOLUTE_LOCK,PROVISIONAL,minimum_confident_v2,minimum_confident_v2_state_timeline,0.0,30.0
52,53,53,53,52.0,outputs/demo_runs/blind_recorded_flight_final_001/frames/blind_query_1fps/blind_frame_00052_srcframe_001558.jpg,222.5140103695688,843.4157081620114,581374.5684152512,6068427.792347464,54.7455856429382,25.263898335856865,True,False,15.146974643556211,False,,sat_000049,0.9062224626541138,sat_000188,13.546974643556212,7,,,,PROVISIONAL_ABSOLUTE_LOCK,PROVISIONAL,minimum_confident_v2,minimum_confident_v2_state_timeline,0.0,30.0
53,54,54,54,53.0,outputs/demo_runs/blind_recorded_flight_final_001/frames/blind_query_1fps/blind_frame_00053_srcframe_001588.jpg,244.0130851625019,844.140295600202,581396.0674900442,6068428.516934902,54.745588671946436,25.2642323688643,True,False,15.966571470635834,False,,sat_000049,0.9121221899986268,sat_000031,14.166571470635834,7,,,,PROVISIONAL_ABSOLUTE_LOCK,PROVISIONAL,minimum_confident_v2,minimum_confident_v2_state_timeline,0.0,30.0
54,55,55,55,54.0,outputs/demo_runs/blind_recorded_flight_final_001/frames/blind_query_1fps/blind_frame_00054_srcframe_001618.jpg,258.67510789522504,844.5472087126611,581410.729512777,6068428.923848014,54.74558995345822,25.264460149598083,True,False,17.42121280808355,False,,sat_000049,0.9102004766464232,sat_000279,15.921212808083547,8,,,,PROVISIONAL_ABSOLUTE_LOCK,PROVISIONAL,minimum_confident_v2,minimum_confident_v2_state_timeline,0.0,30.0
55,56,56,56,55.0,outputs/demo_runs/blind_recorded_flight_final_001/frames/blind_query_1fps/blind_frame_00055_srcframe_001648.jpg,274.97172317414254,845.0942577310217,581427.0261280558,6068429.470897033,54.74559222864954,25.26471335095811,True,False,16.452920753676626,False,,sat_000050,0.9187881350517272,sat_000279,14.752920753676625,9,,,,PROVISIONAL_ABSOLUTE_LOCK,PROVISIONAL,minimum_confident_v2,minimum_confident_v2_state_timeline,0.0,30.0
56,57,57,57,56.0,outputs/demo_runs/blind_recorded_flight_final_001/frames/blind_query_1fps/blind_frame_00056_srcframe_001678.jpg,293.61836087050455,845.7532626255481,581445.6727657522,6068430.129901928,54.74559512834076,25.265003074022918,True,False,15.811923950543962,False,,sat_000241,0.9300079345703124,sat_000241,13.811923950543962,7,,,,PROVISIONAL_ABSOLUTE_LOCK,PROVISIONAL,minimum_confident_v2,minimum_confident_v2_state_timeline,0.0,30.0
57,58,58,58,57.0,outputs/demo_runs/blind_recorded_flight_final_001/frames/blind_query_1fps/blind_frame_00057_srcframe_001708.jpg,312.5836022534544,846.5066300583221,581464.6380071351,6068430.88326936,54.74559882336117,25.265297770713694,True,False,15.939469915507203,False,,sat_000241,0.9385501146316528,sat_000088,14.739469915507204,8,,,,PROVISIONAL_ABSOLUTE_LOCK,PROVISIONAL,minimum_confident_v2,minimum_confident_v2_state_timeline,0.0,30.0
58,59,59,59,58.0,outputs/demo_runs/blind_recorded_flight_final_001/frames/blind_query_1fps/blind_frame_00058_srcframe_001738.jpg,327.18311660763067,846.8388266872565,581479.2375214893,6068431.215465989,54.74559944183659,25.265524559969357,True,False,17.566789535439455,False,,sat_000241,0.9417879581451416,sat_000050,15.766789535439454,9,,,,PROVISIONAL_ABSOLUTE_LOCK,PROVISIONAL,minimum_confident_v2,minimum_confident_v2_state_timeline,0.0,30.0
59,60,60,60,59.0,outputs/demo_runs/blind_recorded_flight_final_001/frames/blind_query_1fps/blind_frame_00059_srcframe_001768.jpg,343.66373018015975,847.4420140752633,581495.7181350618,6068431.818653377,54.7456021892628,25.265780634203463,True,False,19.96539882027007,False,,sat_000241,0.9374439716339112,sat_000185,18.46539882027007,11,,,,PROVISIONAL_ABSOLUTE_LOCK,PROVISIONAL,minimum_confident_v2,minimum_confident_v2_state_timeline,0.0,30.0
60,61,61,61,60.0,outputs/demo_runs/blind_recorded_flight_final_001/frames/blind_query_1fps/blind_frame_00060_srcframe_001798.jpg,359.5020777541456,848.1664183137572,581511.5564826358,6068432.543057616,54.74560612913419,25.266026769548194,True,False,16.770421985801892,False,,sat_000241,0.9381003379821776,sat_000222,15.370421985801894,8,,,,PROVISIONAL_ABSOLUTE_LOCK,PROVISIONAL,minimum_confident_v2,minimum_confident_v2_state_timeline,0.0,30.0
61,62,62,62,61.0,outputs/demo_runs/blind_recorded_flight_final_001/frames/blind_query_1fps/blind_frame_00061_srcframe_001828.jpg,367.4130867878862,848.3625706147016,581519.4674916696,6068432.739209916,54.745606608612675,25.26614966392049,True,False,15.617378594957524,False,,sat_000241,0.9364033937454224,sat_000241,13.617378594957524,6,,,,PROVISIONAL_ABSOLUTE_LOCK,PROVISIONAL,minimum_confident_v2,minimum_confident_v2_state_timeline,0.0,30.0
62,63,63,63,62.0,outputs/demo_runs/blind_recorded_flight_final_001/frames/blind_query_1fps/blind_frame_00062_srcframe_001858.jpg,374.3774699202109,848.9579310102724,581526.4318748019,6068433.334570312,54.74561082746264,25.266257971303947,True,False,14.887396564502271,False,,sat_000241,0.930702030658722,sat_000241,12.887396564502271,6,,,,PROVISIONAL_ABSOLUTE_LOCK,PROVISIONAL,minimum_confident_v2,minimum_confident_v2_state_timeline,0.0,30.0
63,64,64,64,63.0,outputs/demo_runs/blind_recorded_flight_final_001/frames/blind_query_1fps/blind_frame_00063_srcframe_001888.jpg,385.20224327335546,849.8941375492104,581537.256648155,6068434.270776851,54.74561748197815,25.26642631705675,True,False,16.0541392515034,False,,sat_000241,0.9185366034507751,sat_000298,14.1541392515034,7,,,,PROVISIONAL_ABSOLUTE_LOCK,PROVISIONAL,minimum_confident_v2,minimum_confident_v2_state_timeline,0.0,30.0
64,65,65,65,64.0,outputs/demo_runs/blind_recorded_flight_final_001/frames/blind_query_1fps/blind_frame_00064_srcframe_001918.jpg,390.5366353256608,849.0857997765318,581542.5910402073,6068433.462439079,54.745609355774675,25.266508921053394,True,False,16.744233023181703,False,,sat_000241,0.9192196130752563,sat_000298,14.844233023181705,8,,,,PROVISIONAL_ABSOLUTE_LOCK,PROVISIONAL,minimum_confident_v2,minimum_confident_v2_state_timeline,0.0,30.0
65,66,66,66,65.0,outputs/demo_runs/blind_recorded_flight_final_001/frames/blind_query_1fps/blind_frame_00065_srcframe_001948.jpg,399.1623318763887,847.5956590686832,581551.216736758,6068431.972298371,54.74559457120828,25.266642440082816,True,False,15.981570309113122,False,,sat_000089,0.9309009313583374,sat_000298,14.381570309113124,7,,,,PROVISIONAL_ABSOLUTE_LOCK,PROVISIONAL,minimum_confident_v2,minimum_confident_v2_state_timeline,0.0,30.0
66,67,67,67,66.0,outputs/demo_runs/blind_recorded_flight_final_001/frames/blind_query_1fps/blind_frame_00066_srcframe_001978.jpg,404.69877892817294,848.0346451268869,581556.7531838098,6068432.411284429,54.74559761655159,25.26672853114811,True,False,17.15926718927399,False,,sat_000089,0.929639458656311,sat_000298,15.65926718927399,8,,,,PROVISIONAL_ABSOLUTE_LOCK,PROVISIONAL,minimum_confident_v2,minimum_confident_v2_state_timeline,0.0,30.0
67,68,68,68,67.0,outputs/demo_runs/blind_recorded_flight_final_001/frames/blind_query_1fps/blind_frame_00067_srcframe_002008.jpg,406.0478220008798,848.2627560276173,581558.1022268826,6068432.639395329,54.74559944681031,25.266749542569528,True,False,16.261785057969448,False,,sat_000089,0.9303666949272156,sat_000089,14.261785057969448,7,,,,PROVISIONAL_ABSOLUTE_LOCK,PROVISIONAL,minimum_confident_v2,minimum_confident_v2_state_timeline,0.0,30.0
68,69,69,69,68.0,outputs/demo_runs/blind_recorded_flight_final_001/frames/blind_query_1fps/blind_frame_00068_srcframe_002038.jpg,413.5679455996419,848.2462818637777,581565.6223504813,6068432.622921166,54.74559807898317,25.266866307765603,True,False,15.8524706741116,False,,sat_000365,0.9193346500396729,sat_000108,14.1524706741116,7,,,,PROVISIONAL_ABSOLUTE_LOCK,PROVISIONAL,minimum_confident_v2,minimum_confident_v2_state_timeline,0.0,30.0
69,70,70,70,69.0,outputs/demo_runs/blind_recorded_flight_final_001/frames/blind_query_1fps/blind_frame_00069_srcframe_002068.jpg,415.5000692378726,848.2312561329175,581567.5544741196,6068432.607895435,54.7455976305811,25.26689630488211,True,False,15.351615421650372,False,,sat_000365,0.9223061203956604,sat_000261,13.451615421650372,6,,,,PROVISIONAL_ABSOLUTE_LOCK,PROVISIONAL,minimum_confident_v2,minimum_confident_v2_state_timeline,0.0,30.0
70,71,71,71,70.0,outputs/demo_runs/blind_recorded_flight_final_001/frames/blind_query_1fps/blind_frame_00070_srcframe_002098.jpg,415.3808445532267,848.0313274473185,581567.4352494349,6068432.407966749,54.74559585400162,25.26689439754043,True,False,16.318289642713676,False,,sat_000365,0.9217230081558228,sat_000261,14.418289642713678,7,,,,PROVISIONAL_ABSOLUTE_LOCK,PROVISIONAL,minimum_confident_v2,minimum_confident_v2_state_timeline,0.0,30.0
71,72,72,72,71.0,outputs/demo_runs/blind_recorded_flight_final_001/frames/blind_query_1fps/blind_frame_00071_srcframe_002128.jpg,415.9396492980081,848.0415055248938,581567.9940541796,6068432.418144827,54.74559585477882,25.266903077315735,True,False,14.927644824768713,False,,sat_000365,0.91349196434021,sat_000108,13.827644824768711,7,,,,PROVISIONAL_ABSOLUTE_LOCK,PROVISIONAL,minimum_confident_v2,minimum_confident_v2_state_timeline,0.0,30.0
72,73,73,73,72.0,outputs/demo_runs/blind_recorded_flight_final_001/frames/blind_query_1fps/blind_frame_00072_srcframe_002158.jpg,422.8245985633994,845.2534000625877,581574.879003445,6068429.630039364,54.74556969283154,25.267009202454826,True,False,15.195746735501787,False,,sat_000365,0.9109176397323608,sat_000347,13.695746735501787,7,,,,PROVISIONAL_ABSOLUTE_LOCK,PROVISIONAL,minimum_confident_v2,minimum_confident_v2_state_timeline,0.0,30.0
73,74,74,74,73.0,outputs/demo_runs/blind_recorded_flight_final_001/frames/blind_query_1fps/blind_frame_00073_srcframe_002188.jpg,434.25829439747736,840.4636121732071,581586.3126992792,6068424.840251475,54.74552481201835,25.267185397244482,True,False,15.654972253194074,False,,sat_000365,0.915984034538269,sat_000298,14.254972253194074,7,,,,PROVISIONAL_ABSOLUTE_LOCK,PROVISIONAL,minimum_confident_v2,minimum_confident_v2_state_timeline,0.0,30.0
74,75,75,75,74.0,outputs/demo_runs/blind_recorded_flight_final_001/frames/blind_query_1fps/blind_frame_00074_srcframe_002218.jpg,442.28361616290505,836.6841663223361,581594.3380210446,6068421.060805624,54.74548955975792,25.267308951188554,True,False,14.76060799812702,False,,sat_000365,0.9123821258544922,sat_000127,14.160607998127022,8,,,,PROVISIONAL_ABSOLUTE_LOCK,PROVISIONAL,minimum_confident_v2,minimum_confident_v2_state_timeline,0.0,30.0
75,76,76,76,75.0,outputs/demo_runs/blind_recorded_flight_final_001/frames/blind_query_1fps/blind_frame_00075_srcframe_002248.jpg,447.7350910553862,833.3512455159904,581599.7894959371,6068417.727884818,54.745458736122494,25.267392664546524,True,False,14.900179072329736,False,,sat_000365,0.9096754193305968,sat_000434,13.100179072329734,6,,,,PROVISIONAL_ABSOLUTE_LOCK,PROVISIONAL,minimum_confident_v2,minimum_confident_v2_state_timeline,0.0,30.0
76,77,77,77,76.0,outputs/demo_runs/blind_recorded_flight_final_001/frames/blind_query_1fps/blind_frame_00076_srcframe_002278.jpg,454.319630850466,827.5369809376085,581606.3740357321,6068411.913620239,54.74540543911531,25.267493275396586,True,False,16.05301827226362,False,,sat_000365,0.903007984161377,sat_000261,14.653018272263624,8,,,,PROVISIONAL_ABSOLUTE_LOCK,PROVISIONAL,minimum_confident_v2,minimum_confident_v2_state_timeline,0.0,30.0
77,78,78,78,77.0,outputs/demo_runs/blind_recorded_flight_final_001/frames/blind_query_1fps/blind_frame_00077_srcframe_002308.jpg,461.2033395344691,823.3664347899416,581613.2577444161,6068407.743074092,54.74536685866516,25.267598992517556,True,False,14.382037820731924,False,,sat_000365,0.9016403555870056,sat_000261,12.882037820731924,6,,,,PROVISIONAL_ABSOLUTE_LOCK,PROVISIONAL,minimum_confident_v2,minimum_confident_v2_state_timeline,0.0,30.0
78,79,79,79,78.0,outputs/demo_runs/blind_recorded_flight_final_001/frames/blind_query_1fps/blind_frame_00078_srcframe_002338.jpg,462.7191835849899,822.2637576097796,581614.7735884667,6068406.640396912,54.74535670749306,25.26762222048231,True,False,16.929378921237046,False,,sat_000365,0.9051051139831544,sat_000321,15.929378921237047,8,,,,PROVISIONAL_ABSOLUTE_LOCK,PROVISIONAL,minimum_confident_v2,minimum_confident_v2_state_timeline,0.0,30.0
79,80,80,80,79.0,outputs/demo_runs/blind_recorded_flight_final_001/frames/blind_query_1fps/blind_frame_00079_srcframe_002368.jpg,463.31208360650936,822.3059140245947,581615.3664884882,6068406.682553327,54.74535698993932,25.26763143859408,True,False,17.371755785838296,False,,sat_000365,0.8947590589523315,sat_000365,15.371755785838296,8,,,,PROVISIONAL_ABSOLUTE_LOCK,PROVISIONAL,minimum_confident_v2,minimum_confident_v2_state_timeline,0.0,30.0
80,81,81,81,80.0,outputs/demo_runs/blind_recorded_flight_final_001/frames/blind_query_1fps/blind_frame_00080_srcframe_002398.jpg,465.3660727543274,820.8211828268347,581617.420477636,6068405.197822128,54.74534331949424,25.26766291541894,True,False,14.292251710320835,False,,sat_000090,0.8964534997940063,sat_000166,13.392251710320837,7,,,,PROVISIONAL_ABSOLUTE_LOCK,PROVISIONAL,minimum_confident_v2,minimum_confident_v2_state_timeline,0.0,30.0
81,82,82,82,81.0,outputs/demo_runs/blind_recorded_flight_final_001/frames/blind_query_1fps/blind_frame_00081_srcframe_002428.jpg,471.0624960482088,815.7744189931486,581623.1169009298,6068400.151058295,54.74529706074158,25.26774995074039,True,False,19.181110821372663,False,,sat_000262,0.9017051458358764,sat_000453,17.681110821372666,10,,,,PROVISIONAL_ABSOLUTE_LOCK,PROVISIONAL,minimum_confident_v2,minimum_confident_v2_state_timeline,0.0,30.0
82,83,83,83,82.0,outputs/demo_runs/blind_recorded_flight_final_001/frames/blind_query_1fps/blind_frame_00082_srcframe_002458.jpg,471.8606175523293,815.1151766562577,581623.915022434,6068399.491815958,54.74529100933812,25.267762158605326,True,False,17.68237789306692,False,,sat_000090,0.9018275737762452,sat_000415,16.38237789306692,9,,,,PROVISIONAL_ABSOLUTE_LOCK,PROVISIONAL,minimum_confident_v2,minimum_confident_v2_state_timeline,0.0,30.0
83,84,84,84,83.0,outputs/demo_runs/blind_recorded_flight_final_001/frames/blind_query_1fps/blind_frame_00083_srcframe_002488.jpg,469.6135244466512,812.6776158269033,581621.6679293283,6068397.054255129,54.74526947798175,25.267726582845373,True,False,19.250547114398326,False,,sat_000262,0.9026517868041992,sat_000261,17.750547114398326,10,,,,PROVISIONAL_ABSOLUTE_LOCK,PROVISIONAL,minimum_confident_v2,minimum_confident_v2_state_timeline,0.0,30.0
84,85,85,85,84.0,outputs/demo_runs/blind_recorded_flight_final_001/frames/blind_query_1fps/blind_frame_00084_srcframe_002517.jpg,465.1160669946153,807.8964271838043,581617.1704718763,6068392.273066485,54.74522725954957,25.26765540700032,True,False,17.51562685287042,False,,sat_000262,0.9020171165466307,sat_000434,16.51562685287042,9,,,,PROVISIONAL_ABSOLUTE_LOCK,PROVISIONAL,minimum_confident_v2,minimum_confident_v2_state_timeline,0.0,30.0
85,86,86,86,85.0,outputs/demo_runs/blind_recorded_flight_final_001/frames/blind_query_1fps/blind_frame_00085_srcframe_002547.jpg,458.3199406824298,801.4906442253446,581610.374345564,6068385.867283527,54.74517082075358,25.26754808297202,True,False,18.044869298491527,False,,sat_000365,0.9033946990966796,sat_000315,16.944869298491525,9,,,,PROVISIONAL_ABSOLUTE_LOCK,PROVISIONAL,minimum_confident_v2,minimum_confident_v2_state_timeline,0.0,30.0
86,87,87,87,86.0,outputs/demo_runs/blind_recorded_flight_final_001/frames/blind_query_1fps/blind_frame_00086_srcframe_002577.jpg,450.656745683105,793.8923429346775,581602.7111505647,6068378.268982236,54.74510381041911,25.267426961335108,True,False,19.34221565848916,False,,sat_000365,0.9002977609634399,sat_000262,17.54221565848916,10,,,,PROVISIONAL_ABSOLUTE_LOCK,PROVISIONAL,minimum_confident_v2,minimum_confident_v2_state_timeline,0.0,30.0
87,88,88,88,87.0,outputs/demo_runs/blind_recorded_flight_final_001/frames/blind_query_1fps/blind_frame_00087_srcframe_002607.jpg,441.503658050104,785.4012129832203,581593.5580629318,6068369.777852285,54.74502902162325,25.26728245546295,True,False,16.86156829010403,False,,sat_000261,0.9050151705741882,sat_000261,14.861568290104032,8,,,,PROVISIONAL_ABSOLUTE_LOCK,PROVISIONAL,minimum_confident_v2,minimum_confident_v2_state_timeline,0.0,30.0
88,89,89,89,88.0,outputs/demo_runs/blind_recorded_flight_final_001/frames/blind_query_1fps/blind_frame_00088_srcframe_002637.jpg,435.7069655130953,773.6448525968005,581587.7613703947,6068358.021491898,54.744924357133655,25.26718915038924,True,False,18.451268984048856,False,,sat_000315,0.908068299293518,sat_000223,17.951268984048856,11,,,,PROVISIONAL_ABSOLUTE_LOCK,PROVISIONAL,minimum_confident_v2,minimum_confident_v2_state_timeline,0.0,30.0
89,90,90,90,89.0,outputs/demo_runs/blind_recorded_flight_final_001/frames/blind_query_1fps/blind_frame_00089_srcframe_002667.jpg,436.4031947007728,758.934064058444,581588.4575995824,6068343.3107033605,54.744792100025734,25.26719583499799,True,False,18.87537587386986,False,,sat_000315,0.9060403108596802,sat_000261,17.27537587386986,10,,,,PROVISIONAL_ABSOLUTE_LOCK,PROVISIONAL,minimum_confident_v2,minimum_confident_v2_state_timeline,0.0,30.0
90,91,91,91,90.0,outputs/demo_runs/blind_recorded_flight_final_001/frames/blind_query_1fps/blind_frame_00090_srcframe_002697.jpg,442.5831181686722,745.7624104643564,581594.6375230503,6068330.139049767,54.74467277885375,25.267288098163935,True,False,16.83846661182954,False,,sat_000315,0.9005076885223389,sat_000261,15.33846661182954,8,,,,PROVISIONAL_ABSOLUTE_LOCK,PROVISIONAL,minimum_confident_v2,minimum_confident_v2_state_timeline,0.0,30.0
91,92,92,92,91.0,outputs/demo_runs/blind_recorded_flight_final_001/frames/blind_query_1fps/blind_frame_00091_srcframe_002727.jpg,445.7765053154266,739.520127384122,581597.8309101971,6068323.896766686,54.7446161874442,25.267335931824046,True,False,17.428074400365613,False,,sat_000315,0.9009423851966858,sat_000261,15.528074400365613,8,,,,PROVISIONAL_ABSOLUTE_LOCK,PROVISIONAL,minimum_confident_v2,minimum_confident_v2_state_timeline,0.0,30.0
92,93,93,93,92.0,outputs/demo_runs/blind_recorded_flight_final_001/frames/blind_query_1fps/blind_frame_00092_srcframe_002757.jpg,454.0399605925184,729.729754516462,581606.0943654742,6068314.106393819,54.74452690141321,25.267461494192027,True,False,16.13334690140481,False,,sat_000261,0.8836038112640381,sat_000261,14.13334690140481,7,,,,PROVISIONAL_ABSOLUTE_LOCK,PROVISIONAL,minimum_confident_v2,minimum_confident_v2_state_timeline,0.0,30.0
93,94,94,94,93.0,outputs/demo_runs/blind_recorded_flight_final_001/frames/blind_query_1fps/blind_frame_00093_srcframe_002787.jpg,459.6515359400867,720.4399867907503,581611.7059408218,6068304.816626092,54.74444254250585,25.267546020189847,True,False,15.290761334823932,False,,sat_000261,0.8838469982147217,sat_000262,13.390761334823932,6,,,,PROVISIONAL_ABSOLUTE_LOCK,PROVISIONAL,minimum_confident_v2,minimum_confident_v2_state_timeline,0.0,30.0
94,95,95,95,94.0,outputs/demo_runs/blind_recorded_flight_final_001/frames/blind_query_1fps/blind_frame_00094_srcframe_002817.jpg,468.35094439751697,707.1261704044033,581620.4053492792,6068291.502809706,54.74432153509507,25.267677362084108,True,False,16.237655716266925,False,,sat_000262,0.884774386882782,sat_000261,14.437655716266926,7,,,,PROVISIONAL_ABSOLUTE_LOCK,PROVISIONAL,minimum_confident_v2,minimum_confident_v2_state_timeline,0.0,30.0
95,96,96,96,95.0,outputs/demo_runs/blind_recorded_flight_final_001/frames/blind_query_1fps/blind_frame_00095_srcframe_002847.jpg,478.5118278584944,691.6443572138552,581630.5662327402,6068276.020996516,54.74418081560283,25.267830787316168,True,False,17.179662550554944,False,,sat_000262,0.8811752200126648,sat_000298,15.279662550554946,8,,,,PROVISIONAL_ABSOLUTE_LOCK,PROVISIONAL,minimum_confident_v2,minimum_confident_v2_state_timeline,0.0,30.0
96,97,97,97,96.0,outputs/demo_runs/blind_recorded_flight_final_001/frames/blind_query_1fps/blind_frame_00096_srcframe_002877.jpg,489.2783734616628,675.1466223805594,581641.3327783433,6068259.523261682,54.744030871760344,25.267993330519747,True,False,16.031527897271562,False,,sat_000298,0.8786671757698059,sat_000334,14.131527897271562,7,,,,PROVISIONAL_ABSOLUTE_LOCK,PROVISIONAL,minimum_confident_v2,minimum_confident_v2_state_timeline,0.0,30.0
97,98,98,98,97.0,outputs/demo_runs/blind_recorded_flight_final_001/frames/blind_query_1fps/blind_frame_00097_srcframe_002907.jpg,496.90689013386464,664.047139281941,581648.9612950155,6068248.423778584,54.743929928675975,25.26810866352165,True,False,15.522706041589233,False,,sat_000365,0.8832852244377136,sat_000298,13.622706041589232,7,,,,PROVISIONAL_ABSOLUTE_LOCK,PROVISIONAL,minimum_confident_v2,minimum_confident_v2_state_timeline,0.0,30.0
98,99,99,99,98.0,outputs/demo_runs/blind_recorded_flight_final_001/frames/blind_query_1fps/blind_frame_00098_srcframe_002937.jpg,507.40251021585743,660.4790539768752,581659.4569150975,6068244.855693279,54.743896172948865,25.26827062743023,True,False,15.82383415169362,False,,sat_000365,0.887217104434967,sat_000383,14.32383415169362,8,,,,PROVISIONAL_ABSOLUTE_LOCK,PROVISIONAL,minimum_confident_v2,minimum_confident_v2_state_timeline,0.0,30.0
99,100,100,100,99.0,outputs/demo_runs/blind_recorded_flight_final_001/frames/blind_query_1fps/blind_frame_00099_srcframe_002967.jpg,521.2689793283872,661.160578436153,581673.32338421,6068245.537217738,54.74390004291999,25.26848612322111,True,False,15.0868532064034,False,,sat_000365,0.877712607383728,sat_000331,13.8868532064034,7,,,,PROVISIONAL_ABSOLUTE_LOCK,PROVISIONAL,minimum_confident_v2,minimum_confident_v2_state_timeline,0.0,30.0
100,101,101,101,100.0,outputs/demo_runs/blind_recorded_flight_final_001/frames/blind_query_1fps/blind_frame_00100_srcframe_002997.jpg,537.2039499566522,665.1195605572793,581689.2583548384,6068249.496199859,54.743933017225295,25.26873465696863,True,False,15.13332114271598,False,,sat_000365,0.8841090202331543,sat_000319,13.23332114271598,6,,,,PROVISIONAL_ABSOLUTE_LOCK,PROVISIONAL,minimum_confident_v2,minimum_confident_v2_state_timeline,0.0,30.0
101,102,102,102,101.0,outputs/demo_runs/blind_recorded_flight_final_001/frames/blind_query_1fps/blind_frame_00101_srcframe_003027.jpg,554.6656491153147,671.3682462417188,581706.720053997,6068255.744885543,54.74398631089327,25.26900753973927,True,False,15.08542502547714,False,,sat_000319,0.8776353597640991,sat_000263,13.28542502547714,7,,,,PROVISIONAL_ABSOLUTE_LOCK,PROVISIONAL,minimum_confident_v2,minimum_confident_v2_state_timeline,0.0,30.0
102,103,103,103,102.0,outputs/demo_runs/blind_recorded_flight_final_001/frames/blind_query_1fps/blind_frame_00102_srcframe_003057.jpg,573.324811123121,679.0047796532382,581725.3792160047,6068263.381418956,54.74405187608163,25.269299406155326,True,False,17.846037695994735,False,,sat_000319,0.8772479295730591,sat_000321,16.046037695994734,9,,,,PROVISIONAL_ABSOLUTE_LOCK,PROVISIONAL,minimum_confident_v2,minimum_confident_v2_state_timeline,0.0,30.0
103,104,104,104,103.0,outputs/demo_runs/blind_recorded_flight_final_001/frames/blind_query_1fps/blind_frame_00103_srcframe_003087.jpg,593.1144880085852,687.6511727041717,581745.1688928902,6068272.027812006,54.7441263281441,25.269609110851604,True,False,14.825560980659793,False,,sat_000217,0.8632489442825317,sat_000263,13.025560980659792,7,,,,PROVISIONAL_ABSOLUTE_LOCK,PROVISIONAL,minimum_confident_v2,minimum_confident_v2_state_timeline,0.0,30.0
104,105,105,105,104.0,outputs/demo_runs/blind_recorded_flight_final_001/frames/blind_query_1fps/blind_frame_00104_srcframe_003117.jpg,610.3691912574691,695.4359399470516,581762.4235961392,6068279.812579249,54.74419345179519,25.269879213733756,True,False,16.237533145220866,False,,sat_000370,0.8692843317985535,sat_000370,14.237533145220864,7,,,,PROVISIONAL_ABSOLUTE_LOCK,PROVISIONAL,minimum_confident_v2,minimum_confident_v2_state_timeline,0.0,30.0
105,106,106,106,105.0,outputs/demo_runs/blind_recorded_flight_final_001/frames/blind_query_1fps/blind_frame_00105_srcframe_003147.jpg,620.0276388340923,699.7604734981111,581772.0820437158,6068284.1371128,54.74423072763152,25.27003039691405,True,False,16.413985946209916,False,,sat_000225,0.8854667544364929,sat_000466,14.613985946209915,8,,,,PROVISIONAL_ABSOLUTE_LOCK,PROVISIONAL,minimum_confident_v2,minimum_confident_v2_state_timeline,0.0,30.0
106,107,107,107,106.0,outputs/demo_runs/blind_recorded_flight_final_001/frames/blind_query_1fps/blind_frame_00106_srcframe_003177.jpg,624.8160239995015,701.4087270128399,581776.8704288811,6068285.785366314,54.744244754844004,25.270105210006268,True,False,14.252076028234336,False,,sat_000428,0.8915507793426514,sat_000447,12.952076028234336,6,,,,PROVISIONAL_ABSOLUTE_LOCK,PROVISIONAL,minimum_confident_v2,minimum_confident_v2_state_timeline,0.0,30.0
107,108,108,108,107.0,outputs/demo_runs/blind_recorded_flight_final_001/frames/blind_query_1fps/blind_frame_00107_srcframe_003207.jpg,630.7614828773088,703.065295193101,581782.815887759,6068287.441934495,54.7442586685117,25.270197991501178,True,False,17.751280906562815,False,,sat_000428,0.9090805053710938,sat_000058,16.151280906562814,9,,,,PROVISIONAL_ABSOLUTE_LOCK,PROVISIONAL,minimum_confident_v2,minimum_confident_v2_state_timeline,0.0,30.0
108,109,109,109,108.0,outputs/demo_runs/blind_recorded_flight_final_001/frames/blind_query_1fps/blind_frame_00108_srcframe_003237.jpg,636.2496888518424,705.0023417204936,581788.3040937335,6068289.378981022,54.74427517596114,25.270283752096102,True,False,16.222633759478704,False,,sat_000428,0.9062187671661376,sat_000370,14.722633759478706,7,,,,PROVISIONAL_ABSOLUTE_LOCK,PROVISIONAL,minimum_confident_v2,minimum_confident_v2_state_timeline,0.0,30.0
109,110,110,110,109.0,outputs/demo_runs/blind_recorded_flight_final_001/frames/blind_query_1fps/blind_frame_00109_srcframe_003267.jpg,637.6190128917391,705.3520083422541,581789.6734177734,6068289.728647644,54.74427809421825,25.270305112063806,True,False,16.949038895059054,False,,sat_000428,0.9071882963180542,sat_000256,15.749038895059051,8,,,,PROVISIONAL_ABSOLUTE_LOCK,PROVISIONAL,minimum_confident_v2,minimum_confident_v2_state_timeline,0.0,30.0
110,111,111,111,110.0,outputs/demo_runs/blind_recorded_flight_final_001/frames/blind_query_1fps/blind_frame_00110_srcframe_003297.jpg,642.0246283998248,705.770180673885,581794.0790332815,6068290.146819976,54.744281133956996,25.270373636159366,True,False,17.373118537118042,False,,sat_000428,0.9041343927383424,sat_000428,15.373118537118042,9,,,,PROVISIONAL_ABSOLUTE_LOCK,PROVISIONAL,minimum_confident_v2,minimum_confident_v2_state_timeline,0.0,30.0
111,112,112,112,111.0,outputs/demo_runs/blind_recorded_flight_final_001/frames/blind_query_1fps/blind_frame_00111_srcframe_003327.jpg,648.0379424549797,707.2902171152368,581800.0923473367,6068291.666856417,54.744293809943386,25.270467433030525,True,False,16.487384169190275,False,,sat_000428,0.9037222266197203,sat_000371,15.187384169190274,8,,,,PROVISIONAL_ABSOLUTE_LOCK,PROVISIONAL,minimum_confident_v2,minimum_confident_v2_state_timeline,0.0,30.0
112,113,113,113,112.0,outputs/demo_runs/blind_recorded_flight_final_001/frames/blind_query_1fps/blind_frame_00112_srcframe_003357.jpg,649.6751620715384,707.5268621857217,581801.7295669533,6068291.903501487,54.74429566933761,25.27049292088753,True,False,15.324499483432684,False,,sat_000428,0.907967448234558,sat_000217,14.624499483432684,7,,,,PROVISIONAL_ABSOLUTE_LOCK,PROVISIONAL,minimum_confident_v2,minimum_confident_v2_state_timeline,0.0,30.0
113,114,114,114,113.0,outputs/demo_runs/blind_recorded_flight_final_001/frames/blind_query_1fps/blind_frame_00113_srcframe_003387.jpg,650.3992916571682,707.5778353864761,581802.4536965388,6068291.9544746885,54.744296009417674,25.27050417887191,True,False,16.882897267092375,False,,sat_000428,0.910753071308136,sat_000293,16.382897267092375,9,,,,PROVISIONAL_ABSOLUTE_LOCK,PROVISIONAL,minimum_confident_v2,minimum_confident_v2_state_timeline,0.0,30.0
114,115,115,115,114.0,outputs/demo_runs/blind_recorded_flight_final_001/frames/blind_query_1fps/blind_frame_00114_srcframe_003417.jpg,650.6505907624165,707.704628477466,581802.704995644,6068292.08126778,54.74429710749219,25.27050811647903,True,False,14.916861899787468,False,,sat_000428,0.9092338681221008,sat_000225,13.516861899787468,6,,,,PROVISIONAL_ABSOLUTE_LOCK,PROVISIONAL,minimum_confident_v2,minimum_confident_v2_state_timeline,0.0,30.0
115,116,116,116,115.0,outputs/demo_runs/blind_recorded_flight_final_001/frames/blind_query_1fps/blind_frame_00115_srcframe_003447.jpg,650.7822521402048,707.9210422080884,581802.8366570219,6068292.2976815095,54.74429903007323,25.27051022165782,True,False,15.592617825555717,False,,sat_000428,0.909703254699707,sat_000286,14.492617825555715,8,,,,PROVISIONAL_ABSOLUTE_LOCK,PROVISIONAL,minimum_confident_v2,minimum_confident_v2_state_timeline,0.0,30.0
116,117,117,117,116.0,outputs/demo_runs/blind_recorded_flight_final_001/frames/blind_query_1fps/blind_frame_00116_srcframe_003477.jpg,651.0690236306101,708.0398246807829,581803.1234285122,6068292.416463982,54.74430005041908,25.270514707797002,True,False,15.186184608875491,False,,sat_000428,0.9097980260849,sat_000428,13.186184608875491,7,,,,PROVISIONAL_ABSOLUTE_LOCK,PROVISIONAL,minimum_confident_v2,minimum_confident_v2_state_timeline,0.0,30.0
117,118,118,118,117.0,outputs/demo_runs/blind_recorded_flight_final_001/frames/blind_query_1fps/blind_frame_00117_srcframe_003506.jpg,651.2122151280644,708.2450640263917,581803.2666200098,6068292.621703329,54.74430187074706,25.270516988863616,True,False,15.577256980880223,False,,sat_000428,0.9100936055183412,sat_000447,13.777256980880225,7,,,,PROVISIONAL_ABSOLUTE_LOCK,PROVISIONAL,minimum_confident_v2,minimum_confident_v2_state_timeline,0.0,30.0
118,119,119,119,118.0,outputs/demo_runs/blind_recorded_flight_final_001/frames/blind_query_1fps/blind_frame_00118_srcframe_003536.jpg,651.4495007697457,708.4366341783634,581803.5039056514,6068292.81327348,54.7443035529799,25.27052072709842,True,False,15.255643053900188,False,,sat_000428,0.9077761173248292,sat_000371,13.655643053900189,7,,,,PROVISIONAL_ABSOLUTE_LOCK,PROVISIONAL,minimum_confident_v2,minimum_confident_v2_state_timeline,0.0,30.0
119,120,120,120,119.0,outputs/demo_runs/blind_recorded_flight_final_001/frames/blind_query_1fps/blind_frame_00119_srcframe_003566.jpg,651.9579540692968,708.7908324507371,581804.0123589509,6068293.1674717525,54.744306651952854,25.270528721520712,True,False,14.58753228931391,False,,sat_000428,0.9046857357025146,sat_000225,13.687532289313909,6,,,,PROVISIONAL_ABSOLUTE_LOCK,PROVISIONAL,minimum_confident_v2,minimum_confident_v2_state_timeline,0.0,30.0
120,121,121,121,120.0,outputs/demo_runs/blind_recorded_flight_final_001/frames/blind_query_1fps/blind_frame_00120_srcframe_003596.jpg,652.2544342288654,708.9441679618468,581804.3088391105,6068293.320807264,54.744307981101386,25.270533368125534,True,False,15.985176302270627,False,,sat_000428,0.9043631553649902,sat_000428,13.985176302270627,8,,,,PROVISIONAL_ABSOLUTE_LOCK,PROVISIONAL,minimum_confident_v2,minimum_confident_v2_state_timeline,0.0,30.0
121,122,122,122,121.0,outputs/demo_runs/blind_recorded_flight_final_001/frames/blind_query_1fps/blind_frame_00121_srcframe_003626.jpg,652.3021654635943,709.0760331452411,581804.3565703452,6068293.452672447,54.74430915785399,25.270534146336107,True,False,15.865552960294304,False,,sat_000428,0.9034181833267212,sat_000293,14.265552960294304,7,,,,PROVISIONAL_ABSOLUTE_LOCK,PROVISIONAL,minimum_confident_v2,minimum_confident_v2_state_timeline,0.0,30.0
122,123,123,123,122.0,outputs/demo_runs/blind_recorded_flight_final_001/frames/blind_query_1fps/blind_frame_00122_srcframe_003656.jpg,652.2150695954188,709.1575106187665,581804.269474477,6068293.534149921,54.744309903918506,25.270532816899305,True,False,15.6653848745306,False,,sat_000428,0.9016768932342528,sat_000428,13.6653848745306,7,,,,PROVISIONAL_ABSOLUTE_LOCK,PROVISIONAL,minimum_confident_v2,minimum_confident_v2_state_timeline,0.0,30.0
