policy,base_gate,support_source,residual_threshold_m,minimum_support,accepted,true_accepts_eval_only,false_accepts_eval_only,dangerous_false_accepts_gt100m_eval_only,precision_eval_only,median_accepted_error_m_eval_only,first_accepted_frame,last_accepted_frame,inter_event_gap_median,inter_event_gap_p95,inter_event_gap_max,coverage_gap_including_boundaries_max_m
balanced_accept_online_base,balanced_accept_online,none,,0,33,25,8,0,0.7575757575757576,30.989288717602594,0,1005,60.396282700639404,1015.7197036712836,3016.2109948242523,3016.2109948242523
balanced_accept_online_any_previous_query_r20_support1,balanced_accept_online,any_previous_query,20.0,1,16,13,3,0,0.8125,30.198645901241868,0,760,110.16483283288562,2203.7144496849414,3028.0707413285054,3037.479090956187
balanced_accept_online_any_previous_query_r20_support2,balanced_accept_online,any_previous_query,20.0,2,8,8,0,0,1.0,25.587655271045644,0,515,18.065551800320918,2985.200950257669,3433.8124677201367,5298.329012281361
balanced_accept_online_previous_permissive_query_r20_support1,balanced_accept_online,previous_permissive_query,20.0,1,14,11,3,0,0.7857142857142857,30.198645901241868,0,760,110.16483283288562,2520.96809883898,3076.3926143590206,3076.3926143590206
balanced_accept_online_previous_permissive_query_r20_support2,balanced_accept_online,previous_permissive_query,20.0,2,8,8,0,0,1.0,25.587655271045644,0,515,18.065551800320918,2985.200950257669,3433.8124677201367,5298.329012281361
balanced_accept_online_any_previous_query_r40_support1,balanced_accept_online,any_previous_query,40.0,1,19,16,3,0,0.8421052631578947,29.408003084881145,0,845,79.24335293170043,1988.083533115709,3028.0707413285054,3028.0707413285054
balanced_accept_online_any_previous_query_r40_support2,balanced_accept_online,any_previous_query,40.0,2,10,9,1,0,0.9,28.1890943687958,0,760,40.56798246782455,2750.175537145482,3076.3926143590206,3076.3926143590206
balanced_accept_online_previous_permissive_query_r40_support1,balanced_accept_online,previous_permissive_query,40.0,1,16,13,3,0,0.8125,28.1890943687958,0,760,40.56798246782455,2396.2935840735686,3076.3926143590206,3076.3926143590206
balanced_accept_online_previous_permissive_query_r40_support2,balanced_accept_online,previous_permissive_query,40.0,2,9,9,0,0,1.0,26.97018565271046,0,760,29.316767134072734,3023.2755764818994,3433.8124677201367,3433.8124677201367
balanced_accept_online_any_previous_query_r60_support1,balanced_accept_online,any_previous_query,60.0,1,24,20,4,0,0.8333333333333334,30.278827059216965,0,900,57.76399387380843,1081.4823454484933,3028.0707413285054,3028.0707413285054
balanced_accept_online_any_previous_query_r60_support2,balanced_accept_online,any_previous_query,60.0,2,15,12,3,0,0.8,29.408003084881145,0,760,114.04363508714096,2336.7238978750675,3076.3926143590206,3076.3926143590206
balanced_accept_online_previous_permissive_query_r60_support1,balanced_accept_online,previous_permissive_query,60.0,1,21,17,4,0,0.8095238095238095,29.408003084881145,0,900,86.61236933738473,1621.2641489776659,3076.3926143590206,3076.3926143590206
balanced_accept_online_previous_permissive_query_r60_support2,balanced_accept_online,previous_permissive_query,60.0,2,11,11,0,0,1.0,26.97018565271046,0,760,29.316767134072734,2760.8951915264347,3433.8124677201367,3433.8124677201367
balanced_accept_online_any_previous_query_r80_support1,balanced_accept_online,any_previous_query,80.0,1,24,20,4,0,0.8333333333333334,30.278827059216965,0,900,57.76399387380843,1081.4823454484933,3028.0707413285054,3028.0707413285054
balanced_accept_online_any_previous_query_r80_support2,balanced_accept_online,any_previous_query,80.0,2,18,15,3,0,0.8333333333333334,29.193709101679243,0,900,55.30230133337318,2166.031117148001,3076.3926143590206,3076.3926143590206
balanced_accept_online_previous_permissive_query_r80_support1,balanced_accept_online,previous_permissive_query,80.0,1,21,17,4,0,0.8095238095238095,29.408003084881145,0,900,86.61236933738473,1621.2641489776659,3076.3926143590206,3076.3926143590206
balanced_accept_online_previous_permissive_query_r80_support2,balanced_accept_online,previous_permissive_query,80.0,2,14,13,1,0,0.9285714285714286,28.1890943687958,0,760,40.56798246782455,2536.589432795201,3433.8124677201367,3433.8124677201367
balanced_accept_online_any_previous_query_r100_support1,balanced_accept_online,any_previous_query,100.0,1,27,21,6,0,0.7777777777777778,30.989288717602594,0,900,58.8523966007956,1075.6636392959406,3016.2109948242523,3016.2109948242523
balanced_accept_online_any_previous_query_r100_support2,balanced_accept_online,any_previous_query,100.0,2,21,17,4,0,0.8095238095238095,30.042106758080088,0,900,56.533147603590805,1618.84805532614,3028.0707413285054,3028.0707413285054
balanced_accept_online_previous_permissive_query_r100_support1,balanced_accept_online,previous_permissive_query,100.0,1,26,20,6,0,0.7692307692307693,31.13275772829443,0,900,57.76399387380843,1077.6032080134582,3016.2109948242523,3016.2109948242523
balanced_accept_online_previous_permissive_query_r100_support2,balanced_accept_online,previous_permissive_query,100.0,2,16,13,3,0,0.8125,30.198645901241868,0,760,54.86253149951244,1865.703194939139,3076.3926143590206,3076.3926143590206
permissive_accept_online_base,permissive_accept_online,none,,0,80,52,28,1,0.65,33.779378916387756,0,1033,59.849059278612,473.0040405418774,976.46380744112,976.46380744112
permissive_accept_online_any_previous_query_r20_support1,permissive_accept_online,any_previous_query,20.0,1,28,22,6,0,0.7857142857142857,31.562357441421725,0,990,202.7857456628716,1093.7266533354632,2471.1692568353287,2471.1692568353287
permissive_accept_online_any_previous_query_r20_support2,permissive_accept_online,any_previous_query,20.0,2,9,9,0,0,1.0,26.97018565271046,0,990,29.316767134072734,5867.189823183885,8297.08081433427,8297.08081433427
permissive_accept_online_previous_permissive_query_r20_support1,permissive_accept_online,previous_permissive_query,20.0,1,24,19,5,0,0.7916666666666666,31.562357441421725,0,990,228.0872701742819,1190.8138709884709,2519.491129865844,2519.491129865844
permissive_accept_online_previous_permissive_query_r20_support2,permissive_accept_online,previous_permissive_query,20.0,2,8,8,0,0,1.0,25.587655271045644,0,990,18.065551800320918,6389.488792887558,8297.08081433427,8297.08081433427
permissive_accept_online_any_previous_query_r40_support1,permissive_accept_online,any_previous_query,40.0,1,46,35,11,0,0.7608695652173914,30.752418038978217,0,990,82.02640530848839,819.8540451758391,2471.1692568353287,2471.1692568353287
permissive_accept_online_any_previous_query_r40_support2,permissive_accept_online,any_previous_query,40.0,2,21,18,3,0,0.8571428571428571,29.408003084881145,0,990,262.5689987292375,1711.322856635761,2519.491129865844,2519.491129865844
permissive_accept_online_previous_permissive_query_r40_support1,permissive_accept_online,previous_permissive_query,40.0,1,39,30,9,0,0.7692307692307693,29.408003084881145,0,990,89.8377804721581,1107.4757943407342,2519.491129865844,2519.491129865844
permissive_accept_online_previous_permissive_query_r40_support2,permissive_accept_online,previous_permissive_query,40.0,2,14,13,1,0,0.9285714285714286,25.587655271045644,0,990,56.18966441209068,3425.8093760139222,4745.180298719513,4745.180298719513
permissive_accept_online_any_previous_query_r60_support1,permissive_accept_online,any_previous_query,60.0,1,62,44,18,0,0.7096774193548387,32.76229740413494,0,990,59.64288494334869,864.8059870470324,1397.7268029193401,1397.7268029193401
permissive_accept_online_any_previous_query_r60_support2,permissive_accept_online,any_previous_query,60.0,2,35,25,10,0,0.7142857142857143,30.989288717602594,0,990,60.79231386097808,1029.4800961997055,2519.491129865844,2519.491129865844
permissive_accept_online_previous_permissive_query_r60_support1,permissive_accept_online,previous_permissive_query,60.0,1,49,35,14,0,0.7142857142857143,32.13542616524085,0,990,60.79231386097808,786.1400887724449,2398.1305123880534,2398.1305123880534
permissive_accept_online_previous_permissive_query_r60_support2,permissive_accept_online,previous_permissive_query,60.0,2,20,18,2,0,0.9,27.975363884115012,0,990,56.18966441209068,2755.6180465752445,4745.180298719513,4745.180298719513
permissive_accept_online_any_previous_query_r80_support1,permissive_accept_online,any_previous_query,80.0,1,65,45,20,0,0.6923076923076923,32.906823874506344,0,990,59.59026231621374,761.7076180063851,1397.7268029193401,1397.7268029193401
permissive_accept_online_any_previous_query_r80_support2,permissive_accept_online,any_previous_query,80.0,2,44,31,13,0,0.7045454545454546,31.562357441421725,0,990,59.64288494334869,1099.6815748316149,1397.7268029193401,1397.7268029193401
permissive_accept_online_previous_permissive_query_r80_support1,permissive_accept_online,previous_permissive_query,80.0,1,53,37,16,0,0.6981132075471698,32.13542616524085,0,990,59.74597211098035,714.0072797558845,2398.1305123880534,2398.1305123880534
permissive_accept_online_previous_permissive_query_r80_support2,permissive_accept_online,previous_permissive_query,80.0,2,26,20,6,0,0.7692307692307693,29.305459339357512,0,990,56.18966441209068,1835.9134960186918,3489.11476905351,3489.11476905351
permissive_accept_online_any_previous_query_r100_support1,permissive_accept_online,any_previous_query,100.0,1,68,45,23,0,0.6617647058823529,33.473320118696634,0,990,59.849059278612,504.609719785757,1397.7268029193401,1397.7268029193401
permissive_accept_online_any_previous_query_r100_support2,permissive_accept_online,any_previous_query,100.0,2,49,34,15,0,0.6938775510204082,32.13542616524085,0,990,58.60381860871348,1013.0654770745587,1397.7268029193401,1397.7268029193401
permissive_accept_online_previous_permissive_query_r100_support1,permissive_accept_online,previous_permissive_query,100.0,1,58,39,19,0,0.6724137931034483,32.76229740413494,0,990,59.64288494334869,537.069793691914,2398.1305123880534,2398.1305123880534
permissive_accept_online_previous_permissive_query_r100_support2,permissive_accept_online,previous_permissive_query,100.0,2,29,20,9,0,0.6896551724137931,30.989288717602594,0,990,58.01936184535134,1315.8400032646603,3076.3926143590206,3076.3926143590206
