available_event_count,anchor_start_event_index,anchor_end_event_index,anchor_start_frame,anchor_end_frame,anchor_start_token,anchor_end_token,visual_separation_px,map_separation_m,scale_m_per_px,rotation_deg,translation_x_m,translation_y_m,median_prefix_residual_m,p95_prefix_residual_m,max_prefix_residual_m,anchor_start_true_eval_only,anchor_end_true_eval_only,prefix_inliers_r40,prefix_inlier_rate_r40,prefix_true_inliers_r40_eval_only,prefix_inliers_r60,prefix_inlier_rate_r60,prefix_true_inliers_r60_eval_only,prefix_inliers_r80,prefix_inlier_rate_r80,prefix_true_inliers_r80_eval_only
2,0,1,0,59,1,60,2114.040634939943,627.402583058915,0.296778866351705,1.2708992682777034,28.20529212744441,-12.904388110153375,3.197442310920451e-14,6.075140390748856e-14,6.394884621840902e-14,True,False,2,1.0,1,2,1.0,1,2,1.0,1
3,1,2,59,78,60,79,733.8218497892549,220.21376207543233,0.30009158508795447,22.623659026535517,260.49492899929544,14.201805009643408,5.684341886080802e-14,210.4792367285627,233.86581858729193,False,True,2,0.6666666666666666,1,2,0.6666666666666666,1,2,0.6666666666666666,1
4,0,3,0,80,1,81,2850.9560733334915,835.9678624576387,0.2932236909143886,6.64536850256251,28.20529212744441,-12.904388110153375,1.020961667800605,50.4203645758609,58.9577365594362,True,True,3,0.75,3,4,1.0,3,4,1.0,3
5,2,4,78,99,79,100,717.9508893838474,139.89685801063297,0.19485574860237842,-356.33247098451125,-17.810835528977634,266.79318315656326,1.356917986082381,246.13510028350305,283.4576077246687,True,False,3,0.6,2,3,0.6,2,3,0.6,2
6,1,5,59,180,60,181,2826.7100277048453,845.8665990209772,0.29924066873876726,0.8337397892305738,23.1714139457786,-17.88943465057912,14.762920291085837,82.71625788744639,83.12903169459416,False,True,4,0.6666666666666666,2,4,0.6666666666666666,2,4,0.6666666666666666,2
7,2,6,78,185,79,186,3054.509080463661,830.7485290137199,0.2719744833391086,1.8139739440014782,-42.26651371270205,47.508352260376796,5.867956904313203,88.52105655761028,92.82227436045933,True,True,4,0.5714285714285714,4,5,0.7142857142857143,4,6,0.8571428571428571,4
8,2,7,78,190,79,191,3062.591305245865,830.7485290137199,0.27125673856343274,1.5153209025379621,-46.23049972722393,49.68125917937368,7.774177088109315,91.05972042922635,97.2504516991083,True,True,5,0.625,5,6,0.75,5,7,0.875,5
9,0,8,0,195,1,196,3150.5111110409853,940.4875361559083,0.29851903485119097,1.3025192852576715,28.20529212744441,-12.904388110153375,9.630800174261994,81.02384710132199,81.66459083897003,True,True,7,0.7777777777777778,5,7,0.7777777777777778,5,7,0.7777777777777778,5
10,2,9,78,200,79,201,3119.745642615279,844.4859524962752,0.2706906425192868,1.6706133353444335,-44.08613051508925,51.22248744629201,7.095705645499002,88.72652312555563,96.63491064989536,True,True,7,0.7,7,8,0.8,7,9,0.9,7
11,2,10,78,205,79,206,3135.5475180344197,844.4859524962752,0.26932647253442293,1.1685329666786053,-50.67802913553174,55.35078334709965,12.334851647691414,92.59670068385893,104.31369423108796,True,True,8,0.7272727272727273,8,9,0.8181818181818182,8,9,0.8181818181818182,8
12,0,11,0,210,1,211,3090.9436678335405,922.9398316951209,0.2985948405659604,0.7787163675512999,28.20529212744441,-12.904388110153375,9.122147703267627,88.4130981493653,89.30074408893861,True,True,10,0.8333333333333334,8,10,0.8333333333333334,8,10,0.8333333333333334,8
13,2,12,78,215,79,216,3247.302099182363,875.4713995730491,0.26959961618399586,2.217867887328857,-36.65572169080177,54.12738957156262,9.71450207399641,83.66388252498743,93.27491802570357,True,True,10,0.7692307692307693,10,11,0.8461538461538461,10,12,0.9230769230769231,10
14,7,13,190,480,191,481,5735.2964457266835,1920.2596988278126,0.3348143756821115,2.3965080087920194,135.01324976390367,-41.057803587971534,15.304751869430353,194.30854089980664,195.16793781106006,True,True,9,0.6428571428571429,9,9,0.6428571428571429,9,9,0.6428571428571429,9
15,6,14,185,481,186,482,5716.2847663972825,1920.2596988278126,0.33592792824386636,2.296481902491571,136.78626597432776,-50.45101772929263,12.994050430854521,194.52578262016664,195.50104993343902,True,True,10,0.6666666666666666,10,10,0.6666666666666666,10,10,0.6666666666666666,10
16,11,15,210,485,211,486,5487.327503235975,1859.7038199377532,0.3389088438481306,1.809514063619199,146.5609809224444,-55.707255932971975,16.746204230520895,212.16941254247058,213.2460026079081,True,False,11,0.6875,10,11,0.6875,10,11,0.6875,10
17,11,16,210,505,211,506,4988.592426643791,1750.2818720356756,0.3508568594795435,3.947678099001539,197.31964039720606,-36.48904454292807,18.463008591663414,251.15040780085195,252.12147199474026,True,False,9,0.5294117647058824,8,9,0.5294117647058824,8,9,0.5294117647058824,8
18,11,17,210,515,211,516,4760.566479225649,1674.9973786209746,0.351848332741575,3.2060150889293846,193.98579287874554,-50.48534950375017,20.967823546954794,253.1615831808002,254.276067603645,True,True,10,0.5555555555555556,9,10,0.5555555555555556,9,10,0.5555555555555556,9
19,10,18,205,520,206,521,4675.905323458259,1596.9874893018343,0.3415354629380554,2.2624414890385207,155.46747144982453,-35.89363774161467,29.868224654604422,226.01604112244405,227.1415191522079,True,True,12,0.631578947368421,11,13,0.6842105263157895,12,14,0.7368421052631579,12
20,9,19,200,525,201,526,4587.506292286718,1583.6580184750649,0.3452110836638579,2.014990598873839,162.59420006515768,-56.240329661298006,28.822649039712392,231.24373074441746,232.5554741436774,True,False,11,0.55,9,14,0.7,12,15,0.75,12
21,12,20,215,555,216,556,4141.070269829158,1553.0351671944384,0.37503231435348466,1.8674092789387409,252.09058744853814,-84.57619460908029,124.34262886789128,340.9826648345788,342.43007199554836,True,True,7,0.3333333333333333,7,9,0.42857142857142855,9,9,0.42857142857142855,9
22,5,21,180,660,181,661,3480.6154731686474,1174.2364483854142,0.33736460043844624,10.09012785877364,207.52633608269514,70.445346271733,181.21495253162942,255.80270869247477,258.16376160679255,True,True,9,0.4090909090909091,9,9,0.4090909090909091,9,9,0.4090909090909091,9
23,8,22,195,690,196,691,4406.854675045182,1333.3580671599361,0.30256456486082456,5.2837851427076155,70.65302847249609,38.93684363415781,72.51366361596092,239.8750630171955,308.0219744258636,True,True,9,0.391304347826087,9,9,0.391304347826087,9,12,0.5217391304347826,10
24,5,23,180,745,181,746,4567.611821803777,1246.3496870746005,0.27286681436567645,8.288415667867259,6.725666708585209,126.94997255220738,120.89149656491311,408.24746456448963,444.29499561747394,True,False,9,0.375,8,9,0.375,8,9,0.375,8
25,2,24,78,750,79,751,5666.642102740224,1435.3256470231347,0.2532938592202696,2.393400280193535,-33.397900024985354,100.50541939510026,78.92671695097503,451.2699781671777,461.6007779607778,True,True,3,0.12,3,11,0.44,10,13,0.52,11
26,3,25,80,755,81,756,5774.4308271250375,1477.8201052227362,0.2559248087760903,2.93714092628085,-25.040074158953654,92.10339033699131,64.50692233651705,434.3483582923688,451.22247239896564,True,True,4,0.15384615384615385,4,13,0.5,12,14,0.5384615384615384,12
27,17,26,515,759,516,760,3839.682885919953,1205.5917637263335,0.3139821176762322,-14.974709437620003,325.5861368497953,84.35540840296963,83.91379953353012,620.5981344531338,638.1019015895964,True,True,4,0.14814814814814814,3,11,0.4074074074074074,8,12,0.4444444444444444,9
28,5,27,180,760,181,761,4465.048056287472,1145.3948811132148,0.2565246480382945,7.375186406286685,-46.26913243172385,137.30861275482118,89.09473712318382,481.9782406345444,506.1134359529291,True,True,11,0.39285714285714285,11,12,0.42857142857142855,12,13,0.4642857142857143,12
29,20,28,555,800,556,801,4119.496678604211,1297.5271996102858,0.31497226502192993,-13.127673639685607,284.51042784275137,80.70341187277461,68.63451972648748,549.667894446403,573.0515879099527,True,True,7,0.2413793103448276,7,12,0.41379310344827586,10,16,0.5517241379310345,12
30,17,29,515,805,516,806,3943.1841312710435,1201.8836785297071,0.3048002929912108,345.9115786100236,334.08071677532166,69.085057975394,85.4907355067669,594.3372340146225,620.3886434855347,True,False,6,0.2,4,10,0.3333333333333333,6,15,0.5,10
31,20,30,555,845,556,846,4091.2654467690504,1276.324998475805,0.3119633802993015,349.2377637823419,294.60921151994233,62.5997186571289,75.50289756338451,511.29032017221476,542.6282307551778,True,True,5,0.16129032258064516,5,11,0.3548387096774194,8,16,0.5161290322580645,11
32,21,31,660,900,661,901,2053.1003812546064,628.3632739809822,0.306055797231406,-12.094996013327334,263.8864661616827,57.296575014946455,82.89820419946653,490.4606339838195,523.1068027383839,True,True,8,0.25,7,13,0.40625,11,15,0.46875,12
33,16,32,505,1005,506,1006,2291.1333867273474,741.9173704017679,0.32382111609028663,-14.526211317549905,354.0182737028477,105.80706568459675,119.76083238554882,643.9561123628987,678.2685942180159,False,False,9,0.2727272727272727,5,12,0.36363636363636365,7,13,0.3939393939393939,8
