pair_index,imgid_1,imgid_2,image_1,image_2,timestamp_1,timestamp_2,ref_dx_m,ref_dy_m,ref_dz_m,ref_step_distance_m,kp1,kp2,raw_matches,good_matches,homography_found,ransac_inliers,inlier_ratio,mean_match_distance,median_match_distance,status,error,pair_quality
0,1,2,data/raw/zurich_mav_sample/MAV_Images/00001.jpg,data/raw/zurich_mav_sample/MAV_Images/00002.jpg,7009129,7042462,0.0,0.0,0.0,0.0,2000,2000,2000,1135,True,898,0.7911894273127753,22.612334801762113,21.0,ok,,good
1,2,3,data/raw/zurich_mav_sample/MAV_Images/00002.jpg,data/raw/zurich_mav_sample/MAV_Images/00003.jpg,7042462,7075795,0.0,0.0,0.0,0.0,2000,2000,2000,1194,True,951,0.7964824120603015,22.168341708542712,21.0,ok,,good
2,3,4,data/raw/zurich_mav_sample/MAV_Images/00003.jpg,data/raw/zurich_mav_sample/MAV_Images/00004.jpg,7075795,7109128,0.0,0.0,0.0,0.0,2000,2000,2000,1238,True,963,0.7778675282714055,21.41760904684976,20.0,ok,,good
3,4,5,data/raw/zurich_mav_sample/MAV_Images/00004.jpg,data/raw/zurich_mav_sample/MAV_Images/00005.jpg,7109128,7142461,0.0,0.0,0.0,0.0,2000,2000,2000,1161,True,1029,0.8863049095607235,22.19810508182601,21.0,ok,,good
4,5,6,data/raw/zurich_mav_sample/MAV_Images/00005.jpg,data/raw/zurich_mav_sample/MAV_Images/00006.jpg,7142461,7175794,0.0,0.0,0.0,0.0,2000,2000,2000,1176,True,776,0.6598639455782312,21.042517006802722,20.0,ok,,good
5,6,7,data/raw/zurich_mav_sample/MAV_Images/00006.jpg,data/raw/zurich_mav_sample/MAV_Images/00007.jpg,7175794,7206967,0.0137972316588275,-0.2223553406074643,0.2539999999999622,0.2227829910430974,2000,2000,2000,1119,True,981,0.8766756032171582,22.245755138516532,21.0,ok,,good
6,7,8,data/raw/zurich_mav_sample/MAV_Images/00007.jpg,data/raw/zurich_mav_sample/MAV_Images/00008.jpg,7206967,7240300,0.0,0.0,0.0,0.0,2000,2000,2000,950,True,629,0.6621052631578948,23.021052631578947,22.0,ok,,good
7,8,9,data/raw/zurich_mav_sample/MAV_Images/00008.jpg,data/raw/zurich_mav_sample/MAV_Images/00009.jpg,7240300,7273633,0.0,0.0,0.0,0.0,2000,2000,2000,946,True,677,0.7156448202959831,22.63953488372093,21.0,ok,,good
8,9,10,data/raw/zurich_mav_sample/MAV_Images/00009.jpg,data/raw/zurich_mav_sample/MAV_Images/00010.jpg,7273633,7306966,0.0,0.0,0.0,0.0,2000,2000,2000,1257,True,949,0.7549721559268099,21.36276849642005,20.0,ok,,good
9,10,11,data/raw/zurich_mav_sample/MAV_Images/00010.jpg,data/raw/zurich_mav_sample/MAV_Images/00011.jpg,7306966,7340299,0.0,0.0,0.0,0.0,2000,2000,2000,1263,True,973,0.770387965162312,21.67458432304038,20.0,ok,,good
10,11,12,data/raw/zurich_mav_sample/MAV_Images/00011.jpg,data/raw/zurich_mav_sample/MAV_Images/00012.jpg,7340299,7373632,0.0,0.0,0.0,0.0,2000,2000,2000,1325,True,1026,0.7743396226415095,20.897358490566038,19.0,ok,,good
11,12,13,data/raw/zurich_mav_sample/MAV_Images/00012.jpg,data/raw/zurich_mav_sample/MAV_Images/00013.jpg,7373632,7402809,0.0439886193489656,-0.22253171913325787,0.31400000000002143,0.22683774961992406,2000,2000,2000,1304,True,1113,0.8535276073619632,21.021472392638035,20.0,ok,,good
12,13,14,data/raw/zurich_mav_sample/MAV_Images/00013.jpg,data/raw/zurich_mav_sample/MAV_Images/00014.jpg,7402809,7436142,0.0,0.0,0.0,0.0,2000,2000,2000,1282,True,1018,0.7940717628705148,21.269890795631824,19.0,ok,,good
13,14,15,data/raw/zurich_mav_sample/MAV_Images/00014.jpg,data/raw/zurich_mav_sample/MAV_Images/00015.jpg,7436142,7469475,0.0,0.0,0.0,0.0,2000,2000,2000,1315,True,1165,0.8859315589353612,19.979467680608366,19.0,ok,,good
14,15,16,data/raw/zurich_mav_sample/MAV_Images/00015.jpg,data/raw/zurich_mav_sample/MAV_Images/00016.jpg,7469475,7502808,0.0,0.0,0.0,0.0,2000,2000,2000,1292,True,1179,0.9125386996904025,20.648606811145513,19.5,ok,,good
15,16,17,data/raw/zurich_mav_sample/MAV_Images/00016.jpg,data/raw/zurich_mav_sample/MAV_Images/00017.jpg,7502808,7536141,0.0,0.0,0.0,0.0,2000,2000,2000,1253,True,872,0.6959297685554668,20.071029529130087,18.0,ok,,good
16,17,18,data/raw/zurich_mav_sample/MAV_Images/00017.jpg,data/raw/zurich_mav_sample/MAV_Images/00018.jpg,7536141,7569474,0.0,0.0,0.0,0.0,2000,2000,2000,1238,True,1047,0.845718901453958,19.466074313408726,17.0,ok,,good
17,18,19,data/raw/zurich_mav_sample/MAV_Images/00018.jpg,data/raw/zurich_mav_sample/MAV_Images/00019.jpg,7569474,7599573,0.05901939381146801,-0.23373326193541288,0.37299999999999034,0.24106954718678483,2000,2000,2000,1232,True,916,0.7435064935064936,22.171266233766232,20.0,ok,,good
18,19,20,data/raw/zurich_mav_sample/MAV_Images/00019.jpg,data/raw/zurich_mav_sample/MAV_Images/00020.jpg,7599573,7632906,0.0,0.0,0.0,0.0,2000,2000,2000,1248,True,1074,0.8605769230769231,20.760416666666668,19.0,ok,,good
19,20,21,data/raw/zurich_mav_sample/MAV_Images/00020.jpg,data/raw/zurich_mav_sample/MAV_Images/00021.jpg,7632906,7666239,0.0,0.0,0.0,0.0,2000,2000,2000,1182,True,837,0.7081218274111675,21.621827411167512,20.0,ok,,good
20,21,22,data/raw/zurich_mav_sample/MAV_Images/00021.jpg,data/raw/zurich_mav_sample/MAV_Images/00022.jpg,7666239,7699572,0.0,0.0,0.0,0.0,2000,2000,2000,1185,True,1053,0.8886075949367088,22.013502109704643,20.0,ok,,good
21,22,23,data/raw/zurich_mav_sample/MAV_Images/00022.jpg,data/raw/zurich_mav_sample/MAV_Images/00023.jpg,7699572,7732905,0.0,0.0,0.0,0.0,2000,2000,2000,1177,True,1004,0.8530161427357689,21.724723874256586,20.0,ok,,good
22,23,24,data/raw/zurich_mav_sample/MAV_Images/00023.jpg,data/raw/zurich_mav_sample/MAV_Images/00024.jpg,7732905,7766238,0.0,0.0,0.0,0.0,2000,2000,2000,1209,True,951,0.7866004962779156,20.547559966914804,19.0,ok,,good
23,24,25,data/raw/zurich_mav_sample/MAV_Images/00024.jpg,data/raw/zurich_mav_sample/MAV_Images/00025.jpg,7766238,7798438,0.014381543209310593,-0.12233512289822102,0.3960000000000151,0.12317755915589539,2000,2000,2000,1236,True,878,0.7103559870550162,21.32443365695793,20.0,ok,,good
24,25,26,data/raw/zurich_mav_sample/MAV_Images/00025.jpg,data/raw/zurich_mav_sample/MAV_Images/00026.jpg,7798438,7831771,0.0,0.0,0.0,0.0,2000,2000,2000,1261,True,1020,0.8088818398096749,21.582870737509914,20.0,ok,,good
25,26,27,data/raw/zurich_mav_sample/MAV_Images/00026.jpg,data/raw/zurich_mav_sample/MAV_Images/00027.jpg,7831771,7865104,0.0,0.0,0.0,0.0,2000,2000,2000,1190,True,995,0.8361344537815126,20.894957983193276,19.0,ok,,good
26,27,28,data/raw/zurich_mav_sample/MAV_Images/00027.jpg,data/raw/zurich_mav_sample/MAV_Images/00028.jpg,7865104,7898437,0.0,0.0,0.0,0.0,2000,2000,2000,1195,True,918,0.7682008368200837,22.001673640167365,20.0,ok,,good
27,28,29,data/raw/zurich_mav_sample/MAV_Images/00028.jpg,data/raw/zurich_mav_sample/MAV_Images/00029.jpg,7898437,7931770,0.0,0.0,0.0,0.0,2000,2000,2000,1154,True,860,0.7452339688041595,21.194107452339686,19.0,ok,,good
28,29,30,data/raw/zurich_mav_sample/MAV_Images/00029.jpg,data/raw/zurich_mav_sample/MAV_Images/00030.jpg,7931770,7965103,0.0,0.0,0.0,0.0,2000,2000,2000,1207,True,1051,0.8707539353769677,18.613918806959404,17.0,ok,,good
29,30,31,data/raw/zurich_mav_sample/MAV_Images/00030.jpg,data/raw/zurich_mav_sample/MAV_Images/00031.jpg,7965103,7988182,0.22643541259458289,-0.001322801224887371,0.07699999999999818,0.2264392763633543,2000,2000,2000,1214,True,1031,0.8492586490939045,19.88056013179572,18.0,ok,,good
30,31,32,data/raw/zurich_mav_sample/MAV_Images/00031.jpg,data/raw/zurich_mav_sample/MAV_Images/00032.jpg,7988182,8021515,0.0,0.0,0.0,0.0,2000,2000,2000,1300,True,982,0.7553846153846154,21.22923076923077,20.0,ok,,good
31,32,33,data/raw/zurich_mav_sample/MAV_Images/00032.jpg,data/raw/zurich_mav_sample/MAV_Images/00033.jpg,8021515,8054848,0.0,0.0,0.0,0.0,2000,2000,2000,1437,True,1319,0.9178844815588031,17.25956854558107,15.0,ok,,good
32,33,34,data/raw/zurich_mav_sample/MAV_Images/00033.jpg,data/raw/zurich_mav_sample/MAV_Images/00034.jpg,8054848,8088181,0.0,0.0,0.0,0.0,2000,2000,2000,1314,True,1057,0.80441400304414,20.819634703196346,19.0,ok,,good
33,34,35,data/raw/zurich_mav_sample/MAV_Images/00034.jpg,data/raw/zurich_mav_sample/MAV_Images/00035.jpg,8088181,8121514,0.0,0.0,0.0,0.0,2000,2000,2000,1280,True,959,0.74921875,20.61328125,19.0,ok,,good
34,35,36,data/raw/zurich_mav_sample/MAV_Images/00035.jpg,data/raw/zurich_mav_sample/MAV_Images/00036.jpg,8121514,8154847,0.0,0.0,0.0,0.0,2000,2000,2000,1307,True,925,0.7077276205049732,21.36113236419281,20.0,ok,,good
35,36,37,data/raw/zurich_mav_sample/MAV_Images/00036.jpg,data/raw/zurich_mav_sample/MAV_Images/00037.jpg,8154847,8197070,0.07567323744297033,0.03289914038032293,0.17699999999996385,0.08251540645760864,2000,2000,2000,1254,True,1099,0.8763955342902712,21.759968102073366,20.0,ok,,good
36,37,38,data/raw/zurich_mav_sample/MAV_Images/00037.jpg,data/raw/zurich_mav_sample/MAV_Images/00038.jpg,8197070,8230403,0.0,0.0,0.0,0.0,2000,2000,2000,1185,True,1057,0.8919831223628693,20.971308016877636,20.0,ok,,good
37,38,39,data/raw/zurich_mav_sample/MAV_Images/00038.jpg,data/raw/zurich_mav_sample/MAV_Images/00039.jpg,8230403,8263736,0.0,0.0,0.0,0.0,2000,2000,2000,1127,True,980,0.8695652173913043,21.654835847382433,20.0,ok,,good
38,39,40,data/raw/zurich_mav_sample/MAV_Images/00039.jpg,data/raw/zurich_mav_sample/MAV_Images/00040.jpg,8263736,8297069,0.0,0.0,0.0,0.0,2000,2000,2000,1017,True,899,0.8839724680432645,21.563421828908556,20.0,ok,,good
39,40,41,data/raw/zurich_mav_sample/MAV_Images/00040.jpg,data/raw/zurich_mav_sample/MAV_Images/00041.jpg,8297069,8330402,0.0,0.0,0.0,0.0,2000,2000,2000,1007,True,695,0.6901688182720953,22.348560079443892,20.0,ok,,good
40,41,42,data/raw/zurich_mav_sample/MAV_Images/00041.jpg,data/raw/zurich_mav_sample/MAV_Images/00042.jpg,8330402,8363735,0.0,0.0,0.0,0.0,2000,2000,2000,1121,True,923,0.8233719892952721,21.180196253345226,19.0,ok,,good
41,42,43,data/raw/zurich_mav_sample/MAV_Images/00042.jpg,data/raw/zurich_mav_sample/MAV_Images/00043.jpg,8363735,8395950,-0.015355383045971394,-0.044365244917571545,0.3930000000000293,0.0469474466300843,2000,2000,2000,1080,True,841,0.7787037037037037,21.016666666666666,19.0,ok,,good
42,43,44,data/raw/zurich_mav_sample/MAV_Images/00043.jpg,data/raw/zurich_mav_sample/MAV_Images/00044.jpg,8395950,8429283,0.0,0.0,0.0,0.0,2000,2000,2000,955,True,638,0.6680628272251309,21.509947643979057,20.0,ok,,good
43,44,45,data/raw/zurich_mav_sample/MAV_Images/00044.jpg,data/raw/zurich_mav_sample/MAV_Images/00045.jpg,8429283,8462616,0.0,0.0,0.0,0.0,2000,2000,2000,869,True,691,0.7951668584579977,23.048331415420023,22.0,ok,,good
44,45,46,data/raw/zurich_mav_sample/MAV_Images/00045.jpg,data/raw/zurich_mav_sample/MAV_Images/00046.jpg,8462616,8495949,0.0,0.0,0.0,0.0,2000,2000,2000,1126,True,1011,0.8978685612788633,21.091474245115453,19.0,ok,,good
45,46,47,data/raw/zurich_mav_sample/MAV_Images/00046.jpg,data/raw/zurich_mav_sample/MAV_Images/00047.jpg,8495949,8529282,0.0,0.0,0.0,0.0,2000,2000,2000,1271,True,1099,0.8646734854445318,20.258064516129032,19.0,ok,,good
46,47,48,data/raw/zurich_mav_sample/MAV_Images/00047.jpg,data/raw/zurich_mav_sample/MAV_Images/00048.jpg,8529282,8562615,0.0,0.0,0.0,0.0,2000,2000,2000,1277,True,999,0.7823022709475332,20.339075959279562,19.0,ok,,good
47,48,49,data/raw/zurich_mav_sample/MAV_Images/00048.jpg,data/raw/zurich_mav_sample/MAV_Images/00049.jpg,8562615,8598784,0.12837832269724458,0.010363776236772537,0.23799999999999955,0.12879596886721165,2000,2000,2000,1269,True,1201,0.946414499605989,19.70843183609141,18.0,ok,,good
48,49,50,data/raw/zurich_mav_sample/MAV_Images/00049.jpg,data/raw/zurich_mav_sample/MAV_Images/00050.jpg,8598784,8632117,0.0,0.0,0.0,0.0,2000,2000,2000,1194,True,895,0.7495812395309883,21.935510887772196,21.0,ok,,good
49,50,51,data/raw/zurich_mav_sample/MAV_Images/00050.jpg,data/raw/zurich_mav_sample/MAV_Images/00051.jpg,8632117,8665450,0.0,0.0,0.0,0.0,2000,2000,2000,1352,True,1177,0.8705621301775148,20.136834319526628,18.0,ok,,good
50,51,52,data/raw/zurich_mav_sample/MAV_Images/00051.jpg,data/raw/zurich_mav_sample/MAV_Images/00052.jpg,8665450,8698783,0.0,0.0,0.0,0.0,2000,2000,2000,1226,True,1107,0.9029363784665579,21.994290375203914,21.0,ok,,good
51,52,53,data/raw/zurich_mav_sample/MAV_Images/00052.jpg,data/raw/zurich_mav_sample/MAV_Images/00053.jpg,8698783,8732116,0.0,0.0,0.0,0.0,2000,2000,2000,1344,True,1157,0.8608630952380952,19.798363095238095,18.0,ok,,good
52,53,54,data/raw/zurich_mav_sample/MAV_Images/00053.jpg,data/raw/zurich_mav_sample/MAV_Images/00054.jpg,8732116,8765449,0.0,0.0,0.0,0.0,2000,2000,2000,1439,True,1370,0.9520500347463516,19.214732453092424,17.0,ok,,good
53,54,55,data/raw/zurich_mav_sample/MAV_Images/00054.jpg,data/raw/zurich_mav_sample/MAV_Images/00055.jpg,8765449,8802486,0.1432792513514869,-0.02306448109447956,0.10300000000000864,0.14512378907677462,2000,2000,2000,1440,True,1365,0.9479166666666666,18.570138888888888,17.0,ok,,good
54,55,56,data/raw/zurich_mav_sample/MAV_Images/00055.jpg,data/raw/zurich_mav_sample/MAV_Images/00056.jpg,8802486,8835819,0.0,0.0,0.0,0.0,2000,2000,2000,1376,True,1286,0.934593023255814,20.282703488372093,18.0,ok,,good
55,56,57,data/raw/zurich_mav_sample/MAV_Images/00056.jpg,data/raw/zurich_mav_sample/MAV_Images/00057.jpg,8835819,8869152,0.0,0.0,0.0,0.0,2000,2000,2000,1435,True,1353,0.9428571428571428,18.22787456445993,16.0,ok,,good
56,57,58,data/raw/zurich_mav_sample/MAV_Images/00057.jpg,data/raw/zurich_mav_sample/MAV_Images/00058.jpg,8869152,8902485,0.0,0.0,0.0,0.0,2000,2000,2000,1339,True,1020,0.7617625093353249,20.25765496639283,19.0,ok,,good
57,58,59,data/raw/zurich_mav_sample/MAV_Images/00058.jpg,data/raw/zurich_mav_sample/MAV_Images/00059.jpg,8902485,8935818,0.0,0.0,0.0,0.0,2000,2000,2000,1382,True,1316,0.9522431259044862,20.66136034732272,19.0,ok,,good
58,59,60,data/raw/zurich_mav_sample/MAV_Images/00059.jpg,data/raw/zurich_mav_sample/MAV_Images/00060.jpg,8935818,8969151,0.0,0.0,0.0,0.0,2000,2000,2000,1513,True,1349,0.891606080634501,15.72769332452082,14.0,ok,,good
59,60,61,data/raw/zurich_mav_sample/MAV_Images/00060.jpg,data/raw/zurich_mav_sample/MAV_Images/00061.jpg,8969151,9002265,0.17366540507646278,0.010099225677549839,0.029999999999972715,0.17395880914647002,2000,2000,2000,1498,True,1430,0.9546061415220294,15.723631508678238,14.0,ok,,good
60,61,62,data/raw/zurich_mav_sample/MAV_Images/00061.jpg,data/raw/zurich_mav_sample/MAV_Images/00062.jpg,9002265,9035598,0.0,0.0,0.0,0.0,2000,2000,2000,1335,True,1286,0.9632958801498127,20.02247191011236,19.0,ok,,good
61,62,63,data/raw/zurich_mav_sample/MAV_Images/00062.jpg,data/raw/zurich_mav_sample/MAV_Images/00063.jpg,9035598,9068931,0.0,0.0,0.0,0.0,2000,2000,2000,1368,True,1191,0.8706140350877193,20.799707602339183,19.0,ok,,good
62,63,64,data/raw/zurich_mav_sample/MAV_Images/00063.jpg,data/raw/zurich_mav_sample/MAV_Images/00064.jpg,9068931,9102264,0.0,0.0,0.0,0.0,2000,2000,2000,1371,True,1297,0.9460247994164843,20.528081692195478,19.0,ok,,good
63,64,65,data/raw/zurich_mav_sample/MAV_Images/00064.jpg,data/raw/zurich_mav_sample/MAV_Images/00065.jpg,9102264,9135597,0.0,0.0,0.0,0.0,2000,2000,2000,1383,True,1253,0.9060014461315979,20.443239334779467,19.0,ok,,good
64,65,66,data/raw/zurich_mav_sample/MAV_Images/00065.jpg,data/raw/zurich_mav_sample/MAV_Images/00066.jpg,9135597,9168930,0.0,0.0,0.0,0.0,2000,2000,2000,1331,True,1206,0.9060856498873028,21.230653643876785,20.0,ok,,good
65,66,67,data/raw/zurich_mav_sample/MAV_Images/00066.jpg,data/raw/zurich_mav_sample/MAV_Images/00067.jpg,9168930,9199111,0.1506972575443799,-0.045335281640291214,0.125,0.15736883806142082,2000,2000,2000,1436,True,1303,0.9073816155988857,20.129526462395543,18.0,ok,,good
66,67,68,data/raw/zurich_mav_sample/MAV_Images/00067.jpg,data/raw/zurich_mav_sample/MAV_Images/00068.jpg,9199111,9232444,0.0,0.0,0.0,0.0,2000,2000,2000,1422,True,1299,0.9135021097046413,19.67721518987342,18.0,ok,,good
67,68,69,data/raw/zurich_mav_sample/MAV_Images/00068.jpg,data/raw/zurich_mav_sample/MAV_Images/00069.jpg,9232444,9265777,0.0,0.0,0.0,0.0,2000,2000,2000,1345,True,1088,0.8089219330855019,21.26988847583643,20.0,ok,,good
68,69,70,data/raw/zurich_mav_sample/MAV_Images/00069.jpg,data/raw/zurich_mav_sample/MAV_Images/00070.jpg,9265777,9299110,0.0,0.0,0.0,0.0,2000,2000,2000,1494,True,1383,0.9257028112449799,17.649263721552877,15.0,ok,,good
69,70,71,data/raw/zurich_mav_sample/MAV_Images/00070.jpg,data/raw/zurich_mav_sample/MAV_Images/00071.jpg,9299110,9332443,0.0,0.0,0.0,0.0,2000,2000,2000,1406,True,1145,0.8143669985775249,20.193456614509245,18.0,ok,,good
70,71,72,data/raw/zurich_mav_sample/MAV_Images/00071.jpg,data/raw/zurich_mav_sample/MAV_Images/00072.jpg,9332443,9365776,0.0,0.0,0.0,0.0,2000,2000,2000,1354,True,1260,0.930576070901034,20.91285081240768,19.0,ok,,good
71,72,73,data/raw/zurich_mav_sample/MAV_Images/00072.jpg,data/raw/zurich_mav_sample/MAV_Images/00073.jpg,9365776,9400044,0.09024956118082583,-0.05609589722007513,0.09700000000003683,0.10626256621339829,2000,2000,2000,1358,True,1217,0.8961708394698086,20.145066273932255,19.0,ok,,good
72,73,74,data/raw/zurich_mav_sample/MAV_Images/00073.jpg,data/raw/zurich_mav_sample/MAV_Images/00074.jpg,9400044,9433377,0.0,0.0,0.0,0.0,2000,2000,2000,1482,True,1430,0.9649122807017544,18.044534412955464,16.0,ok,,good
73,74,75,data/raw/zurich_mav_sample/MAV_Images/00074.jpg,data/raw/zurich_mav_sample/MAV_Images/00075.jpg,9433377,9466710,0.0,0.0,0.0,0.0,2000,2000,2000,1495,True,1460,0.9765886287625418,16.696989966555183,15.0,ok,,good
74,75,76,data/raw/zurich_mav_sample/MAV_Images/00075.jpg,data/raw/zurich_mav_sample/MAV_Images/00076.jpg,9466710,9500043,0.0,0.0,0.0,0.0,2000,2000,2000,1430,True,1364,0.9538461538461539,18.534965034965033,17.0,ok,,good
75,76,77,data/raw/zurich_mav_sample/MAV_Images/00076.jpg,data/raw/zurich_mav_sample/MAV_Images/00077.jpg,9500043,9533376,0.0,0.0,0.0,0.0,2000,2000,2000,1469,True,1427,0.9714091218515998,15.993873383253915,13.0,ok,,good
76,77,78,data/raw/zurich_mav_sample/MAV_Images/00077.jpg,data/raw/zurich_mav_sample/MAV_Images/00078.jpg,9533376,9566709,0.0,0.0,0.0,0.0,2000,2000,2000,1442,True,1389,0.963245492371706,17.893897364771153,16.0,ok,,good
77,78,79,data/raw/zurich_mav_sample/MAV_Images/00078.jpg,data/raw/zurich_mav_sample/MAV_Images/00079.jpg,9566709,9599660,-0.03780415718210839,-0.010892896912992,0.1239999999999668,0.03934221019981755,2000,2000,2000,1598,True,1570,0.9824780976220275,13.030037546933666,10.0,ok,,good
78,79,80,data/raw/zurich_mav_sample/MAV_Images/00079.jpg,data/raw/zurich_mav_sample/MAV_Images/00080.jpg,9599660,9632993,0.0,0.0,0.0,0.0,2000,2000,2000,1476,True,1429,0.9681571815718157,17.05149051490515,15.0,ok,,good
79,80,81,data/raw/zurich_mav_sample/MAV_Images/00080.jpg,data/raw/zurich_mav_sample/MAV_Images/00081.jpg,9632993,9666326,0.0,0.0,0.0,0.0,2000,2000,2000,1414,True,1355,0.9582743988684582,18.926449787835928,18.0,ok,,good
80,81,82,data/raw/zurich_mav_sample/MAV_Images/00081.jpg,data/raw/zurich_mav_sample/MAV_Images/00082.jpg,9666326,9699659,0.0,0.0,0.0,0.0,2000,2000,2000,1429,True,1362,0.9531140657802659,20.106368089573127,19.0,ok,,good
81,82,83,data/raw/zurich_mav_sample/MAV_Images/00082.jpg,data/raw/zurich_mav_sample/MAV_Images/00083.jpg,9699659,9732992,0.0,0.0,0.0,0.0,2000,2000,2000,1427,True,1372,0.9614576033637001,18.292221443587948,16.0,ok,,good
82,83,84,data/raw/zurich_mav_sample/MAV_Images/00083.jpg,data/raw/zurich_mav_sample/MAV_Images/00084.jpg,9732992,9766325,0.0,0.0,0.0,0.0,2000,2000,2000,1406,True,1346,0.957325746799431,19.76458036984353,18.0,ok,,good
83,84,85,data/raw/zurich_mav_sample/MAV_Images/00084.jpg,data/raw/zurich_mav_sample/MAV_Images/00085.jpg,9766325,9801471,0.03793399909045547,0.033119612373411655,0.10300000000000864,0.05035769068136186,2000,2000,2000,1381,True,1228,0.889210716871832,22.01448225923244,21.0,ok,,good
84,85,86,data/raw/zurich_mav_sample/MAV_Images/00085.jpg,data/raw/zurich_mav_sample/MAV_Images/00086.jpg,9801471,9834804,0.0,0.0,0.0,0.0,2000,2000,2000,1321,True,935,0.7077971233913701,22.4557153671461,21.0,ok,,good
85,86,87,data/raw/zurich_mav_sample/MAV_Images/00086.jpg,data/raw/zurich_mav_sample/MAV_Images/00087.jpg,9834804,9868137,0.0,0.0,0.0,0.0,2000,2000,2000,1372,True,1202,0.8760932944606414,20.298104956268222,19.0,ok,,good
86,87,88,data/raw/zurich_mav_sample/MAV_Images/00087.jpg,data/raw/zurich_mav_sample/MAV_Images/00088.jpg,9868137,9901470,0.0,0.0,0.0,0.0,2000,2000,2000,1348,True,1238,0.9183976261127597,19.88946587537092,18.0,ok,,good
87,88,89,data/raw/zurich_mav_sample/MAV_Images/00088.jpg,data/raw/zurich_mav_sample/MAV_Images/00089.jpg,9901470,9934803,0.0,0.0,0.0,0.0,2000,2000,2000,1357,True,1170,0.8621960206337509,20.431098010316877,19.0,ok,,good
88,89,90,data/raw/zurich_mav_sample/MAV_Images/00089.jpg,data/raw/zurich_mav_sample/MAV_Images/00090.jpg,9934803,9968136,0.0,0.0,0.0,0.0,2000,2000,2000,1356,True,1214,0.8952802359882006,19.658554572271388,18.0,ok,,good
89,90,91,data/raw/zurich_mav_sample/MAV_Images/00090.jpg,data/raw/zurich_mav_sample/MAV_Images/00091.jpg,9968136,9998204,0.06819030805490911,0.04405660182237625,0.026999999999986812,0.08118437212147919,2000,2000,2000,1380,True,1262,0.9144927536231884,21.044927536231885,19.0,ok,,good
90,91,92,data/raw/zurich_mav_sample/MAV_Images/00091.jpg,data/raw/zurich_mav_sample/MAV_Images/00092.jpg,9998204,10031537,0.0,0.0,0.0,0.0,2000,2000,2000,1437,True,1371,0.954070981210856,18.883785664578983,17.0,ok,,good
91,92,93,data/raw/zurich_mav_sample/MAV_Images/00092.jpg,data/raw/zurich_mav_sample/MAV_Images/00093.jpg,10031537,10064870,0.0,0.0,0.0,0.0,2000,2000,2000,1450,True,1281,0.883448275862069,18.695862068965518,17.0,ok,,good
92,93,94,data/raw/zurich_mav_sample/MAV_Images/00093.jpg,data/raw/zurich_mav_sample/MAV_Images/00094.jpg,10064870,10098203,0.0,0.0,0.0,0.0,2000,2000,2000,1468,True,1428,0.9727520435967303,17.460490463215258,15.0,ok,,good
93,94,95,data/raw/zurich_mav_sample/MAV_Images/00094.jpg,data/raw/zurich_mav_sample/MAV_Images/00095.jpg,10098203,10131536,0.0,0.0,0.0,0.0,2000,2000,2000,1364,True,1066,0.781524926686217,19.65542521994135,18.0,ok,,good
94,95,96,data/raw/zurich_mav_sample/MAV_Images/00095.jpg,data/raw/zurich_mav_sample/MAV_Images/00096.jpg,10131536,10164869,0.0,0.0,0.0,0.0,2000,2000,2000,1500,True,1461,0.974,16.004,13.0,ok,,good
95,96,97,data/raw/zurich_mav_sample/MAV_Images/00096.jpg,data/raw/zurich_mav_sample/MAV_Images/00097.jpg,10164869,10201081,0.1215446013957262,0.13265481870621443,-0.07900000000000773,0.17991773412986445,2000,2000,2000,1361,True,1319,0.9691403379867745,19.592946362968405,19.0,ok,,good
96,97,98,data/raw/zurich_mav_sample/MAV_Images/00097.jpg,data/raw/zurich_mav_sample/MAV_Images/00098.jpg,10201081,10234414,0.0,0.0,0.0,0.0,2000,2000,2000,1521,True,1491,0.980276134122288,15.451019066403681,13.0,ok,,good
97,98,99,data/raw/zurich_mav_sample/MAV_Images/00098.jpg,data/raw/zurich_mav_sample/MAV_Images/00099.jpg,10234414,10267747,0.0,0.0,0.0,0.0,2000,2000,2000,1563,True,1521,0.9731285988483686,15.383877159309021,13.0,ok,,good
98,99,100,data/raw/zurich_mav_sample/MAV_Images/00099.jpg,data/raw/zurich_mav_sample/MAV_Images/00100.jpg,10267747,10301080,0.0,0.0,0.0,0.0,2000,2000,2000,1392,True,1169,0.8397988505747126,20.117097701149426,19.0,ok,,good
99,100,101,data/raw/zurich_mav_sample/MAV_Images/00100.jpg,data/raw/zurich_mav_sample/MAV_Images/00101.jpg,10301080,10334413,0.0,0.0,0.0,0.0,2000,2000,2000,1428,True,1300,0.9103641456582633,20.228991596638654,18.0,ok,,good
100,101,102,data/raw/zurich_mav_sample/MAV_Images/00101.jpg,data/raw/zurich_mav_sample/MAV_Images/00102.jpg,10334413,10367746,0.0,0.0,0.0,0.0,2000,2000,2000,1359,True,1307,0.9617365710080942,20.723325974981606,19.0,ok,,good
101,102,103,data/raw/zurich_mav_sample/MAV_Images/00102.jpg,data/raw/zurich_mav_sample/MAV_Images/00103.jpg,10367746,10396814,0.08361060061724856,0.09953520726412535,-0.019000000000005457,0.12999226908047046,2000,2000,2000,1662,True,1637,0.9849578820697954,11.850180505415162,9.0,ok,,good
102,103,104,data/raw/zurich_mav_sample/MAV_Images/00103.jpg,data/raw/zurich_mav_sample/MAV_Images/00104.jpg,10396814,10430147,0.0,0.0,0.0,0.0,2000,2000,2000,1459,True,1383,0.9479095270733379,18.191912268677175,16.0,ok,,good
103,104,105,data/raw/zurich_mav_sample/MAV_Images/00104.jpg,data/raw/zurich_mav_sample/MAV_Images/00105.jpg,10430147,10463480,0.0,0.0,0.0,0.0,2000,2000,2000,1426,True,1370,0.9607293127629734,19.448106591865358,18.0,ok,,good
104,105,106,data/raw/zurich_mav_sample/MAV_Images/00105.jpg,data/raw/zurich_mav_sample/MAV_Images/00106.jpg,10463480,10496813,0.0,0.0,0.0,0.0,2000,2000,2000,1490,True,1445,0.9697986577181208,18.0006711409396,16.0,ok,,good
105,106,107,data/raw/zurich_mav_sample/MAV_Images/00106.jpg,data/raw/zurich_mav_sample/MAV_Images/00107.jpg,10496813,10530146,0.0,0.0,0.0,0.0,2000,2000,2000,1462,True,1327,0.9076607387140903,17.816005471956224,16.0,ok,,good
106,107,108,data/raw/zurich_mav_sample/MAV_Images/00107.jpg,data/raw/zurich_mav_sample/MAV_Images/00108.jpg,10530146,10563479,0.0,0.0,0.0,0.0,2000,2000,2000,1485,True,1418,0.9548821548821549,18.589225589225588,17.0,ok,,good
107,108,109,data/raw/zurich_mav_sample/MAV_Images/00108.jpg,data/raw/zurich_mav_sample/MAV_Images/00109.jpg,10563479,10599588,0.04515724035445601,-0.022491266019642353,-0.008999999999958153,0.05044832409105806,2000,2000,2000,1389,True,1328,0.9560835133189345,19.535637149028076,19.0,ok,,good
108,109,110,data/raw/zurich_mav_sample/MAV_Images/00109.jpg,data/raw/zurich_mav_sample/MAV_Images/00110.jpg,10599588,10632921,0.0,0.0,0.0,0.0,2000,2000,2000,1556,True,1524,0.9794344473007712,15.666452442159382,13.0,ok,,good
109,110,111,data/raw/zurich_mav_sample/MAV_Images/00110.jpg,data/raw/zurich_mav_sample/MAV_Images/00111.jpg,10632921,10666254,0.0,0.0,0.0,0.0,2000,2000,2000,1513,True,1498,0.9900859220092532,14.56510244547257,11.0,ok,,good
110,111,112,data/raw/zurich_mav_sample/MAV_Images/00111.jpg,data/raw/zurich_mav_sample/MAV_Images/00112.jpg,10666254,10699587,0.0,0.0,0.0,0.0,2000,2000,2000,1387,True,1323,0.9538572458543619,19.522710886806056,18.0,ok,,good
111,112,113,data/raw/zurich_mav_sample/MAV_Images/00112.jpg,data/raw/zurich_mav_sample/MAV_Images/00113.jpg,10699587,10732920,0.0,0.0,0.0,0.0,2000,2000,2000,1493,True,1438,0.9631614199598124,17.679169457468184,16.0,ok,,good
112,113,114,data/raw/zurich_mav_sample/MAV_Images/00113.jpg,data/raw/zurich_mav_sample/MAV_Images/00114.jpg,10732920,10766253,0.0,0.0,0.0,0.0,2000,2000,2000,1398,True,1336,0.9556509298998569,17.84620886981402,16.0,ok,,good
113,114,115,data/raw/zurich_mav_sample/MAV_Images/00114.jpg,data/raw/zurich_mav_sample/MAV_Images/00115.jpg,10766253,10797338,0.2879867379087955,0.19836495630443096,-0.16800000000000592,0.3496927467091762,2000,2000,2000,1418,True,1352,0.9534555712270804,19.055712270803948,18.0,ok,,good
114,115,116,data/raw/zurich_mav_sample/MAV_Images/00115.jpg,data/raw/zurich_mav_sample/MAV_Images/00116.jpg,10797338,10830671,0.0,0.0,0.0,0.0,2000,2000,2000,1472,True,1425,0.9680706521739131,18.624320652173914,17.0,ok,,good
115,116,117,data/raw/zurich_mav_sample/MAV_Images/00116.jpg,data/raw/zurich_mav_sample/MAV_Images/00117.jpg,10830671,10864004,0.0,0.0,0.0,0.0,2000,2000,2000,1407,True,1258,0.8941009239516702,17.966595593461264,16.0,ok,,good
116,117,118,data/raw/zurich_mav_sample/MAV_Images/00117.jpg,data/raw/zurich_mav_sample/MAV_Images/00118.jpg,10864004,10897337,0.0,0.0,0.0,0.0,2000,2000,2000,1394,True,1237,0.8873744619799139,20.71090387374462,19.0,ok,,good
117,118,119,data/raw/zurich_mav_sample/MAV_Images/00118.jpg,data/raw/zurich_mav_sample/MAV_Images/00119.jpg,10897337,10930670,0.0,0.0,0.0,0.0,2000,2000,2000,1344,True,1171,0.8712797619047619,20.823660714285715,19.0,ok,,good
118,119,120,data/raw/zurich_mav_sample/MAV_Images/00119.jpg,data/raw/zurich_mav_sample/MAV_Images/00120.jpg,10930670,10964003,0.0,0.0,0.0,0.0,2000,2000,2000,1384,True,1145,0.8273121387283237,21.65751445086705,20.0,ok,,good
119,120,121,data/raw/zurich_mav_sample/MAV_Images/00120.jpg,data/raw/zurich_mav_sample/MAV_Images/00121.jpg,10964003,10997044,-0.007093407795764284,0.0778375947847963,0.04199999999997317,0.07816014071148514,2000,2000,2000,1337,True,1167,0.8728496634255797,20.166791323859385,19.0,ok,,good
120,121,122,data/raw/zurich_mav_sample/MAV_Images/00121.jpg,data/raw/zurich_mav_sample/MAV_Images/00122.jpg,10997044,11030377,0.0,0.0,0.0,0.0,2000,2000,2000,1355,True,1118,0.8250922509225093,20.506273062730628,19.0,ok,,good
121,122,123,data/raw/zurich_mav_sample/MAV_Images/00122.jpg,data/raw/zurich_mav_sample/MAV_Images/00123.jpg,11030377,11063710,0.0,0.0,0.0,0.0,2000,2000,2000,1311,True,1060,0.8085430968726163,20.508009153318078,19.0,ok,,good
122,123,124,data/raw/zurich_mav_sample/MAV_Images/00123.jpg,data/raw/zurich_mav_sample/MAV_Images/00124.jpg,11063710,11097043,0.0,0.0,0.0,0.0,2000,2000,2000,1255,True,1174,0.9354581673306773,19.03824701195219,18.0,ok,,good
123,124,125,data/raw/zurich_mav_sample/MAV_Images/00124.jpg,data/raw/zurich_mav_sample/MAV_Images/00125.jpg,11097043,11130376,0.0,0.0,0.0,0.0,2000,2000,2000,1191,True,1105,0.927791771620487,21.33585222502099,20.0,ok,,good
124,125,126,data/raw/zurich_mav_sample/MAV_Images/00125.jpg,data/raw/zurich_mav_sample/MAV_Images/00126.jpg,11130376,11163709,0.0,0.0,0.0,0.0,2000,2000,2000,1172,True,862,0.735494880546075,20.390784982935152,19.0,ok,,good
125,126,127,data/raw/zurich_mav_sample/MAV_Images/00126.jpg,data/raw/zurich_mav_sample/MAV_Images/00127.jpg,11163709,11195824,-0.029736946977209522,0.0779698714613914,-0.04800000000000182,0.08344810885353404,2000,2000,2000,1188,True,934,0.7861952861952862,21.254208754208754,20.0,ok,,good
126,127,128,data/raw/zurich_mav_sample/MAV_Images/00127.jpg,data/raw/zurich_mav_sample/MAV_Images/00128.jpg,11195824,11229157,0.0,0.0,0.0,0.0,2000,2000,2000,1238,True,1033,0.8344103392568659,21.476575121163165,20.0,ok,,good
127,128,129,data/raw/zurich_mav_sample/MAV_Images/00128.jpg,data/raw/zurich_mav_sample/MAV_Images/00129.jpg,11229157,11262490,0.0,0.0,0.0,0.0,2000,2000,2000,1217,True,1091,0.8964667214461791,20.594905505341004,19.0,ok,,good
128,129,130,data/raw/zurich_mav_sample/MAV_Images/00129.jpg,data/raw/zurich_mav_sample/MAV_Images/00130.jpg,11262490,11295823,0.0,0.0,0.0,0.0,2000,2000,2000,1342,True,1243,0.9262295081967213,21.359165424739196,20.0,ok,,good
129,130,131,data/raw/zurich_mav_sample/MAV_Images/00130.jpg,data/raw/zurich_mav_sample/MAV_Images/00131.jpg,11295823,11329156,0.0,0.0,0.0,0.0,2000,2000,2000,1249,True,1070,0.8566853482786229,21.56685348278623,20.0,ok,,good
130,131,132,data/raw/zurich_mav_sample/MAV_Images/00131.jpg,data/raw/zurich_mav_sample/MAV_Images/00132.jpg,11329156,11362489,0.0,0.0,0.0,0.0,2000,2000,2000,1279,True,1181,0.9233776387802971,21.399530883502738,20.0,ok,,good
131,132,133,data/raw/zurich_mav_sample/MAV_Images/00132.jpg,data/raw/zurich_mav_sample/MAV_Images/00133.jpg,11362489,11397736,0.03825859067728743,0.08868640288710603,-0.051999999999964075,0.09658673727622397,2000,2000,2000,1375,True,1253,0.9112727272727272,19.89018181818182,19.0,ok,,good
132,133,134,data/raw/zurich_mav_sample/MAV_Images/00133.jpg,data/raw/zurich_mav_sample/MAV_Images/00134.jpg,11397736,11431069,0.0,0.0,0.0,0.0,2000,2000,2000,1309,True,1176,0.8983957219251337,21.67303284950344,20.0,ok,,good
133,134,135,data/raw/zurich_mav_sample/MAV_Images/00134.jpg,data/raw/zurich_mav_sample/MAV_Images/00135.jpg,11431069,11464402,0.0,0.0,0.0,0.0,2000,2000,2000,1379,True,1299,0.9419869470630892,19.486584481508338,18.0,ok,,good
134,135,136,data/raw/zurich_mav_sample/MAV_Images/00135.jpg,data/raw/zurich_mav_sample/MAV_Images/00136.jpg,11464402,11497735,0.0,0.0,0.0,0.0,2000,2000,2000,1280,True,1069,0.83515625,20.5953125,19.0,ok,,good
135,136,137,data/raw/zurich_mav_sample/MAV_Images/00136.jpg,data/raw/zurich_mav_sample/MAV_Images/00137.jpg,11497735,11531068,0.0,0.0,0.0,0.0,2000,2000,2000,1277,True,1142,0.894283476898982,21.006264682850432,20.0,ok,,good
136,137,138,data/raw/zurich_mav_sample/MAV_Images/00137.jpg,data/raw/zurich_mav_sample/MAV_Images/00138.jpg,11531068,11564401,0.0,0.0,0.0,0.0,2000,2000,2000,1330,True,1117,0.8398496240601504,18.681954887218044,17.0,ok,,good
137,138,139,data/raw/zurich_mav_sample/MAV_Images/00138.jpg,data/raw/zurich_mav_sample/MAV_Images/00139.jpg,11564401,11595348,-0.06044769042637199,-0.010760623961687116,-0.03700000000003456,0.06139799920133668,2000,2000,2000,1242,True,1147,0.9235104669887279,20.499194847020934,19.0,ok,,good
138,139,140,data/raw/zurich_mav_sample/MAV_Images/00139.jpg,data/raw/zurich_mav_sample/MAV_Images/00140.jpg,11595348,11628681,0.0,0.0,0.0,0.0,2000,2000,2000,1195,True,1017,0.8510460251046025,22.376569037656903,21.0,ok,,good
139,140,141,data/raw/zurich_mav_sample/MAV_Images/00140.jpg,data/raw/zurich_mav_sample/MAV_Images/00141.jpg,11628681,11662014,0.0,0.0,0.0,0.0,2000,2000,2000,1252,True,930,0.7428115015974441,21.25878594249201,19.0,ok,,good
140,141,142,data/raw/zurich_mav_sample/MAV_Images/00141.jpg,data/raw/zurich_mav_sample/MAV_Images/00142.jpg,11662014,11695347,0.0,0.0,0.0,0.0,2000,2000,2000,1199,True,858,0.7155963302752294,23.113427856547123,21.0,ok,,good
141,142,143,data/raw/zurich_mav_sample/MAV_Images/00142.jpg,data/raw/zurich_mav_sample/MAV_Images/00143.jpg,11695347,11728680,0.0,0.0,0.0,0.0,2000,2000,2000,1257,True,1084,0.862370723945903,21.007159904534607,20.0,ok,,good
142,143,144,data/raw/zurich_mav_sample/MAV_Images/00143.jpg,data/raw/zurich_mav_sample/MAV_Images/00144.jpg,11728680,11762013,0.0,0.0,0.0,0.0,2000,2000,2000,1322,True,1195,0.9039334341906202,21.751134644478064,20.0,ok,,good
143,144,145,data/raw/zurich_mav_sample/MAV_Images/00144.jpg,data/raw/zurich_mav_sample/MAV_Images/00145.jpg,11762013,11796090,0.0909636743599549,0.06615104712545872,0.004999999999995897,0.11247377956154303,2000,2000,2000,1287,True,1178,0.9153069153069153,20.521367521367523,19.0,ok,,good
144,145,146,data/raw/zurich_mav_sample/MAV_Images/00145.jpg,data/raw/zurich_mav_sample/MAV_Images/00146.jpg,11796090,11829423,0.0,0.0,0.0,0.0,2000,2000,2000,1298,True,996,0.7673343605546995,21.980739599383668,20.0,ok,,good
145,146,147,data/raw/zurich_mav_sample/MAV_Images/00146.jpg,data/raw/zurich_mav_sample/MAV_Images/00147.jpg,11829423,11862756,0.0,0.0,0.0,0.0,2000,2000,2000,1385,True,1282,0.9256317689530686,18.95234657039711,17.0,ok,,good
146,147,148,data/raw/zurich_mav_sample/MAV_Images/00147.jpg,data/raw/zurich_mav_sample/MAV_Images/00148.jpg,11862756,11896089,0.0,0.0,0.0,0.0,2000,2000,2000,1221,True,1047,0.8574938574938575,21.123669123669124,19.0,ok,,good
147,148,149,data/raw/zurich_mav_sample/MAV_Images/00148.jpg,data/raw/zurich_mav_sample/MAV_Images/00149.jpg,11896089,11929422,0.0,0.0,0.0,0.0,2000,2000,2000,1147,True,877,0.7646033129904097,22.407149084568438,21.0,ok,,good
148,149,150,data/raw/zurich_mav_sample/MAV_Images/00149.jpg,data/raw/zurich_mav_sample/MAV_Images/00150.jpg,11929422,11962755,0.0,0.0,0.0,0.0,2000,2000,2000,1125,True,922,0.8195555555555556,21.25422222222222,20.0,ok,,good
149,150,151,data/raw/zurich_mav_sample/MAV_Images/00150.jpg,data/raw/zurich_mav_sample/MAV_Images/00151.jpg,11962755,11988960,-0.030126465135254188,0.011289724148809882,-0.1389999999999536,0.03217237592876702,2000,2000,2000,1187,True,1078,0.9081718618365627,21.251053074978937,20.0,ok,,good
150,151,152,data/raw/zurich_mav_sample/MAV_Images/00151.jpg,data/raw/zurich_mav_sample/MAV_Images/00152.jpg,11988960,12022293,0.0,0.0,0.0,0.0,2000,2000,2000,1245,True,903,0.7253012048192771,21.556626506024095,20.0,ok,,good
151,152,153,data/raw/zurich_mav_sample/MAV_Images/00152.jpg,data/raw/zurich_mav_sample/MAV_Images/00153.jpg,12022293,12055626,0.0,0.0,0.0,0.0,2000,2000,2000,1263,True,945,0.7482185273159145,21.505938242280283,20.0,ok,,good
152,153,154,data/raw/zurich_mav_sample/MAV_Images/00153.jpg,data/raw/zurich_mav_sample/MAV_Images/00154.jpg,12055626,12088959,0.0,0.0,0.0,0.0,2000,2000,2000,1333,True,1085,0.813953488372093,20.97899474868717,19.0,ok,,good
153,154,155,data/raw/zurich_mav_sample/MAV_Images/00154.jpg,data/raw/zurich_mav_sample/MAV_Images/00155.jpg,12088959,12122292,0.0,0.0,0.0,0.0,2000,2000,2000,1313,True,1245,0.9482102056359482,21.54988575780655,20.0,ok,,good
154,155,156,data/raw/zurich_mav_sample/MAV_Images/00155.jpg,data/raw/zurich_mav_sample/MAV_Images/00156.jpg,12122292,12155625,0.0,0.0,0.0,0.0,2000,2000,2000,1347,True,1202,0.8923533778767632,19.561989606533036,18.0,ok,,good
155,156,157,data/raw/zurich_mav_sample/MAV_Images/00156.jpg,data/raw/zurich_mav_sample/MAV_Images/00157.jpg,12155625,12191611,-0.02225401945179306,0.066812421195209,-0.132000000000005,0.07042116874723676,2000,2000,2000,1241,True,1114,0.8976631748589847,21.888799355358582,21.0,ok,,good
156,157,158,data/raw/zurich_mav_sample/MAV_Images/00157.jpg,data/raw/zurich_mav_sample/MAV_Images/00158.jpg,12191611,12224944,0.0,0.0,0.0,0.0,2000,2000,2000,1309,True,1099,0.839572192513369,21.052711993888465,19.0,ok,,good
157,158,159,data/raw/zurich_mav_sample/MAV_Images/00158.jpg,data/raw/zurich_mav_sample/MAV_Images/00159.jpg,12224944,12258277,0.0,0.0,0.0,0.0,2000,2000,2000,1363,True,1144,0.8393250183418929,18.633895818048423,17.0,ok,,good
158,159,160,data/raw/zurich_mav_sample/MAV_Images/00159.jpg,data/raw/zurich_mav_sample/MAV_Images/00160.jpg,12258277,12291610,0.0,0.0,0.0,0.0,2000,2000,2000,1316,True,1159,0.8806990881458967,20.63145896656535,19.0,ok,,good
159,160,161,data/raw/zurich_mav_sample/MAV_Images/00160.jpg,data/raw/zurich_mav_sample/MAV_Images/00161.jpg,12291610,12324943,0.0,0.0,0.0,0.0,2000,2000,2000,1367,True,1251,0.9151426481346013,20.355523043160204,18.0,ok,,good
160,161,162,data/raw/zurich_mav_sample/MAV_Images/00161.jpg,data/raw/zurich_mav_sample/MAV_Images/00162.jpg,12324943,12358276,0.0,0.0,0.0,0.0,2000,2000,2000,1306,True,992,0.7595712098009189,20.403522205206738,19.0,ok,,good
161,162,163,data/raw/zurich_mav_sample/MAV_Images/00162.jpg,data/raw/zurich_mav_sample/MAV_Images/00163.jpg,12358276,12388362,-0.014381573593709618,0.1223351191729307,-0.2820000000000391,0.1231775590036044,2000,2000,2000,1342,True,1069,0.7965722801788375,21.540238450074515,20.0,ok,,good
162,163,164,data/raw/zurich_mav_sample/MAV_Images/00163.jpg,data/raw/zurich_mav_sample/MAV_Images/00164.jpg,12388362,12421695,0.0,0.0,0.0,0.0,2000,2000,2000,1351,True,1280,0.9474463360473723,20.21095484826055,18.0,ok,,good
163,164,165,data/raw/zurich_mav_sample/MAV_Images/00164.jpg,data/raw/zurich_mav_sample/MAV_Images/00165.jpg,12421695,12455028,0.0,0.0,0.0,0.0,2000,2000,2000,1341,True,1256,0.9366144668158091,21.929903057419835,20.0,ok,,good
164,165,166,data/raw/zurich_mav_sample/MAV_Images/00165.jpg,data/raw/zurich_mav_sample/MAV_Images/00166.jpg,12455028,12488361,0.0,0.0,0.0,0.0,2000,2000,2000,1319,True,1221,0.9257012888551933,21.082638362395755,20.0,ok,,good
165,166,167,data/raw/zurich_mav_sample/MAV_Images/00166.jpg,data/raw/zurich_mav_sample/MAV_Images/00167.jpg,12488361,12521694,0.0,0.0,0.0,0.0,2000,2000,2000,1226,True,1122,0.9151712887438825,21.22756933115824,20.0,ok,,good
166,167,168,data/raw/zurich_mav_sample/MAV_Images/00167.jpg,data/raw/zurich_mav_sample/MAV_Images/00168.jpg,12521694,12555027,0.0,0.0,0.0,0.0,2000,2000,2000,1206,True,1060,0.87893864013267,21.391376451077942,20.0,ok,,good
167,168,169,data/raw/zurich_mav_sample/MAV_Images/00168.jpg,data/raw/zurich_mav_sample/MAV_Images/00169.jpg,12555027,12590212,-0.15869952598586679,-0.032414148561656496,0.018000000000029104,0.1619759753022526,2000,2000,2000,1294,True,1181,0.9126738794435858,21.034003091190108,20.0,ok,,good
168,169,170,data/raw/zurich_mav_sample/MAV_Images/00169.jpg,data/raw/zurich_mav_sample/MAV_Images/00170.jpg,12590212,12623545,0.0,0.0,0.0,0.0,2000,2000,2000,1334,True,1186,0.889055472263868,20.059970014992505,18.0,ok,,good
169,170,171,data/raw/zurich_mav_sample/MAV_Images/00170.jpg,data/raw/zurich_mav_sample/MAV_Images/00171.jpg,12623545,12656878,0.0,0.0,0.0,0.0,2000,2000,2000,1261,True,1129,0.8953211736716892,22.27279936558287,21.0,ok,,good
170,171,172,data/raw/zurich_mav_sample/MAV_Images/00171.jpg,data/raw/zurich_mav_sample/MAV_Images/00172.jpg,12656878,12690211,0.0,0.0,0.0,0.0,2000,2000,2000,1383,True,1245,0.9002169197396963,18.770788141720896,17.0,ok,,good
171,172,173,data/raw/zurich_mav_sample/MAV_Images/00172.jpg,data/raw/zurich_mav_sample/MAV_Images/00173.jpg,12690211,12723544,0.0,0.0,0.0,0.0,2000,2000,2000,1346,True,961,0.7139673105497771,20.433878157503713,19.0,ok,,good
172,173,174,data/raw/zurich_mav_sample/MAV_Images/00173.jpg,data/raw/zurich_mav_sample/MAV_Images/00174.jpg,12723544,12756877,0.0,0.0,0.0,0.0,2000,2000,2000,1284,True,1085,0.8450155763239875,21.855919003115265,20.0,ok,,good
173,174,175,data/raw/zurich_mav_sample/MAV_Images/00174.jpg,data/raw/zurich_mav_sample/MAV_Images/00175.jpg,12756877,12790053,-0.06819029542384691,-0.044056604616343906,0.045999999999992935,0.08118436302830966,2000,2000,2000,1385,True,1336,0.9646209386281589,18.3927797833935,16.0,ok,,good
174,175,176,data/raw/zurich_mav_sample/MAV_Images/00175.jpg,data/raw/zurich_mav_sample/MAV_Images/00176.jpg,12790053,12823386,0.0,0.0,0.0,0.0,2000,2000,2000,1333,True,1158,0.8687171792948237,21.72768192048012,20.0,ok,,good
175,176,177,data/raw/zurich_mav_sample/MAV_Images/00176.jpg,data/raw/zurich_mav_sample/MAV_Images/00177.jpg,12823386,12856719,0.0,0.0,0.0,0.0,2000,2000,2000,1309,True,1029,0.786096256684492,20.681436210847977,19.0,ok,,good
176,177,178,data/raw/zurich_mav_sample/MAV_Images/00177.jpg,data/raw/zurich_mav_sample/MAV_Images/00178.jpg,12856719,12890052,0.0,0.0,0.0,0.0,2000,2000,2000,1364,True,1249,0.9156891495601173,20.230205278592376,18.0,ok,,good
177,178,179,data/raw/zurich_mav_sample/MAV_Images/00178.jpg,data/raw/zurich_mav_sample/MAV_Images/00179.jpg,12890052,12923385,0.0,0.0,0.0,0.0,2000,2000,2000,1422,True,1344,0.9451476793248945,18.772855133614627,17.0,ok,,good
178,179,180,data/raw/zurich_mav_sample/MAV_Images/00179.jpg,data/raw/zurich_mav_sample/MAV_Images/00180.jpg,12923385,12956718,0.0,0.0,0.0,0.0,2000,2000,2000,1430,True,1393,0.9741258741258741,17.31958041958042,15.0,ok,,good
179,180,181,data/raw/zurich_mav_sample/MAV_Images/00180.jpg,data/raw/zurich_mav_sample/MAV_Images/00181.jpg,12956718,12990712,0.00032460159854985626,0.0555667895823716,-0.05700000000001704,0.05556773767834482,2000,2000,2000,1368,True,1211,0.8852339181286549,20.165204678362574,19.0,ok,,good
180,181,182,data/raw/zurich_mav_sample/MAV_Images/00181.jpg,data/raw/zurich_mav_sample/MAV_Images/00182.jpg,12990712,13024045,0.0,0.0,0.0,0.0,2000,2000,2000,1623,True,1608,0.9907578558225508,12.011706715958102,8.0,ok,,good
181,182,183,data/raw/zurich_mav_sample/MAV_Images/00182.jpg,data/raw/zurich_mav_sample/MAV_Images/00183.jpg,13024045,13057378,0.0,0.0,0.0,0.0,2000,2000,2000,1422,True,1321,0.9289732770745429,19.0,17.0,ok,,good
182,183,184,data/raw/zurich_mav_sample/MAV_Images/00183.jpg,data/raw/zurich_mav_sample/MAV_Images/00184.jpg,13057378,13090711,0.0,0.0,0.0,0.0,2000,2000,2000,1478,True,1361,0.9208389715832206,17.59066305818674,15.0,ok,,good
183,184,185,data/raw/zurich_mav_sample/MAV_Images/00184.jpg,data/raw/zurich_mav_sample/MAV_Images/00185.jpg,13090711,13124044,0.0,0.0,0.0,0.0,2000,2000,2000,1427,True,1230,0.861948142957253,18.060967063770146,16.0,ok,,good
184,185,186,data/raw/zurich_mav_sample/MAV_Images/00185.jpg,data/raw/zurich_mav_sample/MAV_Images/00186.jpg,13124044,13157377,0.0,0.0,0.0,0.0,2000,2000,2000,1317,True,1186,0.9005315110098709,21.082004555808656,19.0,ok,,good
185,186,187,data/raw/zurich_mav_sample/MAV_Images/00186.jpg,data/raw/zurich_mav_sample/MAV_Images/00187.jpg,13157377,13188406,0.000779043766669929,0.1333602936938405,-0.10300000000000864,0.13336256912379044,2000,2000,2000,1341,True,1265,0.9433258762117822,21.478001491424312,20.0,ok,,good
186,187,188,data/raw/zurich_mav_sample/MAV_Images/00187.jpg,data/raw/zurich_mav_sample/MAV_Images/00188.jpg,13188406,13221739,0.0,0.0,0.0,0.0,2000,2000,2000,1644,True,1623,0.9872262773722628,12.135036496350365,9.0,ok,,good
187,188,189,data/raw/zurich_mav_sample/MAV_Images/00188.jpg,data/raw/zurich_mav_sample/MAV_Images/00189.jpg,13221739,13255072,0.0,0.0,0.0,0.0,2000,2000,2000,1384,True,1218,0.880057803468208,20.054190751445088,19.0,ok,,good
188,189,190,data/raw/zurich_mav_sample/MAV_Images/00189.jpg,data/raw/zurich_mav_sample/MAV_Images/00190.jpg,13255072,13288405,0.0,0.0,0.0,0.0,2000,2000,2000,1586,True,1555,0.980453972257251,14.908575031525851,12.0,ok,,good
189,190,191,data/raw/zurich_mav_sample/MAV_Images/00190.jpg,data/raw/zurich_mav_sample/MAV_Images/00191.jpg,13288405,13321738,0.0,0.0,0.0,0.0,2000,2000,2000,1480,True,1435,0.9695945945945946,17.531756756756756,15.0,ok,,good
190,191,192,data/raw/zurich_mav_sample/MAV_Images/00191.jpg,data/raw/zurich_mav_sample/MAV_Images/00192.jpg,13321738,13355071,0.0,0.0,0.0,0.0,2000,2000,2000,1420,True,1372,0.9661971830985916,18.87887323943662,16.0,ok,,good
191,192,193,data/raw/zurich_mav_sample/MAV_Images/00192.jpg,data/raw/zurich_mav_sample/MAV_Images/00193.jpg,13355071,13389207,-0.06773585127666593,0.0337368994951249,-0.012999999999976808,0.07567247805985187,2000,2000,2000,1330,True,1262,0.9488721804511279,21.0203007518797,20.0,ok,,good
192,193,194,data/raw/zurich_mav_sample/MAV_Images/00193.jpg,data/raw/zurich_mav_sample/MAV_Images/00194.jpg,13389207,13422540,0.0,0.0,0.0,0.0,2000,2000,2000,1347,True,1295,0.961395694135115,20.43132887899035,19.0,ok,,good
193,194,195,data/raw/zurich_mav_sample/MAV_Images/00194.jpg,data/raw/zurich_mav_sample/MAV_Images/00195.jpg,13422540,13455873,0.0,0.0,0.0,0.0,2000,2000,2000,1363,True,1317,0.9662509170946442,19.453411592076304,18.0,ok,,good
194,195,196,data/raw/zurich_mav_sample/MAV_Images/00195.jpg,data/raw/zurich_mav_sample/MAV_Images/00196.jpg,13455873,13489206,0.0,0.0,0.0,0.0,2000,2000,2000,1495,True,1465,0.979933110367893,15.419397993311037,12.0,ok,,good
195,196,197,data/raw/zurich_mav_sample/MAV_Images/00196.jpg,data/raw/zurich_mav_sample/MAV_Images/00197.jpg,13489206,13522539,0.0,0.0,0.0,0.0,2000,2000,2000,1404,True,1362,0.9700854700854701,18.70868945868946,17.0,ok,,good
196,197,198,data/raw/zurich_mav_sample/MAV_Images/00197.jpg,data/raw/zurich_mav_sample/MAV_Images/00198.jpg,13522539,13555872,0.0,0.0,0.0,0.0,2000,2000,2000,1456,True,1401,0.9622252747252747,18.303571428571427,16.0,ok,,good
197,198,199,data/raw/zurich_mav_sample/MAV_Images/00198.jpg,data/raw/zurich_mav_sample/MAV_Images/00199.jpg,13555872,13592107,-0.11321768682682887,0.0006613805890083035,-0.05299999999999727,0.11321961859457669,2000,2000,2000,1465,True,1398,0.9542662116040955,16.19249146757679,14.0,ok,,good
198,199,200,data/raw/zurich_mav_sample/MAV_Images/00199.jpg,data/raw/zurich_mav_sample/MAV_Images/00200.jpg,13592107,13625440,0.0,0.0,0.0,0.0,2000,2000,2000,1340,True,1277,0.9529850746268657,20.578358208955223,19.0,ok,,good
199,200,201,data/raw/zurich_mav_sample/MAV_Images/00200.jpg,data/raw/zurich_mav_sample/MAV_Images/00201.jpg,13625440,13658773,0.0,0.0,0.0,0.0,2000,2000,2000,1343,True,1226,0.9128816083395384,21.069992553983617,19.0,ok,,good
200,201,202,data/raw/zurich_mav_sample/MAV_Images/00201.jpg,data/raw/zurich_mav_sample/MAV_Images/00202.jpg,13658773,13692106,0.0,0.0,0.0,0.0,2000,2000,2000,1354,True,1308,0.96602658788774,20.50664697193501,19.0,ok,,good
201,202,203,data/raw/zurich_mav_sample/MAV_Images/00202.jpg,data/raw/zurich_mav_sample/MAV_Images/00203.jpg,13692106,13725439,0.0,0.0,0.0,0.0,2000,2000,2000,1312,True,1190,0.9070121951219512,21.05030487804878,19.0,ok,,good
202,203,204,data/raw/zurich_mav_sample/MAV_Images/00203.jpg,data/raw/zurich_mav_sample/MAV_Images/00204.jpg,13725439,13758772,0.0,0.0,0.0,0.0,2000,2000,2000,1290,True,1131,0.8767441860465116,21.77984496124031,20.0,ok,,good
203,204,205,data/raw/zurich_mav_sample/MAV_Images/00204.jpg,data/raw/zurich_mav_sample/MAV_Images/00205.jpg,13758772,13808127,-0.029801858821883798,0.0668565155938268,-0.06099999999997885,0.07319798130131117,2000,2000,2000,1321,True,1183,0.8955336866010598,21.36563209689629,20.0,ok,,good
204,205,206,data/raw/zurich_mav_sample/MAV_Images/00205.jpg,data/raw/zurich_mav_sample/MAV_Images/00206.jpg,13808127,13841460,0.0,0.0,0.0,0.0,2000,2000,2000,1419,True,1216,0.8569415081042988,18.592670894996477,17.0,ok,,good
205,206,207,data/raw/zurich_mav_sample/MAV_Images/00206.jpg,data/raw/zurich_mav_sample/MAV_Images/00207.jpg,13841460,13874793,0.0,0.0,0.0,0.0,2000,2000,2000,1297,True,1246,0.9606784888203547,21.366229760986894,20.0,ok,,good
206,207,208,data/raw/zurich_mav_sample/MAV_Images/00207.jpg,data/raw/zurich_mav_sample/MAV_Images/00208.jpg,13874793,13908126,0.0,0.0,0.0,0.0,2000,2000,2000,1339,True,1145,0.8551157580283794,21.188946975354742,20.0,ok,,good
207,208,209,data/raw/zurich_mav_sample/MAV_Images/00208.jpg,data/raw/zurich_mav_sample/MAV_Images/00209.jpg,13908126,13941459,0.0,0.0,0.0,0.0,2000,2000,2000,1193,True,969,0.8122380553227159,22.447611064543167,21.0,ok,,good
208,209,210,data/raw/zurich_mav_sample/MAV_Images/00209.jpg,data/raw/zurich_mav_sample/MAV_Images/00210.jpg,13941459,13974792,0.0,0.0,0.0,0.0,2000,2000,2000,1240,True,1082,0.8725806451612903,22.105645161290322,20.0,ok,,good
209,210,211,data/raw/zurich_mav_sample/MAV_Images/00210.jpg,data/raw/zurich_mav_sample/MAV_Images/00211.jpg,13974792,13989764,-0.14360383135499433,-0.0325023224577308,0.0629999999999884,0.14723607351793908,2000,2000,2000,1214,True,1093,0.9003294892915981,20.971993410214168,19.0,ok,,good
210,211,212,data/raw/zurich_mav_sample/MAV_Images/00211.jpg,data/raw/zurich_mav_sample/MAV_Images/00212.jpg,13989764,14023097,0.0,0.0,0.0,0.0,2000,2000,2000,1216,True,1125,0.9251644736842105,22.633223684210527,21.0,ok,,good
211,212,213,data/raw/zurich_mav_sample/MAV_Images/00212.jpg,data/raw/zurich_mav_sample/MAV_Images/00213.jpg,14023097,14056430,0.0,0.0,0.0,0.0,2000,2000,2000,1048,True,979,0.9341603053435115,20.1956106870229,18.0,ok,,good
212,213,214,data/raw/zurich_mav_sample/MAV_Images/00213.jpg,data/raw/zurich_mav_sample/MAV_Images/00214.jpg,14056430,14089763,0.0,0.0,0.0,0.0,2000,2000,2000,986,True,787,0.7981744421906694,22.113590263691684,20.0,ok,,good
213,214,215,data/raw/zurich_mav_sample/MAV_Images/00214.jpg,data/raw/zurich_mav_sample/MAV_Images/00215.jpg,14089763,14123096,0.0,0.0,0.0,0.0,2000,2000,2000,1314,True,1110,0.8447488584474886,20.8531202435312,19.0,ok,,good
214,215,216,data/raw/zurich_mav_sample/MAV_Images/00215.jpg,data/raw/zurich_mav_sample/MAV_Images/00216.jpg,14123096,14156429,0.0,0.0,0.0,0.0,2000,2000,2000,1000,True,896,0.896,20.975,19.0,ok,,good
215,216,217,data/raw/zurich_mav_sample/MAV_Images/00216.jpg,data/raw/zurich_mav_sample/MAV_Images/00217.jpg,14156429,14191526,0.02322782576084137,0.09988794382661578,-0.03700000000003478,0.1025530750952167,2000,2000,2000,965,True,729,0.755440414507772,21.003108808290154,19.0,ok,,good
216,217,218,data/raw/zurich_mav_sample/MAV_Images/00217.jpg,data/raw/zurich_mav_sample/MAV_Images/00218.jpg,14191526,14224859,0.0,0.0,0.0,0.0,2000,2000,2000,1025,True,950,0.926829268292683,20.854634146341464,19.0,ok,,good
217,218,219,data/raw/zurich_mav_sample/MAV_Images/00218.jpg,data/raw/zurich_mav_sample/MAV_Images/00219.jpg,14224859,14258192,0.0,0.0,0.0,0.0,2000,2000,2000,1178,True,1097,0.931239388794567,20.112903225806452,18.0,ok,,good
218,219,220,data/raw/zurich_mav_sample/MAV_Images/00219.jpg,data/raw/zurich_mav_sample/MAV_Images/00220.jpg,14258192,14291525,0.0,0.0,0.0,0.0,2000,2000,2000,1364,True,1266,0.9281524926686217,18.810117302052785,17.5,ok,,good
219,220,221,data/raw/zurich_mav_sample/MAV_Images/00220.jpg,data/raw/zurich_mav_sample/MAV_Images/00221.jpg,14291525,14324858,0.0,0.0,0.0,0.0,2000,2000,2000,1377,True,1331,0.9665940450254176,18.0559186637618,16.0,ok,,good
220,221,222,data/raw/zurich_mav_sample/MAV_Images/00221.jpg,data/raw/zurich_mav_sample/MAV_Images/00222.jpg,14324858,14358191,0.0,0.0,0.0,0.0,2000,2000,2000,1390,True,1293,0.9302158273381295,17.357553956834533,16.0,ok,,good
221,222,223,data/raw/zurich_mav_sample/MAV_Images/00222.jpg,data/raw/zurich_mav_sample/MAV_Images/00223.jpg,14358191,14387222,0.04580644052475691,0.08864230941981083,0.0030000000000429683,0.0997781990859004,2000,2000,2000,1452,True,1233,0.8491735537190083,16.884986225895318,14.0,ok,,good
222,223,224,data/raw/zurich_mav_sample/MAV_Images/00223.jpg,data/raw/zurich_mav_sample/MAV_Images/00224.jpg,14387222,14420555,0.0,0.0,0.0,0.0,2000,2000,2000,1641,True,1619,0.9865935405240707,12.695307739183425,9.0,ok,,good
223,224,225,data/raw/zurich_mav_sample/MAV_Images/00224.jpg,data/raw/zurich_mav_sample/MAV_Images/00225.jpg,14420555,14453888,0.0,0.0,0.0,0.0,2000,2000,2000,1523,True,1488,0.9770190413657256,15.450426789231779,13.0,ok,,good
224,225,226,data/raw/zurich_mav_sample/MAV_Images/00225.jpg,data/raw/zurich_mav_sample/MAV_Images/00226.jpg,14453888,14487221,0.0,0.0,0.0,0.0,2000,2000,2000,1579,True,1545,0.9784673844205193,14.127295756808106,11.0,ok,,good
225,226,227,data/raw/zurich_mav_sample/MAV_Images/00226.jpg,data/raw/zurich_mav_sample/MAV_Images/00227.jpg,14487221,14520554,0.0,0.0,0.0,0.0,2000,2000,2000,1372,True,1075,0.7835276967930029,19.408892128279884,18.0,ok,,good
226,227,228,data/raw/zurich_mav_sample/MAV_Images/00227.jpg,data/raw/zurich_mav_sample/MAV_Images/00228.jpg,14520554,14553887,0.0,0.0,0.0,0.0,2000,2000,2000,1617,True,1590,0.9833024118738405,13.543599257884972,10.0,ok,,good
227,228,229,data/raw/zurich_mav_sample/MAV_Images/00228.jpg,data/raw/zurich_mav_sample/MAV_Images/00229.jpg,14553887,14588057,0.008197053975891322,0.11108948662877083,-0.09900000000004638,0.11139149758095332,2000,2000,2000,1528,True,1494,0.9777486910994765,14.727094240837696,12.0,ok,,good
228,229,230,data/raw/zurich_mav_sample/MAV_Images/00229.jpg,data/raw/zurich_mav_sample/MAV_Images/00230.jpg,14588057,14621390,0.0,0.0,0.0,0.0,2000,2000,2000,1546,True,1508,0.9754204398447607,14.258732212160414,11.0,ok,,good
229,230,231,data/raw/zurich_mav_sample/MAV_Images/00230.jpg,data/raw/zurich_mav_sample/MAV_Images/00231.jpg,14621390,14654723,0.0,0.0,0.0,0.0,2000,2000,2000,1605,True,1579,0.9838006230529595,12.829283489096573,9.0,ok,,good
230,231,232,data/raw/zurich_mav_sample/MAV_Images/00231.jpg,data/raw/zurich_mav_sample/MAV_Images/00232.jpg,14654723,14688056,0.0,0.0,0.0,0.0,2000,2000,2000,1348,True,1247,0.9250741839762612,21.577151335311573,20.0,ok,,good
231,232,233,data/raw/zurich_mav_sample/MAV_Images/00232.jpg,data/raw/zurich_mav_sample/MAV_Images/00233.jpg,14688056,14721389,0.0,0.0,0.0,0.0,2000,2000,2000,1433,True,1266,0.8834612700628053,18.595952547103977,17.0,ok,,good
232,233,234,data/raw/zurich_mav_sample/MAV_Images/00233.jpg,data/raw/zurich_mav_sample/MAV_Images/00234.jpg,14721389,14754722,0.0,0.0,0.0,0.0,2000,2000,2000,1381,True,1225,0.8870383779869659,18.433743664011587,17.0,ok,,good
233,234,235,data/raw/zurich_mav_sample/MAV_Images/00234.jpg,data/raw/zurich_mav_sample/MAV_Images/00235.jpg,14754722,14796032,0.03786906838649884,0.02200625278055668,0.11000000000001342,0.04379887557806803,2000,2000,2000,1345,True,1249,0.9286245353159851,20.823048327137545,18.0,ok,,good
234,235,236,data/raw/zurich_mav_sample/MAV_Images/00235.jpg,data/raw/zurich_mav_sample/MAV_Images/00236.jpg,14796032,14829365,0.0,0.0,0.0,0.0,2000,2000,2000,1422,True,1385,0.9739803094233473,17.09704641350211,15.0,ok,,good
235,236,237,data/raw/zurich_mav_sample/MAV_Images/00236.jpg,data/raw/zurich_mav_sample/MAV_Images/00237.jpg,14829365,14862698,0.0,0.0,0.0,0.0,2000,2000,2000,1328,True,1188,0.8945783132530121,21.04668674698795,19.0,ok,,good
236,237,238,data/raw/zurich_mav_sample/MAV_Images/00237.jpg,data/raw/zurich_mav_sample/MAV_Images/00238.jpg,14862698,14896031,0.0,0.0,0.0,0.0,2000,2000,2000,1249,True,1178,0.9431545236188951,22.3386709367494,21.0,ok,,good
237,238,239,data/raw/zurich_mav_sample/MAV_Images/00238.jpg,data/raw/zurich_mav_sample/MAV_Images/00239.jpg,14896031,14929364,0.0,0.0,0.0,0.0,2000,2000,2000,1295,True,1005,0.7760617760617761,21.822393822393824,19.0,ok,,good
238,239,240,data/raw/zurich_mav_sample/MAV_Images/00239.jpg,data/raw/zurich_mav_sample/MAV_Images/00240.jpg,14929364,14962697,0.0,0.0,0.0,0.0,2000,2000,2000,1377,True,1202,0.8729121278140886,20.310094408133622,19.0,ok,,good
239,240,241,data/raw/zurich_mav_sample/MAV_Images/00240.jpg,data/raw/zurich_mav_sample/MAV_Images/00241.jpg,14962697,14990721,-0.01535537390736863,-0.04436524584889412,0.10200000000003251,0.04694744452116552,2000,2000,2000,1287,True,1181,0.9176379176379177,20.404817404817404,18.0,ok,,good
240,241,242,data/raw/zurich_mav_sample/MAV_Images/00241.jpg,data/raw/zurich_mav_sample/MAV_Images/00242.jpg,14990721,15024054,0.0,0.0,0.0,0.0,2000,2000,2000,1290,True,1058,0.8201550387596899,21.973643410852713,20.0,ok,,good
241,242,243,data/raw/zurich_mav_sample/MAV_Images/00242.jpg,data/raw/zurich_mav_sample/MAV_Images/00243.jpg,15024054,15057387,0.0,0.0,0.0,0.0,2000,2000,2000,1326,True,1201,0.9057315233785822,20.618401206636502,18.0,ok,,good
242,243,244,data/raw/zurich_mav_sample/MAV_Images/00243.jpg,data/raw/zurich_mav_sample/MAV_Images/00244.jpg,15057387,15090720,0.0,0.0,0.0,0.0,2000,2000,2000,1231,True,928,0.7538586515028433,21.93582453290008,20.0,ok,,good
243,244,245,data/raw/zurich_mav_sample/MAV_Images/00244.jpg,data/raw/zurich_mav_sample/MAV_Images/00245.jpg,15090720,15124053,0.0,0.0,0.0,0.0,2000,2000,2000,1277,True,1105,0.86530931871574,22.470634299138606,20.0,ok,,good
244,245,246,data/raw/zurich_mav_sample/MAV_Images/00245.jpg,data/raw/zurich_mav_sample/MAV_Images/00246.jpg,15124053,15157386,0.0,0.0,0.0,0.0,2000,2000,2000,1343,True,1235,0.9195830230826508,20.156366344005956,18.0,ok,,good
245,246,247,data/raw/zurich_mav_sample/MAV_Images/00246.jpg,data/raw/zurich_mav_sample/MAV_Images/00247.jpg,15157386,15185446,0.09903087874408811,0.15501381270587444,-0.21800000000001774,0.18394672346752525,2000,2000,2000,1233,True,1119,0.9075425790754258,21.78183292781833,21.0,ok,,good
246,247,248,data/raw/zurich_mav_sample/MAV_Images/00247.jpg,data/raw/zurich_mav_sample/MAV_Images/00248.jpg,15185446,15218779,0.0,0.0,0.0,0.0,2000,2000,2000,1275,True,1145,0.8980392156862745,20.712156862745097,19.0,ok,,good
247,248,249,data/raw/zurich_mav_sample/MAV_Images/00248.jpg,data/raw/zurich_mav_sample/MAV_Images/00249.jpg,15218779,15252112,0.0,0.0,0.0,0.0,2000,2000,2000,1202,True,977,0.8128119800332779,21.986688851913478,20.0,ok,,good
248,249,250,data/raw/zurich_mav_sample/MAV_Images/00249.jpg,data/raw/zurich_mav_sample/MAV_Images/00250.jpg,15252112,15285445,0.0,0.0,0.0,0.0,2000,2000,2000,1361,True,1280,0.9404849375459221,19.704628949301984,18.0,ok,,good
249,250,251,data/raw/zurich_mav_sample/MAV_Images/00250.jpg,data/raw/zurich_mav_sample/MAV_Images/00251.jpg,15285445,15318778,0.0,0.0,0.0,0.0,2000,2000,2000,1306,True,1190,0.9111791730474732,21.32542113323124,20.0,ok,,good
250,251,252,data/raw/zurich_mav_sample/MAV_Images/00251.jpg,data/raw/zurich_mav_sample/MAV_Images/00252.jpg,15318778,15352111,0.0,0.0,0.0,0.0,2000,2000,2000,1299,True,1041,0.8013856812933026,21.98537336412625,20.0,ok,,good
251,252,253,data/raw/zurich_mav_sample/MAV_Images/00252.jpg,data/raw/zurich_mav_sample/MAV_Images/00253.jpg,15352111,15387279,-0.007677686400711536,-0.02218262478709221,0.03699999999997772,0.023473723839914886,2000,2000,2000,1295,True,1148,0.8864864864864865,22.137451737451737,20.0,ok,,good
252,253,254,data/raw/zurich_mav_sample/MAV_Images/00253.jpg,data/raw/zurich_mav_sample/MAV_Images/00254.jpg,15387279,15420612,0.0,0.0,0.0,0.0,2000,2000,2000,1322,True,1174,0.8880484114977307,20.344175491679273,18.0,ok,,good
253,254,255,data/raw/zurich_mav_sample/MAV_Images/00254.jpg,data/raw/zurich_mav_sample/MAV_Images/00255.jpg,15420612,15453945,0.0,0.0,0.0,0.0,2000,2000,2000,1301,True,1073,0.824750192159877,20.264411990776328,19.0,ok,,good
254,255,256,data/raw/zurich_mav_sample/MAV_Images/00255.jpg,data/raw/zurich_mav_sample/MAV_Images/00256.jpg,15453945,15487278,0.0,0.0,0.0,0.0,2000,2000,2000,1337,True,1274,0.9528795811518325,20.661929693343307,19.0,ok,,good
255,256,257,data/raw/zurich_mav_sample/MAV_Images/00256.jpg,data/raw/zurich_mav_sample/MAV_Images/00257.jpg,15487278,15520611,0.0,0.0,0.0,0.0,2000,2000,2000,1375,True,1207,0.8778181818181818,19.823272727272727,18.0,ok,,good
256,257,258,data/raw/zurich_mav_sample/MAV_Images/00257.jpg,data/raw/zurich_mav_sample/MAV_Images/00258.jpg,15520611,15553944,0.0,0.0,0.0,0.0,2000,2000,2000,1352,True,1031,0.7625739644970414,19.767011834319526,18.0,ok,,good
257,258,259,data/raw/zurich_mav_sample/MAV_Images/00258.jpg,data/raw/zurich_mav_sample/MAV_Images/00259.jpg,15553944,15585104,0.022383853269275278,-0.044585706666111946,0.16700000000003046,0.04988909826903093,2000,2000,2000,1348,True,1000,0.7418397626112759,20.245548961424333,19.0,ok,,good
258,259,260,data/raw/zurich_mav_sample/MAV_Images/00259.jpg,data/raw/zurich_mav_sample/MAV_Images/00260.jpg,15585104,15618437,0.0,0.0,0.0,0.0,2000,2000,2000,1484,True,1433,0.965633423180593,16.985849056603772,14.0,ok,,good
259,260,261,data/raw/zurich_mav_sample/MAV_Images/00260.jpg,data/raw/zurich_mav_sample/MAV_Images/00261.jpg,15618437,15651770,0.0,0.0,0.0,0.0,2000,2000,2000,1493,True,1467,0.9825853985264568,15.771600803750838,13.0,ok,,good
260,261,262,data/raw/zurich_mav_sample/MAV_Images/00261.jpg,data/raw/zurich_mav_sample/MAV_Images/00262.jpg,15651770,15685103,0.0,0.0,0.0,0.0,2000,2000,2000,1366,True,1315,0.9626647144948756,20.30453879941435,19.0,ok,,good
261,262,263,data/raw/zurich_mav_sample/MAV_Images/00262.jpg,data/raw/zurich_mav_sample/MAV_Images/00263.jpg,15685103,15718436,0.0,0.0,0.0,0.0,2000,2000,2000,1311,True,1240,0.9458428680396643,20.697940503432495,18.0,ok,,good
262,263,264,data/raw/zurich_mav_sample/MAV_Images/00263.jpg,data/raw/zurich_mav_sample/MAV_Images/00264.jpg,15718436,15751769,0.0,0.0,0.0,0.0,2000,2000,2000,1388,True,1323,0.9531700288184438,19.37463976945245,18.0,ok,,good
263,264,265,data/raw/zurich_mav_sample/MAV_Images/00264.jpg,data/raw/zurich_mav_sample/MAV_Images/00265.jpg,15751769,15786962,-0.015095690556335972,8.818600326776505e-05,-0.037000000000035005,0.015095948136630021,2000,2000,2000,1326,True,1174,0.8853695324283559,21.338612368024133,20.0,ok,,good
264,265,266,data/raw/zurich_mav_sample/MAV_Images/00265.jpg,data/raw/zurich_mav_sample/MAV_Images/00266.jpg,15786962,15820295,0.0,0.0,0.0,0.0,2000,2000,2000,1299,True,1119,0.8614318706697459,20.936874518860662,19.0,ok,,good
265,266,267,data/raw/zurich_mav_sample/MAV_Images/00266.jpg,data/raw/zurich_mav_sample/MAV_Images/00267.jpg,15820295,15853628,0.0,0.0,0.0,0.0,2000,2000,2000,1391,True,1186,0.8526240115025162,19.173256649892163,17.0,ok,,good
266,267,268,data/raw/zurich_mav_sample/MAV_Images/00267.jpg,data/raw/zurich_mav_sample/MAV_Images/00268.jpg,15853628,15886961,0.0,0.0,0.0,0.0,2000,2000,2000,1383,True,1205,0.871294287780188,18.155459146782356,16.0,ok,,good
267,268,269,data/raw/zurich_mav_sample/MAV_Images/00268.jpg,data/raw/zurich_mav_sample/MAV_Images/00269.jpg,15886961,15920294,0.0,0.0,0.0,0.0,2000,2000,2000,1401,True,1247,0.8900785153461813,18.85438972162741,17.0,ok,,good
268,269,270,data/raw/zurich_mav_sample/MAV_Images/00269.jpg,data/raw/zurich_mav_sample/MAV_Images/00270.jpg,15920294,15953627,0.0,0.0,0.0,0.0,2000,2000,2000,1383,True,1147,0.8293564714389009,20.005061460592913,18.0,ok,,good
269,270,271,data/raw/zurich_mav_sample/MAV_Images/00270.jpg,data/raw/zurich_mav_sample/MAV_Images/00271.jpg,15953627,15983557,-0.045287071669008805,0.00026455149054527283,0.004000000000019099,0.04528784437180787,2000,2000,2000,1304,True,1220,0.9355828220858896,19.55674846625767,18.0,ok,,good
270,271,272,data/raw/zurich_mav_sample/MAV_Images/00271.jpg,data/raw/zurich_mav_sample/MAV_Images/00272.jpg,15983557,16016890,0.0,0.0,0.0,0.0,2000,2000,2000,1303,True,1222,0.9378357636224098,19.766692248656945,18.0,ok,,good
271,272,273,data/raw/zurich_mav_sample/MAV_Images/00272.jpg,data/raw/zurich_mav_sample/MAV_Images/00273.jpg,16016890,16050223,0.0,0.0,0.0,0.0,2000,2000,2000,1358,True,1280,0.9425625920471281,18.42341678939617,17.0,ok,,good
272,273,274,data/raw/zurich_mav_sample/MAV_Images/00273.jpg,data/raw/zurich_mav_sample/MAV_Images/00274.jpg,16050223,16083556,0.0,0.0,0.0,0.0,2000,2000,2000,1396,True,1260,0.9025787965616046,19.36676217765043,18.0,ok,,good
273,274,275,data/raw/zurich_mav_sample/MAV_Images/00274.jpg,data/raw/zurich_mav_sample/MAV_Images/00275.jpg,16083556,16116889,0.0,0.0,0.0,0.0,2000,2000,2000,1326,True,1008,0.7601809954751131,20.56561085972851,18.0,ok,,good
274,275,276,data/raw/zurich_mav_sample/MAV_Images/00275.jpg,data/raw/zurich_mav_sample/MAV_Images/00276.jpg,16116889,16150222,0.0,0.0,0.0,0.0,2000,2000,2000,1329,True,1015,0.763732129420617,20.853273137697517,19.0,ok,,good
275,276,277,data/raw/zurich_mav_sample/MAV_Images/00276.jpg,data/raw/zurich_mav_sample/MAV_Images/00277.jpg,16150222,16191395,-0.052705075358972175,0.02253535855561495,0.052999999999996605,0.057320741043928106,2000,2000,2000,1268,True,920,0.7255520504731862,21.108044164037857,20.0,ok,,good
276,277,278,data/raw/zurich_mav_sample/MAV_Images/00277.jpg,data/raw/zurich_mav_sample/MAV_Images/00278.jpg,16191395,16224728,0.0,0.0,0.0,0.0,2000,2000,2000,1392,True,1337,0.9604885057471264,19.333333333333332,18.0,ok,,good
277,278,279,data/raw/zurich_mav_sample/MAV_Images/00278.jpg,data/raw/zurich_mav_sample/MAV_Images/00279.jpg,16224728,16258061,0.0,0.0,0.0,0.0,2000,2000,2000,1324,True,1165,0.8799093655589124,21.27643504531722,20.0,ok,,good
278,279,280,data/raw/zurich_mav_sample/MAV_Images/00279.jpg,data/raw/zurich_mav_sample/MAV_Images/00280.jpg,16258061,16291394,0.0,0.0,0.0,0.0,2000,2000,2000,1338,True,1034,0.772795216741405,21.024663677130047,19.0,ok,,good
279,280,281,data/raw/zurich_mav_sample/MAV_Images/00280.jpg,data/raw/zurich_mav_sample/MAV_Images/00281.jpg,16291394,16324727,0.0,0.0,0.0,0.0,2000,2000,2000,1277,True,913,0.7149569303054033,21.09162098668755,19.0,ok,,good
280,281,282,data/raw/zurich_mav_sample/MAV_Images/00281.jpg,data/raw/zurich_mav_sample/MAV_Images/00282.jpg,16324727,16358060,0.0,0.0,0.0,0.0,2000,2000,2000,1323,True,1207,0.9123204837490552,19.87830687830688,19.0,ok,,good
281,282,283,data/raw/zurich_mav_sample/MAV_Images/00282.jpg,data/raw/zurich_mav_sample/MAV_Images/00283.jpg,16358060,16388182,-0.06038276187609859,0.0003527384251356125,-0.014000000000008672,0.06038379216463796,2000,2000,2000,1367,True,1316,0.9626920263350403,18.372348207754207,17.0,ok,,good
282,283,284,data/raw/zurich_mav_sample/MAV_Images/00283.jpg,data/raw/zurich_mav_sample/MAV_Images/00284.jpg,16388182,16421515,0.0,0.0,0.0,0.0,2000,2000,2000,1336,True,1165,0.8720059880239521,18.82634730538922,17.0,ok,,good
283,284,285,data/raw/zurich_mav_sample/MAV_Images/00284.jpg,data/raw/zurich_mav_sample/MAV_Images/00285.jpg,16421515,16454848,0.0,0.0,0.0,0.0,2000,2000,2000,1317,True,1161,0.8815489749430524,20.902809415337888,19.0,ok,,good
284,285,286,data/raw/zurich_mav_sample/MAV_Images/00285.jpg,data/raw/zurich_mav_sample/MAV_Images/00286.jpg,16454848,16488181,0.0,0.0,0.0,0.0,2000,2000,2000,1305,True,1155,0.8850574712643678,22.038314176245212,20.0,ok,,good
285,286,287,data/raw/zurich_mav_sample/MAV_Images/00286.jpg,data/raw/zurich_mav_sample/MAV_Images/00287.jpg,16488181,16521514,0.0,0.0,0.0,0.0,2000,2000,2000,1286,True,1090,0.8475894245723172,21.031104199066874,19.0,ok,,good
286,287,288,data/raw/zurich_mav_sample/MAV_Images/00287.jpg,data/raw/zurich_mav_sample/MAV_Images/00288.jpg,16521514,16554847,0.0,0.0,0.0,0.0,2000,2000,2000,1410,True,1163,0.824822695035461,18.51418439716312,16.0,ok,,good
287,288,289,data/raw/zurich_mav_sample/MAV_Images/00288.jpg,data/raw/zurich_mav_sample/MAV_Images/00289.jpg,16554847,16590050,-0.05335428495891392,-0.08859821502119303,0.15700000000003822,0.10342303142152884,2000,2000,2000,1267,True,1112,0.877663772691397,21.304656669297554,19.0,ok,,good
288,289,290,data/raw/zurich_mav_sample/MAV_Images/00289.jpg,data/raw/zurich_mav_sample/MAV_Images/00290.jpg,16590050,16623383,0.0,0.0,0.0,0.0,2000,2000,2000,1270,True,953,0.7503937007874015,20.3755905511811,19.0,ok,,good
289,290,291,data/raw/zurich_mav_sample/MAV_Images/00290.jpg,data/raw/zurich_mav_sample/MAV_Images/00291.jpg,16623383,16656716,0.0,0.0,0.0,0.0,2000,2000,2000,1180,True,1083,0.9177966101694915,22.2,20.0,ok,,good
290,291,292,data/raw/zurich_mav_sample/MAV_Images/00291.jpg,data/raw/zurich_mav_sample/MAV_Images/00292.jpg,16656716,16690049,0.0,0.0,0.0,0.0,2000,2000,2000,1228,True,987,0.8037459283387622,21.88029315960912,20.0,ok,,good
291,292,293,data/raw/zurich_mav_sample/MAV_Images/00292.jpg,data/raw/zurich_mav_sample/MAV_Images/00293.jpg,16690049,16723382,0.0,0.0,0.0,0.0,2000,2000,2000,1347,True,1207,0.8960653303637713,20.356347438752785,19.0,ok,,good
292,293,294,data/raw/zurich_mav_sample/MAV_Images/00293.jpg,data/raw/zurich_mav_sample/MAV_Images/00294.jpg,16723382,16756715,0.0,0.0,0.0,0.0,2000,2000,2000,1464,True,1363,0.9310109289617486,16.306010928961747,14.0,ok,,good
293,294,295,data/raw/zurich_mav_sample/MAV_Images/00294.jpg,data/raw/zurich_mav_sample/MAV_Images/00295.jpg,16756715,16784751,-0.014836006448604167,0.04454161413013935,-0.125,0.04694744377132001,2000,2000,2000,1311,True,913,0.6964149504195271,21.37528604118993,20.0,ok,,good
294,295,296,data/raw/zurich_mav_sample/MAV_Images/00295.jpg,data/raw/zurich_mav_sample/MAV_Images/00296.jpg,16784751,16818084,0.0,0.0,0.0,0.0,2000,2000,2000,1339,True,1136,0.8483943241224795,20.313666915608664,19.0,ok,,good
295,296,297,data/raw/zurich_mav_sample/MAV_Images/00296.jpg,data/raw/zurich_mav_sample/MAV_Images/00297.jpg,16818084,16851417,0.0,0.0,0.0,0.0,2000,2000,2000,1335,True,1275,0.9550561797752809,20.32059925093633,19.0,ok,,good
296,297,298,data/raw/zurich_mav_sample/MAV_Images/00297.jpg,data/raw/zurich_mav_sample/MAV_Images/00298.jpg,16851417,16884750,0.0,0.0,0.0,0.0,2000,2000,2000,1352,True,1172,0.8668639053254438,19.619822485207102,17.0,ok,,good
297,298,299,data/raw/zurich_mav_sample/MAV_Images/00298.jpg,data/raw/zurich_mav_sample/MAV_Images/00299.jpg,16884750,16918083,0.0,0.0,0.0,0.0,2000,2000,2000,1443,True,1286,0.8911988911988912,17.14968814968815,15.0,ok,,good
298,299,300,data/raw/zurich_mav_sample/MAV_Images/00299.jpg,data/raw/zurich_mav_sample/MAV_Images/00300.jpg,16918083,16951416,0.0,0.0,0.0,0.0,2000,2000,2000,1419,True,1349,0.9506694855532065,19.326990838618745,17.0,ok,,good
299,300,301,data/raw/zurich_mav_sample/MAV_Images/00300.jpg,data/raw/zurich_mav_sample/MAV_Images/00301.jpg,16951416,16989655,-0.06051260477397591,-0.021873977035284042,0.022999999999968157,0.06434474499033736,2000,2000,2000,1480,True,1451,0.9804054054054054,15.67027027027027,13.0,ok,,good
300,301,302,data/raw/zurich_mav_sample/MAV_Images/00301.jpg,data/raw/zurich_mav_sample/MAV_Images/00302.jpg,16989655,17022988,0.0,0.0,0.0,0.0,2000,2000,2000,1374,True,1337,0.9730713245997089,19.104803493449783,18.0,ok,,good
301,302,303,data/raw/zurich_mav_sample/MAV_Images/00302.jpg,data/raw/zurich_mav_sample/MAV_Images/00303.jpg,17022988,17056321,0.0,0.0,0.0,0.0,2000,2000,2000,1462,True,1418,0.9699042407660738,17.03488372093023,15.0,ok,,good
302,303,304,data/raw/zurich_mav_sample/MAV_Images/00303.jpg,data/raw/zurich_mav_sample/MAV_Images/00304.jpg,17056321,17089654,0.0,0.0,0.0,0.0,2000,2000,2000,1430,True,1384,0.9678321678321679,18.34755244755245,17.0,ok,,good
303,304,305,data/raw/zurich_mav_sample/MAV_Images/00304.jpg,data/raw/zurich_mav_sample/MAV_Images/00305.jpg,17089654,17122987,0.0,0.0,0.0,0.0,2000,2000,2000,1316,True,1270,0.9650455927051672,19.893617021276597,18.0,ok,,good
304,305,306,data/raw/zurich_mav_sample/MAV_Images/00305.jpg,data/raw/zurich_mav_sample/MAV_Images/00306.jpg,17122987,17156320,0.0,0.0,0.0,0.0,2000,2000,2000,1481,True,1431,0.9662390276839973,17.120189061444968,14.0,ok,,good
305,306,307,data/raw/zurich_mav_sample/MAV_Images/00306.jpg,data/raw/zurich_mav_sample/MAV_Images/00307.jpg,17156320,17187411,-0.06832013570237894,-0.06628331448882818,0.006000000000028427,0.09518990871944553,2000,2000,2000,1367,True,1307,0.9561082662765179,18.017556693489393,17.0,ok,,good
306,307,308,data/raw/zurich_mav_sample/MAV_Images/00307.jpg,data/raw/zurich_mav_sample/MAV_Images/00308.jpg,17187411,17220744,0.0,0.0,0.0,0.0,2000,2000,2000,1316,True,1148,0.8723404255319149,21.104103343465045,20.0,ok,,good
307,308,309,data/raw/zurich_mav_sample/MAV_Images/00308.jpg,data/raw/zurich_mav_sample/MAV_Images/00309.jpg,17220744,17254077,0.0,0.0,0.0,0.0,2000,2000,2000,1339,True,1198,0.8946975354742345,20.235997012696043,19.0,ok,,good
308,309,310,data/raw/zurich_mav_sample/MAV_Images/00309.jpg,data/raw/zurich_mav_sample/MAV_Images/00310.jpg,17254077,17287410,0.0,0.0,0.0,0.0,2000,2000,2000,1439,True,1215,0.8443363446838082,18.667129951355108,17.0,ok,,good
309,310,311,data/raw/zurich_mav_sample/MAV_Images/00310.jpg,data/raw/zurich_mav_sample/MAV_Images/00311.jpg,17287410,17320743,0.0,0.0,0.0,0.0,2000,2000,2000,1456,True,1397,0.959478021978022,17.24587912087912,15.0,ok,,good
310,311,312,data/raw/zurich_mav_sample/MAV_Images/00311.jpg,data/raw/zurich_mav_sample/MAV_Images/00312.jpg,17320743,17354076,0.0,0.0,0.0,0.0,2000,2000,2000,1361,True,1187,0.8721528288023512,19.29684055841293,17.0,ok,,good
311,312,313,data/raw/zurich_mav_sample/MAV_Images/00312.jpg,data/raw/zurich_mav_sample/MAV_Images/00313.jpg,17354076,17391383,-0.015355376177467517,-0.044365245848894175,-0.045000000000015916,0.04694744526366007,2000,2000,2000,1442,True,1388,0.9625520110957004,17.57281553398058,15.0,ok,,good
312,313,314,data/raw/zurich_mav_sample/MAV_Images/00313.jpg,data/raw/zurich_mav_sample/MAV_Images/00314.jpg,17391383,17424716,0.0,0.0,0.0,0.0,2000,2000,2000,1355,True,1148,0.8472324723247232,19.448708487084872,17.0,ok,,good
313,314,315,data/raw/zurich_mav_sample/MAV_Images/00314.jpg,data/raw/zurich_mav_sample/MAV_Images/00315.jpg,17424716,17458049,0.0,0.0,0.0,0.0,2000,2000,2000,1371,True,1268,0.924872355944566,19.219547775346463,17.0,ok,,good
314,315,316,data/raw/zurich_mav_sample/MAV_Images/00315.jpg,data/raw/zurich_mav_sample/MAV_Images/00316.jpg,17458049,17491382,0.0,0.0,0.0,0.0,2000,2000,2000,1411,True,1374,0.9737774627923459,18.15024805102764,16.0,ok,,good
315,316,317,data/raw/zurich_mav_sample/MAV_Images/00316.jpg,data/raw/zurich_mav_sample/MAV_Images/00317.jpg,17491382,17524715,0.0,0.0,0.0,0.0,2000,2000,2000,1469,True,1437,0.9782164737916951,15.538461538461538,13.0,ok,,good
316,317,318,data/raw/zurich_mav_sample/MAV_Images/00317.jpg,data/raw/zurich_mav_sample/MAV_Images/00318.jpg,17524715,17558048,0.0,0.0,0.0,0.0,2000,2000,2000,1353,True,1212,0.8957871396895787,19.20842572062084,18.0,ok,,good
317,318,319,data/raw/zurich_mav_sample/MAV_Images/00318.jpg,data/raw/zurich_mav_sample/MAV_Images/00319.jpg,17558048,17588112,-0.007677688088733703,-0.02218262385576958,-0.0009999999999765752,0.02347372351192799,2000,2000,2000,1259,True,1187,0.9428117553613979,22.28594122319301,20.0,ok,,good
318,319,320,data/raw/zurich_mav_sample/MAV_Images/00319.jpg,data/raw/zurich_mav_sample/MAV_Images/00320.jpg,17588112,17621445,0.0,0.0,0.0,0.0,2000,2000,2000,1505,True,1468,0.9754152823920266,16.39202657807309,13.0,ok,,good
319,320,321,data/raw/zurich_mav_sample/MAV_Images/00320.jpg,data/raw/zurich_mav_sample/MAV_Images/00321.jpg,17621445,17654778,0.0,0.0,0.0,0.0,2000,2000,2000,1529,True,1486,0.9718770438194899,15.70372792674951,13.0,ok,,good
320,321,322,data/raw/zurich_mav_sample/MAV_Images/00321.jpg,data/raw/zurich_mav_sample/MAV_Images/00322.jpg,17654778,17688111,0.0,0.0,0.0,0.0,2000,2000,2000,1443,True,1400,0.9702009702009702,17.846153846153847,15.0,ok,,good
321,322,323,data/raw/zurich_mav_sample/MAV_Images/00322.jpg,data/raw/zurich_mav_sample/MAV_Images/00323.jpg,17688111,17721444,0.0,0.0,0.0,0.0,2000,2000,2000,1408,True,1379,0.9794034090909091,17.963068181818183,16.0,ok,,good
322,323,324,data/raw/zurich_mav_sample/MAV_Images/00323.jpg,data/raw/zurich_mav_sample/MAV_Images/00324.jpg,17721444,17754777,0.0,0.0,0.0,0.0,2000,2000,2000,1358,True,1300,0.9572901325478645,19.762150220913107,18.0,ok,,good
323,324,325,data/raw/zurich_mav_sample/MAV_Images/00324.jpg,data/raw/zurich_mav_sample/MAV_Images/00325.jpg,17754777,17784803,-0.060837214172352105,-0.07744076382368803,0.060000000000002496,0.09847963510213098,2000,2000,2000,1380,True,1106,0.8014492753623188,19.83405797101449,18.0,ok,,good
324,325,326,data/raw/zurich_mav_sample/MAV_Images/00325.jpg,data/raw/zurich_mav_sample/MAV_Images/00326.jpg,17784803,17818136,0.0,0.0,0.0,0.0,2000,2000,2000,1403,True,1278,0.9109052031361369,19.6863863150392,18.0,ok,,good
325,326,327,data/raw/zurich_mav_sample/MAV_Images/00326.jpg,data/raw/zurich_mav_sample/MAV_Images/00327.jpg,17818136,17851469,0.0,0.0,0.0,0.0,2000,2000,2000,1415,True,1373,0.9703180212014134,17.657243816254418,15.0,ok,,good
326,327,328,data/raw/zurich_mav_sample/MAV_Images/00327.jpg,data/raw/zurich_mav_sample/MAV_Images/00328.jpg,17851469,17884802,0.0,0.0,0.0,0.0,2000,2000,2000,1457,True,1405,0.9643102264927934,18.607412491420728,16.0,ok,,good
327,328,329,data/raw/zurich_mav_sample/MAV_Images/00328.jpg,data/raw/zurich_mav_sample/MAV_Images/00329.jpg,17884802,17918135,0.0,0.0,0.0,0.0,2000,2000,2000,1343,True,1275,0.9493670886075949,20.09530900967982,18.0,ok,,good
328,329,330,data/raw/zurich_mav_sample/MAV_Images/00329.jpg,data/raw/zurich_mav_sample/MAV_Images/00330.jpg,17918135,17951468,0.0,0.0,0.0,0.0,2000,2000,2000,1386,True,1343,0.9689754689754689,19.37012987012987,17.0,ok,,good
329,330,331,data/raw/zurich_mav_sample/MAV_Images/00330.jpg,data/raw/zurich_mav_sample/MAV_Images/00331.jpg,17951468,17985701,-0.14392844011308625,-0.08806909900158649,0.07699999999999818,0.1687351832675613,2000,2000,2000,1379,True,1313,0.9521392313270486,20.530094271211023,19.0,ok,,good
330,331,332,data/raw/zurich_mav_sample/MAV_Images/00331.jpg,data/raw/zurich_mav_sample/MAV_Images/00332.jpg,17985701,18019034,0.0,0.0,0.0,0.0,2000,2000,2000,1415,True,1163,0.8219081272084806,18.801413427561837,17.0,ok,,good
331,332,333,data/raw/zurich_mav_sample/MAV_Images/00332.jpg,data/raw/zurich_mav_sample/MAV_Images/00333.jpg,18019034,18052367,0.0,0.0,0.0,0.0,2000,2000,2000,1407,True,1363,0.968727789623312,18.326226012793178,17.0,ok,,good
332,333,334,data/raw/zurich_mav_sample/MAV_Images/00333.jpg,data/raw/zurich_mav_sample/MAV_Images/00334.jpg,18052367,18085700,0.0,0.0,0.0,0.0,2000,2000,2000,1421,True,1334,0.9387755102040817,19.010555946516536,17.0,ok,,good
333,334,335,data/raw/zurich_mav_sample/MAV_Images/00334.jpg,data/raw/zurich_mav_sample/MAV_Images/00335.jpg,18085700,18119033,0.0,0.0,0.0,0.0,2000,2000,2000,1299,True,1236,0.9515011547344111,21.5635103926097,20.0,ok,,good
334,335,336,data/raw/zurich_mav_sample/MAV_Images/00335.jpg,data/raw/zurich_mav_sample/MAV_Images/00336.jpg,18119033,18152366,0.0,0.0,0.0,0.0,2000,2000,2000,1348,True,1284,0.9525222551928784,20.57492581602374,19.0,ok,,good
335,336,337,data/raw/zurich_mav_sample/MAV_Images/00336.jpg,data/raw/zurich_mav_sample/MAV_Images/00337.jpg,18152366,18192591,-0.07593291020020843,-0.07735257688909769,-0.015000000000043201,0.1083938559276156,2000,2000,2000,1330,True,1166,0.8766917293233083,21.021804511278194,19.0,ok,,good
336,337,338,data/raw/zurich_mav_sample/MAV_Images/00337.jpg,data/raw/zurich_mav_sample/MAV_Images/00338.jpg,18192591,18225924,0.0,0.0,0.0,0.0,2000,2000,2000,1557,True,1523,0.9781631342324983,13.638407193320488,10.0,ok,,good
337,338,339,data/raw/zurich_mav_sample/MAV_Images/00338.jpg,data/raw/zurich_mav_sample/MAV_Images/00339.jpg,18225924,18259257,0.0,0.0,0.0,0.0,2000,2000,2000,1389,True,1334,0.9604031677465803,18.670266378689703,16.0,ok,,good
338,339,340,data/raw/zurich_mav_sample/MAV_Images/00339.jpg,data/raw/zurich_mav_sample/MAV_Images/00340.jpg,18259257,18292590,0.0,0.0,0.0,0.0,2000,2000,2000,1348,True,1293,0.9591988130563798,20.16913946587537,18.0,ok,,good
339,340,341,data/raw/zurich_mav_sample/MAV_Images/00340.jpg,data/raw/zurich_mav_sample/MAV_Images/00341.jpg,18292590,18325923,0.0,0.0,0.0,0.0,2000,2000,2000,1399,True,1134,0.810578984989278,18.719799857040744,17.0,ok,,good
340,341,342,data/raw/zurich_mav_sample/MAV_Images/00341.jpg,data/raw/zurich_mav_sample/MAV_Images/00342.jpg,18325923,18359256,0.0,0.0,0.0,0.0,2000,2000,2000,1392,True,1318,0.9468390804597702,19.500718390804597,17.0,ok,,good
341,342,343,data/raw/zurich_mav_sample/MAV_Images/00342.jpg,data/raw/zurich_mav_sample/MAV_Images/00343.jpg,18359256,18384222,-0.09851152799092233,-0.06610693875700231,-0.01499999999998658,0.11863662376740298,2000,2000,2000,1412,True,1121,0.7939093484419264,18.24929178470255,16.0,ok,,good
342,343,344,data/raw/zurich_mav_sample/MAV_Images/00343.jpg,data/raw/zurich_mav_sample/MAV_Images/00344.jpg,18384222,18417555,0.0,0.0,0.0,0.0,2000,2000,2000,1451,True,1412,0.9731219848380427,17.078566505858028,15.0,ok,,good
343,344,345,data/raw/zurich_mav_sample/MAV_Images/00344.jpg,data/raw/zurich_mav_sample/MAV_Images/00345.jpg,18417555,18450888,0.0,0.0,0.0,0.0,2000,2000,2000,1431,True,1400,0.9783368273934312,17.04122990915444,15.0,ok,,good
344,345,346,data/raw/zurich_mav_sample/MAV_Images/00345.jpg,data/raw/zurich_mav_sample/MAV_Images/00346.jpg,18450888,18484221,0.0,0.0,0.0,0.0,2000,2000,2000,1376,True,1276,0.9273255813953488,20.072674418604652,18.0,ok,,good
345,346,347,data/raw/zurich_mav_sample/MAV_Images/00346.jpg,data/raw/zurich_mav_sample/MAV_Images/00347.jpg,18484221,18517554,0.0,0.0,0.0,0.0,2000,2000,2000,1394,True,1290,0.9253945480631277,18.75538020086083,17.0,ok,,good
346,347,348,data/raw/zurich_mav_sample/MAV_Images/00347.jpg,data/raw/zurich_mav_sample/MAV_Images/00348.jpg,18517554,18550887,0.0,0.0,0.0,0.0,2000,2000,2000,1449,True,1415,0.9765355417529331,16.944099378881987,15.0,ok,,good
347,348,349,data/raw/zurich_mav_sample/MAV_Images/00348.jpg,data/raw/zurich_mav_sample/MAV_Images/00349.jpg,18550887,18588175,0.10599445179104805,0.05494948849081989,-0.13999999999998614,0.11939124798697581,2000,2000,2000,1618,True,1607,0.9932014833127317,11.283065512978986,7.0,ok,,good
348,349,350,data/raw/zurich_mav_sample/MAV_Images/00349.jpg,data/raw/zurich_mav_sample/MAV_Images/00350.jpg,18588175,18621508,0.0,0.0,0.0,0.0,2000,2000,2000,1405,True,1326,0.9437722419928826,18.205693950177935,16.0,ok,,good
